1.0986122886
1.6094379124
1.9459101490
2.1972245773
2.3978952727
2.5649493574
2.7080502011
2.8332133440
2.9444389791
3.0445224377
3.1354942159
3.2188758248
3.2958368660
3.3672958299
3.4339872044
3.4965075614
3.5553480614
3.6109179126
3.6635616461
3.7135720667
3.7612001156
3.8066624897
3.8501476017
3.8918202981
3.9318256327
3.9702919135
4.0073331852
4.0430512678
4.0775374439
4.1108738641
4.1431347263
4.1743872698
4.2046926193
4.2341065045
4.2626798770
4.2904594411
4.3174881135
4.3438054218
4.3694478524
4.3944491546
4.4188406077
4.4426512564
4.4659081186
4.4886363697
4.5108595065
4.5325994931
4.5538768915
4.5747109785
4.5951198501
4.6151205168
4.6347289882
4.6539603501
4.6728288344
4.6913478822
4.7095302013
4.7273878187
4.7449321283
4.7621739347
4.7791234931
4.7957905455
4.8121843553
4.8283137373
4.8441870864
4.8598124043
4.8751973231
4.8903491282
4.9052747784
4.9199809258
4.9344739331
4.9487598903
4.9628446302
4.9767337424
4.9904325867
5.0039463059
5.0172798368
5.0304379213
5.0434251169
5.0562458053
5.0689042022
5.0814043649
5.0937502008
5.1059454738
5.1179938124
5.1298987149
5.1416635565
5.1532915944
5.1647859739
5.1761497325
5.1873858058
5.1984970312
5.2094861528
5.2203558250
5.2311086168
5.2417470150
5.2522734280
5.2626901889
5.2729995585
5.2832037287
5.2933048247

2.1972245773
3.2188758248
3.8918202981
4.3944491546
4.7957905455
5.1298987149
5.4161004022
5.6664266881
5.8888779583
6.0890448754
6.2709884318
6.4377516497
6.5916737320
6.7345916599
6.8679744089
6.9930151229
7.1106961229
7.2218358252
7.3271232922
7.4271441334
7.5224002313
7.6133249795
7.7002952034
7.7836405962
7.8636512654
7.9405838271
8.0146663704
8.0861025356
8.1550748878
8.2217477283
8.2862694527
8.3487745397
8.4093852387
8.4682130091
8.5253597540
8.5809188822
8.6349762270
8.6876108437
8.7388957049
8.7888983093
8.8376812155
8.8853025129
8.9318162373
8.9772727394
9.0217190130
9.0651989863
9.1077537831
9.1494219570
9.1902397002
9.2302410336
9.2694579764
9.3079207003
9.3456576689
9.3826957644
9.4190604026
9.4547756374
9.4898642567
9.5243478695
9.5582469862
9.5915810911
9.6243687107
9.6566274746
9.6883741729
9.7196248087
9.7503946463
9.7806982564
9.8105495568
9.8399618516
9.8689478662
9.8975197807
9.9256892605
9.9534674848
9.9808651735
10.0078926118
10.0345596736
10.0608758427
10.0868502338
10.1124916106
10.1378084044
10.1628087299
10.1875004016
10.2118909477
10.2359876248
10.2597974298
10.2833271130
10.3065831889
10.3295719478
10.3522994651
10.3747716116
10.3969940625
10.4189723056
10.4407116501
10.4622172337
10.4834940301
10.5045468560
10.5253803778
10.5459991171
10.5664074574
10.5866096494

3.2958368660
4.8283137373
5.8377304471
6.5916737320
7.1936858183
7.6948480723
8.1241506033
8.4996400321
8.8333169374
9.1335673131
9.4064826477
9.6566274746
9.8875105980
10.1018874899
10.3019616134
10.4895226843
10.6660441844
10.8327537379
10.9906849383
11.1407162001
11.2836003470
11.4199874693
11.5504428051
11.6754608943
11.7954768981
11.9108757406
12.0219995556
12.1291538035
12.2326123317
12.3326215925
12.4294041791
12.5231618096
12.6140778581
12.7023195137
12.7880396311
12.8713783234
12.9524643406
13.0314162655
13.1083435573
13.1833474640
13.2565218233
13.3279537694
13.3977243559
13.4659091091
13.5325785195
13.5977984794
13.6616306747
13.7241329355
13.7853595504
13.8453615505
13.9041869646
13.9618810504
14.0184865033
14.0740436466
14.1285906039
14.1821634561
14.2347963850
14.2865218043
14.3373704793
14.3873716367
14.4365530661
14.4849412119
14.5325612593
14.5794372130
14.6255919696
14.6710473846
14.7158243353
14.7599427774
14.8034217993
14.8462796711
14.8885338907
14.9302012272
14.9712977603
15.0118389178
15.0518395104
15.0913137641
15.1302753507
15.1687374160
15.2067126066
15.2442130949
15.2812506024
15.3178364216
15.3539814372
15.3896961447
15.4249906695
15.4598747834
15.4943579217
15.5284491977
15.5621574175
15.5954910937
15.6284584585
15.6610674752
15.6933258505
15.7252410451
15.7568202841
15.7880705667
15.8189986756
15.8496111862
15.8799144741

4.3944491546
6.4377516497
7.7836405962
8.7888983093
9.5915810911
10.2597974298
10.8322008044
11.3328533762
11.7777559166
12.1780897508
12.5419768637
12.8755032994
13.1833474640
13.4691833199
13.7359488179
13.9860302458
14.2213922459
14.4436716505
14.6542465845
14.8542882668
15.0448004627
15.2266499590
15.4005904068
15.5672811924
15.7273025308
15.8811676542
16.0293327409
16.1722050713
16.3101497756
16.4434954566
16.5725389055
16.6975490795
16.8187704775
16.9364260183
17.0507195081
17.1618377645
17.2699524541
17.3752216874
17.4777914098
17.5777966186
17.6753624311
17.7706050259
17.8636324746
17.9545454789
18.0434380260
18.1303979726
18.2155075663
18.2988439140
18.3804794005
18.4604820673
18.5389159529
18.6158414006
18.6913153378
18.7653915289
18.8381208052
18.9095512748
18.9797285134
19.0486957391
19.1164939724
19.1831621823
19.2487374214
19.3132549492
19.3767483458
19.4392496174
19.5007892927
19.5613965128
19.6210991137
19.6799237033
19.7378957325
19.7950395615
19.8513785210
19.9069349696
19.9617303471
20.0157852237
20.0691193472
20.1217516855
20.1737004676
20.2249832213
20.2756168088
20.3256174599
20.3750008032
20.4237818955
20.4719752496
20.5195948596
20.5666542260
20.6131663779
20.6591438956
20.7045989302
20.7495432233
20.7939881250
20.8379446113
20.8814233003
20.9244344674
20.9669880602
21.0090937121
21.0507607556
21.0919982342
21.1328149149
21.1732192988

5.4930614433
8.0471895621
9.7295507452
10.9861228866
11.9894763639
12.8247467873
13.5402510055
14.1660667202
14.7221948958
15.2226121886
15.6774710796
16.0943791243
16.4791843300
16.8364791499
17.1699360224
17.4825378073
17.7767403074
18.0545895632
18.3178082306
18.5678603335
18.8060005784
19.0333124488
19.2507380085
19.4591014905
19.6591281636
19.8514595677
20.0366659261
20.2152563391
20.3876872195
20.5543693208
20.7156736319
20.8719363494
21.0234630969
21.1705325229
21.3133993852
21.4522972057
21.5874405676
21.7190271092
21.8472392623
21.9722457733
22.0942030389
22.2132562824
22.3295405932
22.4431818486
22.5542975325
22.6629974657
22.7693844579
22.8735548925
22.9755992506
23.0756025842
23.1736449411
23.2698017507
23.3641441723
23.4567394111
23.5476510065
23.6369390935
23.7246606418
23.8108696739
23.8956174655
23.9789527279
24.0609217768
24.1415686865
24.2209354322
24.2990620218
24.3759866160
24.4517456411
24.5263738921
24.5999046291
24.6723696656
24.7437994518
24.8142231512
24.8836687120
24.9521629338
25.0197315297
25.0863991840
25.1521896069
25.2171255845
25.2812290267
25.3445210110
25.4070218249
25.4687510040
25.5297273694
25.5899690620
25.6494935746
25.7083177825
25.7664579724
25.8239298696
25.8807486628
25.9369290291
25.9924851563
26.0474307642
26.1017791253
26.1555430842
26.2087350752
26.2613671402
26.3134509445
26.3649977928
26.4160186436
26.4665241236

6.5916737320
9.6566274746
11.6754608943
13.1833474640
14.3873716367
15.3896961447
16.2483012066
16.9992800643
17.6666338749
18.2671346263
18.8129652955
19.3132549492
19.7750211960
20.2037749799
20.6039232269
20.9790453687
21.3320883689
21.6655074758
21.9813698767
22.2814324002
22.5672006941
22.8399749386
23.1008856102
23.3509217886
23.5909537963
23.8217514813
24.0439991113
24.2583076070
24.4652246634
24.6652431850
24.8588083583
25.0463236193
25.2281557163
25.4046390275
25.5760792622
25.7427566468
25.9049286812
26.0628325311
26.2166871147
26.3666949280
26.5130436467
26.6559075389
26.7954487119
26.9318182183
27.0651570390
27.1955969589
27.3232613495
27.4482658710
27.5707191008
27.6907231010
27.8083739293
27.9237621009
28.0369730067
28.1480872933
28.2571812078
28.3643269122
28.4695927701
28.5730436087
28.6747409586
28.7747432735
28.8731061322
28.9698824238
29.0651225187
29.1588744261
29.2511839392
29.3420947693
29.4316486706
29.5198855549
29.6068435987
29.6925593422
29.7770677815
29.8604024545
29.9425955206
30.0236778356
30.1036790208
30.1826275283
30.2605507015
30.3374748320
30.4134252133
30.4884261898
30.5625012048
30.6356728433
30.7079628744
30.7793922895
30.8499813390
30.9197495669
30.9887158435
31.0568983954
31.1243148350
31.1909821875
31.2569169170
31.3221349504
31.3866517011
31.4504820903
31.5136405682
31.5761411334
31.6379973513
31.6992223724
31.7598289483

7.6902860206
11.2660653870
13.6213710433
15.3805720413
16.7852669095
17.9546455022
18.9563514077
19.8324934083
20.6110728541
21.3116570640
21.9484595114
22.5321307740
23.0708580620
23.5710708098
24.0379104313
24.4755529302
24.8874364304
25.2764253885
25.6449315229
25.9950044669
26.3284008098
26.6466374283
26.9510332119
27.2427420867
27.5227794290
27.7920433948
28.0513322966
28.3013588748
28.5427621073
28.7761170492
29.0019430847
29.2207108892
29.4328483357
29.6387455321
29.8387591392
30.0332160880
30.2224167947
30.4066379529
30.5861349672
30.7611440827
30.9318842545
31.0985587954
31.2613568305
31.4204545881
31.5760165456
31.7281964520
31.8771382411
32.0229768495
32.1658389509
32.3058436178
32.4431029175
32.5777224510
32.7098018412
32.8394351755
32.9667114091
33.0917147309
33.2145248985
33.3352175435
33.4538644517
33.5705338191
33.6852904875
33.7981961611
33.9093096052
34.0186868305
34.1263812624
34.2324438975
34.3369234490
34.4398664807
34.5413175319
34.6413192326
34.7399124118
34.8371361969
34.9330281074
35.0276241416
35.1209588576
35.2130654497
35.3039758184
35.3937206374
35.4823294155
35.5698305548
35.6562514056
35.7416183172
35.8259566869
35.9092910044
35.9916448955
36.0730411614
36.1535018174
36.2330481280
36.3117006408
36.3894792188
36.4664030698
36.5424907755
36.6177603179
36.6922291054
36.7659139963
36.8388313223
36.9109969099
36.9824261011
37.0531337730

8.7888983093
12.8755032994
15.5672811924
17.5777966186
19.1831621823
20.5195948596
21.6644016088
22.6657067524
23.5555118333
24.3561795017
25.0839537274
25.7510065989
26.3666949280
26.9383666398
27.4718976358
27.9720604917
28.4427844919
28.8873433011
29.3084931690
29.7085765336
30.0896009255
30.4532999181
30.8011808136
31.1345623848
31.4546050617
31.7623353084
32.0586654818
32.3444101426
32.6202995512
32.8869909133
33.1450778111
33.3950981591
33.6375409551
33.8728520367
34.1014390163
34.3236755291
34.5399049082
34.7504433748
34.9555828197
35.1555932373
35.3507248623
35.5412100519
35.7272649492
35.9090909578
36.0868760521
36.2607959452
36.4310151327
36.5976878280
36.7609588010
36.9209641347
37.0778319058
37.2316828012
37.3826306756
37.5307830578
37.6762416104
37.8191025496
37.9594570268
38.0973914783
38.2329879448
38.3663243647
38.4974748429
38.6265098984
38.7534966916
38.8784992348
39.0015785855
39.1227930257
39.2421982274
39.3598474066
39.4757914650
39.5900791230
39.7027570420
39.8138699393
39.9234606942
40.0315704475
40.1382386945
40.2435033711
40.3474009353
40.4499664427
40.5512336177
40.6512349198
40.7500016064
40.8475637911
40.9439504993
41.0391897193
41.1333084520
41.2263327559
41.3182877913
41.4091978605
41.4990864467
41.5879762501
41.6758892227
41.7628466006
41.8488689348
41.9339761204
42.0181874243
42.1015215112
42.1839964684
42.2656298298
42.3464385977

9.8875105980
14.4849412119
17.5131913414
19.7750211960
21.5810574551
23.0845442171
24.3724518099
25.4989200964
26.4999508124
27.4007019395
28.2194479433
28.9698824238
29.6625317940
30.3056624698
30.9058848403
31.4685680531
31.9981325533
32.4982612137
32.9720548151
33.4221486003
33.8508010412
34.2599624079
34.6513284153
35.0263826829
35.3864306945
35.7326272219
36.0659986670
36.3874614105
36.6978369951
36.9978647775
37.2882125375
37.5694854290
37.8422335745
38.1069585413
38.3641188933
38.6141349703
38.8573930218
39.0942487966
39.3250306721
39.5500423920
39.7695654701
39.9838613084
40.1931730678
40.3977273275
40.5977355586
40.7933954383
40.9848920243
41.1723988065
41.3560786511
41.5360846515
41.7125608940
41.8856431514
42.0554595101
42.2221309400
42.3857718118
42.5464903684
42.7043891552
42.8595654131
43.0121114379
43.1621149103
43.3096591983
43.4548236357
43.5976837781
43.7383116392
43.8767759088
44.0131421539
44.1474730059
44.2798283324
44.4102653981
44.5388390133
44.6656016723
44.7906036817
44.9138932809
45.0355167534
45.1555185313
45.2739412925
45.3908260522
45.5062122481
45.6201378199
45.7326392848
45.8437518072
45.9535092650
46.0619443117
46.1690884342
46.2749720085
46.3796243504
46.4830737652
46.5853475931
46.6864722525
46.7864732813
46.8853753755
46.9832024256
47.0799775516
47.1757231355
47.2704608524
47.3642117001
47.4569960270
47.5488335586
47.6397434225

10.9861228866
16.0943791243
19.4591014905
21.9722457733
23.9789527279
25.6494935746
27.0805020110
28.3321334405
29.4443897916
30.4452243772
31.3549421592
32.1887582486
32.9583686600
33.6729582998
34.3398720448
34.9650756146
35.5534806148
36.1091791264
36.6356164612
37.1357206670
37.6120011569
38.0666248976
38.5014760170
38.9182029810
39.3182563272
39.7029191355
40.0733318523
40.4305126783
40.7753744390
41.1087386417
41.4313472639
41.7438726989
42.0469261939
42.3410650459
42.6267987704
42.9045944114
43.1748811353
43.4380542185
43.6944785246
43.9444915467
44.1884060779
44.4265125648
44.6590811865
44.8863636973
45.1085950651
45.3259949315
45.5387689159
45.7471097850
45.9511985013
46.1512051684
46.3472898822
46.5396035015
46.7282883446
46.9134788222
47.0953020131
47.2738781871
47.4493212836
47.6217393479
47.7912349311
47.9579054559
48.1218435537
48.2831373730
48.4418708645
48.5981240436
48.7519732320
48.9034912822
49.0527477843
49.1998092582
49.3447393312
49.4875989037
49.6284463025
49.7673374241
49.9043258677
50.0394630594
50.1727983681
50.3043792139
50.4342511691
50.5624580534
50.6890420221
50.8140436498
50.9375020080
51.0594547389
51.1799381241
51.2989871492
51.4166355650
51.5329159449
51.6478597392
51.7614973257
51.8738580583
51.9849703126
52.0948615284
52.2035582507
52.3110861685
52.4174701505
52.5227342804
52.6269018890
52.7299955856
52.8320372873
52.9330482472

12.0847351753
17.7038170367
21.4050116396
24.1694703506
26.3768480007
28.2144429320
29.7885522121
31.1653467846
32.3888287708
33.4897468149
34.4904363752
35.4076340735
36.2542055260
37.0402541298
37.7738592493
38.4615831761
39.1088286763
39.7200970390
40.2991781074
40.8492927337
41.3732012726
41.8732873874
42.3516236188
42.8100232792
43.2500819599
43.6732110490
44.0806650375
44.4735639461
44.8529118829
45.2196125058
45.5744819902
45.9182599688
46.2516188132
46.5751715505
46.8894786474
47.1950538526
47.4923692488
47.7818596403
48.0639263771
48.3389407013
48.6072466857
48.8691638213
49.1249893051
49.3750000670
49.6194545716
49.8585944246
50.0926458075
50.3218207635
50.5463183514
50.7663256852
50.9820188705
51.1935638517
51.4011171790
51.6048267045
51.8048322144
52.0012660058
52.1942534119
52.3839132827
52.5703584242
52.7536960015
52.9340279090
53.1114511103
53.2860579510
53.4579364479
53.6271705552
53.7938404104
53.9580225628
54.1197901840
54.2792132644
54.4363587941
54.5912909328
54.7440711666
54.8947584545
55.0434093653
55.1900782049
55.3348171353
55.4776762860
55.6187038588
55.7579462244
55.8954480148
56.0312522088
56.1654002128
56.2979319365
56.4288858641
56.5582991215
56.6862075394
56.8126457131
56.9376470582
57.0612438642
57.1834673439
57.3043476812
57.4239140758
57.5421947853
57.6592171656
57.7750077084
57.8895920779
58.0029951441
58.1152410161
58.2263530719

13.1833474640
19.3132549492
23.3509217886
26.3666949280
28.7747432735
30.7793922895
32.4966024132
33.9985601286
35.3332677499
36.5342692526
37.6259305911
38.6265098984
39.5500423920
40.4075499598
41.2078464538
41.9580907375
42.6641767378
43.3310149517
43.9627397535
44.5628648004
45.1344013883
45.6799498772
46.2017712205
46.7018435773
47.1819075926
47.6435029626
48.0879982227
48.5166152140
48.9304493268
49.3304863700
49.7176167166
50.0926472387
50.4563114326
50.8092780551
51.1521585244
51.4855132937
51.8098573624
52.1256650622
52.4333742295
52.7333898560
53.0260872935
53.3118150778
53.5908974238
53.8636364367
54.1303140781
54.3911939178
54.6465226991
54.8965317420
55.1414382016
55.3814462020
55.6167478587
55.8475242018
56.0739460135
56.2961745867
56.5143624157
56.7286538245
56.9391855403
57.1460872175
57.3494819173
57.5494865471
57.7462122644
57.9397648476
58.1302450374
58.3177488523
58.5023678784
58.6841895386
58.8632973412
59.0397711099
59.2136871975
59.3851186845
59.5541355631
59.7208049090
59.8851910413
60.0473556713
60.2073580417
60.3652550566
60.5211014030
60.6749496641
60.8268504266
60.9768523797
61.1250024096
61.2713456867
61.4159257489
61.5587845790
61.6999626780
61.8394991339
61.9774316870
62.1137967908
62.2486296700
62.3819643751
62.5138338340
62.6442699009
62.7733034022
62.9009641807
63.0272811365
63.1522822668
63.2759947027
63.3984447448
63.5196578966

14.2819597526
20.9226928616
25.2968319377
28.5639195053
31.1726385463
33.3443416469
35.2046526143
36.8317734727
38.2777067291
39.5787916903
40.7614248070
41.8453857232
42.8458792580
43.7748457898
44.6418336582
45.4545982990
46.2195247993
46.9419328643
47.6263013996
48.2764368671
48.8956015040
49.4866123669
50.0519188222
50.5936638754
51.1137332254
51.6137948761
52.0953314080
52.5596664818
53.0079867707
53.4413602342
53.8607514430
54.2670345086
54.6610040520
55.0433845597
55.4148384015
55.7759727349
56.1273454759
56.4694704840
56.8028220820
57.1278390107
57.4449279013
57.7544663343
58.0568055424
58.3522728065
58.6411735847
58.9237934109
59.2003995907
59.4712427205
59.7365580517
59.9965667189
60.2514768469
60.5014845520
60.7467748479
60.9875224689
61.2238926170
61.4560416432
61.6841176687
61.9082611523
62.1286054104
62.3452770927
62.5583966198
62.7680785849
62.9744321239
63.1775612566
63.3775652015
63.5745386668
63.7685721196
63.9597520357
64.1481611306
64.3338785749
64.5169801933
64.6975386514
64.8756236281
65.0513019772
65.2246378785
65.3956929780
65.5645265199
65.7311954695
65.8957546288
66.0582567447
66.2187526104
66.3772911606
66.5339195614
66.6886832939
66.8416262345
66.9927907284
67.1422176609
67.2899465234
67.4360154759
67.5804614064
67.7233199869
67.8646257260
68.0044120190
68.1427111957
68.2795545645
68.4149724557
68.5489942613
68.6816484735
68.8129627214

15.3805720413
22.5321307740
27.2427420867
30.7611440827
33.5705338191
35.9092910044
37.9127028154
39.6649868167
41.2221457083
42.6233141281
43.8969190229
45.0642615481
46.1417161240
47.1421416197
48.0758208627
48.9511058605
49.7748728608
50.5528507770
51.2898630458
51.9900089338
52.6568016196
53.2932748567
53.9020664239
54.4854841735
55.0455588581
55.5840867897
56.1026645932
56.6027177496
57.0855242146
57.5522340984
58.0038861694
58.4414217785
58.8656966714
59.2774910643
59.6775182785
60.0664321760
60.4448335894
60.8132759059
61.1722699345
61.5222881654
61.8637685091
62.1971175908
62.5227136611
62.8409091762
63.1520330912
63.4563929041
63.7542764823
64.0459536990
64.3316779018
64.6116872357
64.8862058351
65.1554449021
65.4196036824
65.6788703511
65.9334228183
66.1834294619
66.4290497970
66.6704350871
66.9077289035
67.1410676383
67.3705809751
67.5963923222
67.8186192104
68.0373736610
68.2527625248
68.4648877950
68.6738468981
68.8797329615
69.0826350638
69.2826384652
69.4798248236
69.6742723938
69.8660562148
70.0552482832
70.2419177153
70.4261308994
70.6079516368
70.7874412748
70.9646588310
71.1396611097
71.3125028112
71.4832366345
71.6519133738
71.8185820089
71.9832897910
72.1460823229
72.3070036349
72.4660962560
72.6234012817
72.7789584377
72.9328061397
73.0849815510
73.2355206359
73.3844582108
73.5318279926
73.6776626446
73.8219938198
73.9648522023
74.1062675461

16.4791843300
24.1415686865
29.1886522358
32.9583686600
35.9684290919
38.4742403619
40.6207530165
42.4982001608
44.1665846874
45.6678365658
47.0324132389
48.2831373730
49.4375529900
50.5094374497
51.5098080672
52.4476134219
53.3302209223
54.1637686896
54.9534246919
55.7035810005
56.4180017353
57.0999373465
57.7522140256
58.3773044716
58.9773844908
59.5543787032
60.1099977784
60.6457690175
61.1630616585
61.6631079625
62.1470208958
62.6158090484
63.0703892908
63.5115975689
63.9401981556
64.3568916172
64.7623217030
65.1570813277
65.5417177869
65.9167373200
66.2826091169
66.6397688473
66.9886217798
67.3295455459
67.6628925977
67.9889923972
68.3081533739
68.6206646775
68.9267977520
69.2268077526
69.5209348234
69.8094052523
70.0924325169
70.3702182334
70.6429530196
70.9108172806
71.1739819254
71.4326090219
71.6868523966
71.9368581839
72.1827653305
72.4247060595
72.6628062968
72.8971860654
73.1279598480
73.3552369233
73.5791216765
73.7997138874
74.0171089969
74.2313983556
74.4426694538
74.6510061362
74.8564888016
75.0591945891
75.2591975522
75.4565688208
75.6513767537
75.8436870802
76.0335630332
76.2210654747
76.4062530120
76.5891821084
76.7699071862
76.9484807238
77.1249533475
77.2993739174
77.4717896088
77.6422459885
77.8107870875
77.9774554689
78.1422922926
78.3053373761
78.4666292528
78.6262052258
78.7841014206
78.9403528335
79.0949933784
79.2480559310
79.3995723708

17.5777966186
25.7510065989
31.1345623848
35.1555932373
38.3663243647
41.0391897193
43.3288032176
45.3314135048
47.1110236666
48.7123590035
50.1679074548
51.5020131978
52.7333898560
53.8767332797
54.9437952717
55.9441209834
56.8855689838
57.7746866022
58.6169863380
59.4171530672
60.1792018510
60.9065998363
61.6023616273
62.2691247697
62.9092101235
63.5246706168
64.1173309637
64.6888202853
65.2405991024
65.7739818267
66.2901556222
66.7901963183
67.2750819102
67.7457040735
68.2028780326
68.6473510583
69.0798098165
69.5008867496
69.9111656394
70.3111864747
70.7014497247
71.0824201038
71.4545298984
71.8181819156
72.1737521042
72.5215918904
72.8620302655
73.1953756560
73.5219176021
73.8419282694
74.1556638116
74.4633656025
74.7652613513
75.0615661156
75.3524832209
75.6382050993
75.9189140537
76.1947829567
76.4659758897
76.7326487295
76.9949496859
77.2530197968
77.5069933833
77.7569984697
78.0031571711
78.2455860515
78.4843964549
78.7196948132
78.9515829300
79.1801582460
79.4055140841
79.6277398787
79.8469213884
80.0631408951
80.2764773890
80.4870067422
80.6948018706
80.8999328855
81.1024672355
81.3024698397
81.5000032128
81.6951275823
81.8879009986
82.0783794387
82.2666169040
82.4526655119
82.6365755827
82.8183957211
82.9981728934
83.1759525002
83.3517784454
83.5256932012
83.6977378696
83.8679522409
84.0363748487
84.2030430224
84.3679929369
84.5312596597
84.6928771955

18.6764089073
27.3604445113
33.0804725339
37.3528178147
40.7642196375
43.6041390768
46.0368534187
48.1646268489
50.0554626458
51.7568814412
53.3034016707
54.7208890227
56.0292267220
57.2440291097
58.3777824762
59.4406285449
60.4409170453
61.3856045149
62.2805479841
63.1307251339
63.9404019667
64.7132623260
65.4525092290
66.1609450678
66.8410357562
67.4949625303
68.1246641489
68.7318715531
69.3181365463
69.8848556909
70.4332903486
70.9645835882
71.4797745296
71.9798105781
72.4655579096
72.9378104995
73.3972979301
73.8446921714
74.2806134919
74.7056356294
75.1202903325
75.5250713603
75.9204380171
76.3068182854
76.6846116107
77.0541913835
77.4159071571
77.7700866345
78.1170374522
78.4570487862
78.7903927998
79.1173259526
79.4380901858
79.7529139978
80.0620134222
80.3655929180
80.6638461821
80.9569568915
81.2450993828
81.5284392751
81.8071340413
82.0813335341
82.3511804697
82.6168108741
82.8783544943
83.1359351797
83.3896712334
83.6396757390
83.8860568632
84.1289181364
84.3683587143
84.6044736211
84.8373539752
85.0670872010
85.2937572258
85.5174446636
85.7382269876
85.9561786909
86.1713714377
86.3838742047
86.5937534136
86.8010730562
87.0058948110
87.2082781536
87.4082804605
87.6059571064
87.8013615566
87.9945454537
88.1855586992
88.3744495314
88.5612645982
88.7460490262
88.9288464865
89.1096992559
89.2886482767
89.4657332113
89.6409924955
89.8144633885
89.9861820202

19.7750211960
28.9698824238
35.0263826829
39.5500423920
43.1621149103
46.1690884342
48.7449036198
50.9978401929
52.9999016249
54.8014038790
56.4388958867
57.9397648476
59.3250635880
60.6113249397
61.8117696807
62.9371361063
63.9962651067
64.9965224275
65.9441096303
66.8442972006
67.7016020824
68.5199248158
69.3026568307
70.0527653659
70.7728613890
71.4652544439
72.1319973341
72.7749228210
73.3956739902
73.9957295551
74.5764250750
75.1389708581
75.6844671490
76.2139170827
76.7282377867
77.2282699406
77.7147860436
78.1884975933
78.6500613443
79.1000847840
79.5391309403
79.9677226168
80.3863461357
80.7954546551
81.1954711172
81.5867908767
81.9697840487
82.3447976130
82.7121573023
83.0721693031
83.4251217881
83.7712863028
84.1109190202
84.4442618801
84.7715436236
85.0929807368
85.4087783105
85.7191308263
86.0242228759
86.3242298207
86.6193183966
86.9096472714
87.1953675562
87.4766232784
87.7535518176
88.0262843079
88.2949460118
88.5596566648
88.8205307963
89.0776780267
89.3312033446
89.5812073635
89.8277865619
90.0710335069
90.3110370626
90.5478825850
90.7816521045
91.0124244962
91.2402756399
91.4652785696
91.6875036144
91.9070185301
92.1238886234
92.3381768685
92.5499440170
92.7592487009
92.9661475305
93.1706951862
93.3729445051
93.5729465627
93.7707507511
93.9664048513
94.1599551033
94.3514462710
94.5409217048
94.7284234002
94.9139920541
95.0976671172
95.2794868450

20.8736334846
30.5793203362
36.9722928320
41.7472669693
45.5600101831
48.7340377917
51.4529538209
53.8310535370
55.9443406041
57.8459263167
59.5743901026
61.1586406724
62.6209004540
63.9786207697
65.2457568852
66.4336436678
67.5516131682
68.6074403402
69.6076712764
70.5578692673
71.4628021981
72.3265873056
73.1528044324
73.9445856640
74.7046870217
75.4355463574
76.1393305193
76.8179740888
77.4732114341
78.1066034192
78.7195598014
79.3133581280
79.8891597684
80.4480235873
80.9909176637
81.5187293818
82.0322741571
82.5323030151
83.0195091968
83.4945339387
83.9579715481
84.4103738732
84.8522542544
85.2840910248
85.7063306238
86.1193903698
86.5236609403
86.9195085915
87.3072771525
87.6872898199
88.0598507763
88.4252466529
88.7837478547
89.1356097623
89.4810738249
89.8203685555
90.1537104388
90.4813047611
90.8033463690
91.1200203663
91.4315027520
91.7379610087
92.0395546426
92.3364356828
92.6287491408
92.9166334361
93.2002207903
93.4796375907
93.7550047294
94.0264379171
94.2940479749
94.5579411059
94.8182191487
95.0749798129
95.3283168994
95.5783205064
95.8250772214
96.0686703015
96.3091798421
96.5466829346
96.7812538153
97.0129640040
97.2418824358
97.4680755835
97.6916075735
97.9125402954
98.1309335045
98.3468449188
98.5603303109
98.7714435940
98.9802369039
99.1867606764
99.3910637202
99.5931932861
99.7931951328
99.9911135891
100.1869916126
100.3808708459
100.5727916697

21.9722457733
32.1887582486
38.9182029810
43.9444915467
47.9579054559
51.2989871492
54.1610040220
56.6642668811
58.8887795833
60.8904487544
62.7098843185
64.3775164973
65.9167373200
67.3459165997
68.6797440896
69.9301512293
71.1069612297
72.2183582528
73.2712329225
74.2714413340
75.2240023138
76.1332497953
77.0029520341
77.8364059621
78.6365126544
79.4058382710
80.1466637046
80.8610253566
81.5507488780
82.2174772834
82.8626945278
83.4877453978
84.0938523878
84.6821300919
85.2535975408
85.8091888229
86.3497622707
86.8761084370
87.3889570493
87.8889830934
88.3768121559
88.8530251297
89.3181623730
89.7727273946
90.2171901303
90.6519898630
91.0775378319
91.4942195700
91.9023970026
92.3024103368
92.6945797645
93.0792070031
93.4565766892
93.8269576445
94.1906040262
94.5477563742
94.8986425672
95.2434786959
95.5824698622
95.9158109119
96.2436871074
96.5662747460
96.8837417291
97.1962480872
97.5039464640
97.8069825644
98.1054955687
98.3996185165
98.6894786625
98.9751978075
99.2568926051
99.5346748483
99.8086517355
100.0789261188
100.3455967362
100.6087584278
100.8685023383
101.1249161069
101.3780840443
101.6280872996
101.8750040161
102.1189094779
102.3598762483
102.5979742984
102.8332711300
103.0658318899
103.2957194784
103.5229946514
103.7477161167
103.9699406252
104.1897230568
104.4071165015
104.6221723370
104.8349403011
105.0454685609
105.2538037780
105.4599911712
105.6640745747
105.8660964944

23.0708580620
33.7981961611
40.8641131301
46.1417161240
50.3558007287
53.8639365066
56.8690542231
59.4974802251
61.8332185624
63.9349711921
65.8453785344
67.5963923222
69.2125741860
70.7132124296
72.1137312941
73.4266587907
74.6623092912
75.8292761655
76.9347945687
77.9850134007
78.9852024295
79.9399122851
80.8530996358
81.7282262603
82.5683382871
83.3761301845
84.1539968898
84.9040766245
85.6282863219
86.3283511476
87.0058292542
87.6621326677
88.2985450071
88.9162365965
89.5162774178
90.0996482640
90.6672503842
91.2199138588
91.7584049017
92.2834322481
92.7956527637
93.2956763862
93.7840704917
94.2613637643
94.7280496368
95.1845893561
95.6314147235
96.0689305485
96.4975168528
96.9175308536
97.3293087527
97.7331673532
98.1294055236
98.5183055267
98.9001342275
99.2751441929
99.6435746956
100.0056526307
100.3615933553
100.7116014575
101.0558714627
101.3945884833
101.7279288156
102.0560604915
102.3791437871
102.6973316926
103.0107703471
103.3195994423
103.6239525957
103.9239576979
104.2197372354
104.5114085908
104.7990843223
105.0828724248
105.3628765730
105.6391963492
105.9119274552
106.1811619122
106.4469882465
106.7094916646
106.9687542169
107.2248549518
107.4778700607
107.7278730133
107.9749346865
108.2191234844
108.4605054523
108.6991443840
108.9351019226
109.1684376565
109.3992092096
109.6274723266
109.8532809539
110.0766873162
110.2977419889
110.5164939669
110.7329907298
110.9472783034
111.1594013191

24.1694703506
35.4076340735
42.8100232792
48.3389407013
52.7536960015
56.4288858641
59.5771044242
62.3306935692
64.7776575416
66.9794936298
68.9808727504
70.8152681470
72.5084110520
74.0805082596
75.5477184986
76.9231663522
78.2176573527
79.4401940781
80.5983562148
81.6985854674
82.7464025452
83.7465747749
84.7032472376
85.6200465584
86.5001639199
87.3464220981
88.1613300751
88.9471278923
89.7058237658
90.4392250117
91.1489639805
91.8365199376
92.5032376265
93.1503431011
93.7789572948
94.3901077052
94.9847384977
95.5637192807
96.1278527542
96.6778814027
97.2144933714
97.7383276427
98.2499786103
98.7500001340
99.2389091433
99.7171888493
100.1852916151
100.6436415270
101.0926367029
101.5326513704
101.9640377410
102.3871277034
102.8022343581
103.2096534090
103.6096644288
104.0025320116
104.3885068239
104.7678265655
105.1407168484
105.5073920031
105.8680558181
106.2229022206
106.5721159020
106.9158728959
107.2543411104
107.5876808208
107.9160451256
108.2395803681
108.5584265288
108.8727175882
109.1825818656
109.4881423332
109.7895169091
110.0868187307
110.3801564099
110.6696342706
110.9553525721
111.2374077176
111.5158924488
111.7908960296
112.0625044177
112.3308004257
112.5958638731
112.8577717282
113.1165982430
113.3724150789
113.6252914262
113.8752941165
114.1224877284
114.3669346878
114.6086953624
114.8478281516
115.0843895707
115.3184343312
115.5500154169
115.7791841558
116.0059902883
116.2304820322
116.4527061439

25.2680826393
37.0170719859
44.7559334282
50.5361652787
55.1515912743
58.9938352215
62.2851546253
65.1639069132
67.7220965208
70.0240160676
72.1163669663
74.0341439719
75.8042479180
77.4478040896
78.9817057031
80.4196739137
81.7730054142
83.0511119907
84.2619178609
85.4121575341
86.5076026609
87.5532372646
88.5533948393
89.5118668565
90.4319895526
91.3167140116
92.1686632603
92.9901791601
93.7833612098
94.5500988759
95.2920987069
96.0109072075
96.7079302459
97.3844496057
98.0416371719
98.6805671463
99.3022266113
99.9075247026
100.4973006067
101.0723305574
101.6333339792
102.1809788992
102.7158867290
103.2386365038
103.7497686498
104.2497883424
104.7391685067
105.2183525055
105.6877565530
106.1477718873
106.5987667292
107.0410880536
107.4750631925
107.9010012912
108.3191946301
108.7299198303
109.1334389523
109.5300005003
109.9198403415
110.3031825486
110.6802401735
111.0512159579
111.4163029885
111.7756853002
112.1295384335
112.4780299490
112.8213199040
113.1595612940
113.4929004619
113.8214774786
114.1454264959
114.4648760756
114.7799494958
115.0907650367
115.3974362467
115.7000721920
115.9987776891
116.2936535229
116.5847966510
116.8723003946
117.1562546185
117.4367458996
117.7138576855
117.9876704431
118.2582617995
118.5257066734
118.7900774002
119.0514438491
119.3098735343
119.5654317190
119.8181815153
120.0681839767
120.3154981876
120.5601813463
120.8022888450
121.0418743447
121.2789898469
121.5136857609
121.7460109686

26.3666949280
38.6265098984
46.7018435773
52.7333898560
57.5494865471
61.5587845790
64.9932048264
67.9971202573
70.6665354999
73.0685385053
75.2518611822
77.2530197968
79.1000847840
80.8150999196
82.4156929076
83.9161814751
85.3283534757
86.6620299034
87.9254795070
89.1257296008
90.2688027766
91.3598997544
92.4035424410
93.4036871546
94.3638151853
95.2870059252
96.1759964455
97.0332304280
97.8608986537
98.6609727401
99.4352334333
100.1852944774
100.9126228653
101.6185561103
102.3043170489
102.9710265875
103.6197147248
104.2513301244
104.8667484591
105.4667797121
106.0521745870
106.6236301557
107.1817948476
107.7272728735
108.2606281563
108.7823878356
109.2930453983
109.7930634840
110.2828764032
110.7628924041
111.2334957174
111.6950484037
112.1478920270
112.5923491734
113.0287248314
113.4573076490
113.8783710806
114.2921744351
114.6989638346
115.0989730942
115.4924245289
115.8795296952
116.2604900749
116.6354977046
117.0047357568
117.3683790772
117.7265946824
118.0795422198
118.4273743951
118.7702373690
119.1082711262
119.4416098180
119.7703820826
120.0947113426
120.4147160835
120.7305101133
121.0422028060
121.3498993283
121.6537008532
121.9537047595
122.2500048193
122.5426913735
122.8318514979
123.1175691581
123.3999253560
123.6789982679
123.9548633741
124.2275935817
124.4972593401
124.7639287503
125.0276676681
125.2885398018
125.5466068044
125.8019283614
126.0545622730
126.3045645336
126.5519894054
126.7968894896
127.0393157933

27.4653072166
40.2359478108
48.6477537263
54.9306144333
59.9473818199
64.1237339365
67.7012550275
70.8303336013
73.6109744791
76.1130609430
78.3873553982
80.4718956216
82.3959216500
84.1823957496
85.8496801121
87.4126890366
88.8837015372
90.2729478160
91.5890411532
92.8393016675
94.0300028923
95.1665622442
96.2536900427
97.2955074527
98.2956408180
99.2572978387
100.1833296307
101.0762816958
101.9384360976
102.7718466042
103.5783681597
104.3596817473
105.1173154847
105.8526626149
106.5669969260
107.2614860286
107.9372028383
108.5951355463
109.2361963116
109.8612288667
110.4710151948
111.0662814122
111.6477029663
112.2159092432
112.7714876628
113.3149873287
113.8469222899
114.3677744625
114.8779962533
115.3780129210
115.8682247057
116.3490087539
116.8207208615
117.2836970556
117.7382550327
118.1846954677
118.6233032090
119.0543483699
119.4780873277
119.8947636398
120.3046088842
120.7078434325
121.1046771614
121.4953101090
121.8799330800
122.2587282055
122.6318694609
122.9995231456
123.3618483282
123.7189972594
124.0711157564
124.4183435604
124.7608146694
125.0986576486
125.4319959203
125.7609480347
126.0856279229
126.4061451336
126.7226050554
127.0351091245
127.3437550201
127.6486368474
127.9498453103
128.2474678730
128.5415889125
128.8322898624
129.1196493480
129.4037433143
129.6846451459
129.9624257816
130.2371538210
130.5088956269
130.7777154213
131.0436753764
131.3068357011
131.5672547225
131.8249889640
132.0800932184
132.3326206180

28.5639195053
41.8453857232
50.5936638754
57.1278390107
62.3452770927
66.6886832939
70.4093052286
73.6635469454
76.5554134583
79.1575833807
81.5228496141
83.6907714465
85.6917585161
87.5496915796
89.2836673165
90.9091965980
92.4390495987
93.8838657287
95.2526027993
96.5528737342
97.7912030080
98.9732247339
100.1038376444
101.1873277508
102.2274664508
103.2275897523
104.1906628160
105.1193329636
106.0159735415
106.8827204684
107.7215028861
108.5340690172
109.3220081041
110.0867691194
110.8296768030
111.5519454698
112.2546909519
112.9389409681
113.6056441641
114.2556780214
114.8898558026
115.5089326687
116.1136110849
116.7045456130
117.2823471694
117.8475868219
118.4007991815
118.9424854410
119.4731161034
119.9931334378
120.5029536939
121.0029691040
121.4935496959
121.9750449379
122.4477852340
122.9120832864
123.3682353374
123.8165223047
124.2572108208
124.6905541854
125.1167932396
125.5361571698
125.9488642478
126.3551225133
126.7551304031
127.1490773337
127.5371442393
127.9195040715
128.2963222613
128.6677571498
129.0339603867
129.3950773029
129.7512472562
130.1026039545
130.4492757571
130.7913859561
131.1290530398
131.4623909390
131.7915092577
132.1165134895
132.4375052209
132.7545823213
133.0678391228
133.3773665879
133.6832524690
133.9855814569
134.2844353219
134.5798930468
134.8720309518
135.1609228128
135.4466399738
135.7292514520
136.0088240381
136.2854223915
136.5591091291
136.8299449114
137.0979885226
137.3632969471
137.6259254428

29.6625317940
43.4548236357
52.5395740244
59.3250635880
64.7431723655
69.2536326514
73.1173554297
76.4967602895
79.4998524374
82.2021058185
84.6583438300
86.9096472714
88.9875953820
90.9169874096
92.7176545210
94.4057041595
95.9943976601
97.4947836413
98.9161644454
100.2664458009
101.5524031236
102.7798872237
103.9539852461
105.0791480489
106.1592920835
107.1978816658
108.1979960012
109.1623842315
110.0935109854
110.9935943326
111.8646376125
112.7084562871
113.5267007235
114.3208756240
115.0923566800
115.8424049109
116.5721790654
117.2827463900
117.9750920165
118.6501271761
119.3086964104
119.9515839252
120.5795192036
121.1931819827
121.7932066759
122.3801863151
122.9546760731
123.5171964195
124.0682359536
124.6082539546
125.1376826821
125.6569294542
126.1663785304
126.6663928201
127.1573154353
127.6394711052
128.1131674657
128.5786962395
129.0363343139
129.4863447310
129.9289775950
130.3644709071
130.7930513343
131.2149349177
131.6303277263
132.0394264619
132.4424190178
132.8394849973
133.2307961944
133.6165170401
133.9968050169
134.3718110453
134.7416798429
135.1065502605
135.4665555939
135.8218238775
136.1724781568
136.5186367443
136.8604134599
137.1979178545
137.5312554217
137.8605277952
138.1858329352
138.5072653028
138.8249160255
139.1388730514
139.4492212959
139.7560427794
140.0594167576
140.3594198441
140.6561261266
140.9496072770
141.2399326550
141.5271694065
141.8113825572
142.0926351004
142.3709880811
142.6465006759
142.9192302675

30.7611440827
45.0642615481
54.4854841735
61.5222881654
67.1410676383
71.8185820089
75.8254056308
79.3299736335
82.4442914166
85.2466282562
87.7938380459
90.1285230962
92.2834322481
94.2842832395
96.1516417255
97.9022117210
99.5497457216
101.1057015540
102.5797260916
103.9800178676
105.3136032393
106.5865497135
107.8041328478
108.9709683470
110.0911177162
111.1681735794
112.2053291864
113.2054354993
114.1710484293
115.1044681968
116.0077723389
116.8828435570
117.7313933429
118.5549821286
119.3550365571
120.1328643521
120.8896671789
121.6265518118
122.3445398690
123.0445763308
123.7275370182
124.3942351816
125.0454273222
125.6818183524
126.3040661824
126.9127858082
127.5085529647
128.0919073980
128.6633558037
129.2233744715
129.7724116703
130.3108898043
130.8392073649
131.3577407023
131.8668456367
132.3668589239
132.8580995941
133.3408701743
133.8154578070
134.2821352766
134.7411619503
135.1927846444
135.6372384208
136.0747473221
136.5055250496
136.9297755901
137.3476937962
137.7594659231
138.1652701276
138.5652769305
138.9596496472
139.3485447877
139.7321124297
140.1104965664
140.4838354307
140.8522617989
141.2159032737
141.5748825497
141.9293176621
142.2793222195
142.6250056225
142.9664732691
143.3038267476
143.6371640178
143.9665795820
144.2921646459
144.6140072698
144.9321925120
145.2468025635
145.5579168754
145.8656122795
146.1699631021
146.4710412719
146.7689164216
147.0636559852
147.3553252892
147.6439876397
147.9297044046
148.2125350922

31.8597563713
46.6736994605
56.4313943225
63.7195127427
69.5389629111
74.3835313663
78.5334558319
82.1631869776
85.3887303958
88.2911506939
90.9293322619
93.3473989211
95.5792691140
97.6515790695
99.5856289300
101.3987192825
103.1050937831
104.7166194666
106.2432877377
107.6935899343
109.0748033550
110.3932122033
111.6542804495
112.8627886451
114.0229433489
115.1384654929
116.2126623717
117.2484867671
118.2485858732
119.2153420609
120.1509070653
121.0572308269
121.9360859623
122.7890886333
123.6177164341
124.4233237932
125.2071552925
125.9703572337
126.7139877215
127.4390254854
128.1463776260
128.8368864381
129.5113354409
130.1704547222
130.8149256889
131.4453853014
132.0624298563
132.6666183765
133.2584756538
133.8384949883
134.4071406586
134.9648501545
135.5120361993
136.0490885846
136.5763758380
137.0942467426
137.6030317225
138.1030441091
138.5945813001
139.0779258222
139.5533463057
140.0210983817
140.4814255072
140.9345597264
141.3807223727
141.8201247184
142.2529685746
142.6794468489
143.0997440607
143.5140368209
143.9224942775
144.3252785301
144.7225450165
145.1144428723
145.5011152676
145.8826997203
146.2593283906
146.6311283550
146.9982218643
147.3607265845
147.7187558233
148.0724187430
148.4218205600
148.7670627327
149.1082431385
149.4454562403
149.7787932437
150.1083422446
150.4341883693
150.7564139066
151.0750984323
151.3903189272
151.7021498887
152.0106634366
152.3159294133
152.6180154782
152.9169871983
153.2129081333
153.5058399169

32.9583686600
48.2831373730
58.3773044716
65.9167373200
71.9368581839
76.9484807238
81.2415060330
84.9964003216
88.3331693749
91.3356731316
94.0648264778
96.5662747460
98.8751059801
101.0188748995
103.0196161345
104.8952268439
106.6604418446
108.3275373792
109.9068493838
111.4071620011
112.8360034707
114.1998746930
115.5044280512
116.7546089432
117.9547689816
119.1087574065
120.2199955569
121.2915380350
122.3261233171
123.3262159251
124.2940417917
125.2316180968
126.1407785816
127.0231951378
127.8803963112
128.7137832344
129.5246434060
130.3141626555
131.0834355739
131.8334746401
132.5652182338
133.2795376946
133.9772435596
134.6590910919
135.3257851954
135.9779847945
136.6163067479
137.2413293550
137.8535955040
138.4536155052
139.0418696468
139.6188105046
140.1848650338
140.7404364668
141.2859060393
141.8216345613
142.3479638508
142.8652180439
143.3737047933
143.8737163678
144.3655306611
144.8494121190
145.3256125937
145.7943721308
146.2559196960
146.7104738466
147.1582433531
147.5994277748
148.0342179938
148.4627967112
148.8853389077
149.3020122725
149.7129776033
150.1183891783
150.5183951044
150.9131376417
151.3027535075
151.6873741604
152.0671260665
152.4421309494
152.8125060241
153.1783642169
153.5398143724
153.8969614476
154.2499066950
154.5987478349
154.9435792176
155.2844919771
155.6215741751
155.9549109379
156.2845845852
156.6106747523
156.9332585056
157.2524104517
157.5682028413
157.8807056671
158.1899867568
158.4961118621
158.7991447416

34.0569809487
49.8925752854
60.3232146207
68.1139618974
74.3347534567
79.5134300812
83.9495562341
87.8296136657
91.2776083541
94.3801955693
97.2003206937
99.7851505708
102.1709428461
104.3861707295
106.4536033390
108.3917344054
110.2157899061
111.9384552919
113.5704110299
115.1207340678
116.5972035864
118.0065371828
119.3545756529
120.6464292414
121.8865946144
123.0790493200
124.2273287421
125.3345893028
126.4036607610
127.4370897893
128.4371765181
129.4060053667
130.3454712010
131.2573016424
132.1430761882
133.0042426755
133.8421315195
134.6579680774
135.4528834264
136.2279237948
136.9840588416
137.7221889511
138.4431516782
139.1477274616
139.8366447019
140.5105842877
141.1701836395
141.8160403335
142.4487153541
143.0687360220
143.6765986350
144.2727708548
144.8576938682
145.4317843490
145.9954362406
146.5490223800
147.0928959792
147.6273919787
148.1528282864
148.6695069134
149.1777150165
149.6777258563
150.1697996801
150.6541845351
151.1311170192
151.6008229748
152.0635181315
152.5194087006
152.9686919270
153.4115566016
153.8481835380
154.2787460150
154.7034101901
155.1223354842
155.5356749412
155.9435755631
156.3461786244
156.7436199657
157.1360302687
157.5235353144
157.9062562249
158.2843096908
158.6578081848
159.0268601625
159.3915702515
159.7520394293
160.1083651915
160.4606417097
160.8089599810
161.1534079692
161.4940707380
161.8310305773
162.1643671224
162.4941574668
162.8204762694
163.1433958560
163.4629863154
163.7793155908
164.0924495664

35.1555932373
51.5020131978
62.2691247697
70.3111864747
76.7326487295
82.0783794387
86.6576064352
90.6628270097
94.2220473332
97.4247180071
100.3358149097
103.0040263957
105.4667797121
107.7534665595
109.8875905434
111.8882419669
113.7711379676
115.5493732045
117.2339726761
118.8343061345
120.3584037021
121.8131996726
123.2047232546
124.5382495395
125.8184202471
127.0493412336
128.2346619274
129.3776405706
130.4811982049
131.5479636535
132.5803112445
133.5803926366
134.5501638204
135.4914081470
136.4057560652
137.2947021167
138.1596196331
139.0017734992
139.8223312789
140.6223729494
141.4028994494
142.1648402076
142.9090597969
143.6363638313
144.3475042085
145.0431837808
145.7240605311
146.3907513120
147.0438352042
147.6838565388
148.3113276233
148.9267312050
149.5305227027
150.1231322313
150.7049664419
151.2764101987
151.8378281075
152.3895659134
152.9319517795
153.4652974590
153.9898993718
154.5060395936
155.0139867666
155.5139969395
156.0063143423
156.4911721030
156.9687929099
157.4393896264
157.9031658601
158.3603164920
158.8110281682
159.2554797574
159.6938427768
160.1262817902
160.5529547780
160.9740134845
161.3896037413
161.7998657711
162.2049344710
162.6049396794
163.0000064257
163.3902551647
163.7758019973
164.1567588775
164.5332338080
164.9053310238
165.2731511655
165.6367914423
165.9963457868
166.3519050004
166.7035568908
167.0513864024
167.3954757393
167.7359044818
168.0727496974
168.4060860449
168.7359858739
169.0625193195
169.3857543911

36.2542055260
53.1114511103
64.2150349188
72.5084110520
79.1305440023
84.6433287962
89.3656566363
93.4960403538
97.1664863124
100.4692404448
103.4713091256
106.2229022206
108.7626165781
111.1207623895
113.3215777479
115.3847495283
117.3264860291
119.1602911172
120.8975343222
122.5478782012
124.1196038178
125.6198621623
127.0548708564
128.4300698376
129.7502458798
131.0196331471
132.2419951126
133.4206918385
134.5587356488
135.6588375176
136.7234459708
137.7547799065
138.7548564398
139.7255146516
140.6684359423
141.5851615578
142.4771077466
143.3455789211
144.1917791313
145.0168221041
145.8217400572
146.6074914641
147.3749679155
148.1250002011
148.8583637150
149.5757832740
150.2779374227
150.9654622905
151.6389550544
152.2989770557
152.9460566115
153.5806915551
154.2033515372
154.8144801135
155.4144966432
156.0037980174
156.5827602359
157.1517398482
157.7110752726
158.2610880046
158.8020837272
159.3343533309
159.8581738531
160.3738093438
160.8815116656
161.3815212312
161.8740676884
162.3593705522
162.8376397932
163.3090763824
163.7738727985
164.2322134998
164.6842753636
165.1302280961
165.5702346148
166.0044514059
166.4330288583
166.8561115764
167.2738386732
167.6863440444
168.0937566265
168.4962006386
168.8937958097
169.2866575924
169.6748973645
170.0586226183
170.4379371394
170.8129411748
171.1837315927
171.5504020317
171.9130430437
172.2717422275
172.6265843561
172.9776514969
173.3250231255
173.6687762338
174.0089854325
174.3457230483
174.6790592158

37.3528178147
54.7208890227
66.1609450678
74.7056356294
81.5284392751
87.2082781536
92.0737068374
96.3292536978
100.1109252916
103.5137628825
106.6068033415
109.4417780454
112.0584534441
114.4880582195
116.7555649524
118.8812570898
120.8818340906
122.7712090298
124.5610959683
126.2614502679
127.8808039335
129.4265246521
130.9050184581
132.3218901357
133.6820715125
134.9899250607
136.2493282978
137.4637431063
138.6362730927
139.7697113818
140.8665806972
141.9291671764
142.9595490592
143.9596211562
144.9311158193
145.8756209990
146.7945958602
147.6893843429
148.5612269838
149.4112712588
150.2405806650
151.0501427206
151.8408760342
152.6136365708
153.3692232215
154.1083827671
154.8318143143
155.5401732690
156.2340749045
156.9140975725
157.5807855997
158.2346519053
158.8761803716
159.5058279957
160.1240268445
160.7311858361
161.3276923643
161.9139137830
162.4901987657
163.0568785502
163.6142680826
164.1626670682
164.7023609395
165.2336217482
165.7567089887
166.2718703595
166.7793424668
167.2793514781
167.7721137264
168.2578362728
168.7367174287
169.2089472422
169.6747079504
170.1341744020
170.5875144516
171.0348893273
171.4764539752
171.9123573818
172.3427428754
172.7677484094
173.1875068273
173.6021461125
174.0117896221
174.4165563073
174.8165609210
175.2119142128
175.6027231133
175.9890909074
176.3711173985
176.7488990629
177.1225291965
177.4920980525
177.8576929730
178.2193985119
178.5772965535
178.9314664227
179.2819849911
179.6289267770
179.9723640405

38.4514301033
56.3303269351
68.1068552169
76.9028602067
83.9263345479
89.7732275111
94.7817570385
99.1624670419
103.0553642707
106.5582853202
109.7422975574
112.6606538703
115.3542903101
117.8553540494
120.1895521569
122.3777646512
124.4371821520
126.3821269425
128.2246576145
129.9750223346
131.6420040492
133.2331871419
134.7551660598
136.2137104338
137.6138971453
138.9602169742
140.2566614831
141.5067943741
142.7138105366
143.8805852460
145.0097154236
146.1035544463
147.1642416786
148.1937276608
149.1937956964
150.1660804401
151.1120839737
152.0331897648
152.9306748363
153.8057204135
154.6594212728
155.4927939771
156.3067841528
157.1022729405
157.8800827280
158.6409822603
159.3856912059
160.1148842475
160.8291947546
161.5292180894
162.2155145879
162.8886122554
163.5490092061
164.1971758779
164.8335570458
165.4585736548
166.0726244926
166.6760877178
167.2693222588
167.8526690958
168.4264524380
168.9909808055
169.5465480260
170.0934341526
170.6319063120
171.1622194877
171.6846172453
172.1993324039
172.7065876595
173.2065961632
173.6995620590
174.1856809846
174.6651405372
175.1381207080
175.6047942884
176.0653272487
176.5198790921
176.9686031871
177.4116470776
177.8491527744
178.2812570281
178.7080915864
179.1297834345
179.5464550222
179.9582244775
180.3652058073
180.7675090872
181.1652406400
181.5585032043
181.9473960942
182.3320153493
182.7124538776
183.0888015898
183.4611455270
183.8295699815
184.1941566116
184.5549845496
184.9121305057
185.2656688653

39.5500423920
57.9397648476
70.0527653659
79.1000847840
86.3242298207
92.3381768685
97.4898072396
101.9956803859
105.9998032499
109.6028077580
112.8777917734
115.8795296952
118.6501271761
121.2226498794
123.6235393614
125.8742722127
127.9925302135
129.9930448551
131.8882192606
133.6885944013
135.4032041649
137.0398496316
138.6053136615
140.1055307319
141.5457227780
142.9305088878
144.2639946683
145.5498456420
146.7913479805
147.9914591102
149.1528501500
150.2779417162
151.3689342980
152.4278341654
153.4564755734
154.4565398813
155.4295720872
156.3769951867
157.3001226887
158.2001695681
159.0782618806
159.9354452336
160.7726922715
161.5909093103
162.3909422345
163.1735817534
163.9395680975
164.6895952260
165.4243146047
166.1443386062
166.8502435762
167.5425726056
168.2218380405
168.8885237602
169.5430872472
170.1859614736
170.8175566210
171.4382616526
172.0484457519
172.6484596414
173.2386367933
173.8192945428
174.3907351124
174.9532465569
175.5071036352
176.0525686159
176.5898920237
177.1193133297
177.6410615926
178.1553560535
178.6624066893
179.1624147271
179.6555731239
180.1420670139
180.6220741252
181.0957651700
181.5633042090
182.0248489924
182.4805512798
182.9305571393
183.3750072289
183.8140370603
184.2477772469
184.6763537371
185.0998880340
185.5184974018
185.9322950611
186.3413903725
186.7458890102
187.1458931255
187.5415015022
187.9328097027
188.3199102067
188.7028925421
189.0818434096
189.4568468005
189.8279841082
190.1953342345
190.5589736900

40.6486546807
59.5492027600
71.9986755150
81.2973093614
88.7221250935
94.9031262260
100.1978574407
104.8288937300
108.9442422291
112.6473301957
116.0132859893
119.0984055200
121.9459640421
124.5899457094
127.0575265659
129.3707797742
131.5478782750
133.6039627678
135.5517809067
137.4021664680
139.1644042806
140.8465121214
142.4554612632
143.9973510300
145.4775484107
146.9008008014
148.2713278535
149.5928969098
150.8688854244
152.1023329743
153.2959848764
154.4523289861
155.5736269174
156.6619406700
157.7191554505
158.7469993224
159.7470602008
160.7208006085
161.6695705412
162.5946187228
163.4971024884
164.3780964901
165.2386003901
166.0795456800
166.9018017410
167.7061812466
168.4934449891
169.2643062045
170.0194344549
170.7594591230
171.4849725644
172.1965329557
172.8946668750
173.5798716424
174.2526174485
174.9133492923
175.5624887493
176.2004355874
176.8275692450
177.4442501870
178.0508211487
178.6476082801
179.2349221989
179.8130589613
180.3823009583
180.9429177441
181.4951668021
182.0392942555
182.5755355257
183.1041159439
183.6252513195
184.1391484695
184.6460057107
185.1460133199
185.6393539620
186.1262030914
186.6067293259
187.0810947978
187.5494554821
188.0119615043
188.4687574298
188.9199825342
189.3657710593
189.8062524520
190.2415515905
190.6717889963
191.0970810351
191.5175401051
191.9332748160
192.3443901568
192.7509876550
193.1531655278
193.5510188235
193.9446395571
194.3341168376
194.7195369894
195.1009836668
195.4785379632
195.8522785147

41.7472669693
61.1586406724
73.9445856640
83.4945339387
91.1200203663
97.4680755835
102.9059076418
107.6621070741
111.8886812082
115.6918526334
119.1487802052
122.3172813449
125.2418009081
127.9572415394
130.4915137704
132.8672873357
135.1032263365
137.2148806804
139.2153425528
141.1157385347
142.9256043963
144.6531746112
146.3056088649
147.8891713281
149.4093740434
150.8710927149
152.2786610387
153.6359481776
154.9464228683
156.2132068385
157.4391196028
158.6267162560
159.7783195368
160.8960471746
161.9818353275
163.0374587636
164.0645483143
165.0646060303
166.0390183937
166.9890678775
167.9159430962
168.8207477465
169.7045085088
170.5681820497
171.4126612476
172.2387807397
173.0473218807
173.8390171830
174.6145543050
175.3745796399
176.1197015526
176.8504933059
177.5674957095
178.2712195246
178.9621476498
179.6407371110
180.3074208777
180.9626095222
181.6066927381
182.2400407326
182.8630055040
183.4759220174
184.0791092853
184.6728713656
185.2574982816
185.8332668723
186.4004415806
186.9592751814
187.5100094589
188.0528758343
188.5880959498
189.1158822119
189.6364382975
190.1499596258
190.6566337988
191.1566410128
191.6501544428
192.1373406031
192.6183596843
193.0933658693
193.5625076306
194.0259280081
194.4837648717
194.9361511670
195.3832151470
195.8250805908
196.2618670090
196.6936898377
197.1206606218
197.5428871880
197.9604738079
198.3735213529
198.7821274404
199.1863865722
199.5863902657
199.9822271783
200.3739832253
200.7617416919
201.1455833394

42.8458792580
62.7680785849
75.8904958131
85.6917585161
93.5179156391
100.0330249409
105.6139578429
110.4953204181
114.8331201874
118.7363750711
122.2842744212
125.5361571698
128.5376377741
131.3245373694
133.9255009748
136.3637948971
138.6585743980
140.8257985930
142.8789041990
144.8293106014
146.6868045120
148.4598371010
150.1557564666
151.7809916262
153.3411996762
154.8413846285
156.2859942240
157.6789994455
159.0239603122
160.3240807027
161.5822543292
162.8011035258
163.9830121562
165.1301536792
166.2445152045
167.3279182047
168.3820364278
169.4084114522
170.4084662461
171.3835170322
172.3347837040
173.2633990030
174.1704166274
175.0568184195
175.9235207541
176.7713802329
177.6011987723
178.4137281615
179.2096741552
179.9897001567
180.7544305409
181.5044536560
182.2403245439
182.9625674068
183.6716778511
184.3681249297
185.0523530061
185.7247834570
186.3858162312
187.0358312782
187.6751898594
188.3042357547
188.9232963718
189.5326837700
190.1326956048
190.7236160006
191.3057163590
191.8792561072
192.4444833920
193.0016357247
193.5509405801
194.0926159543
194.6268708843
195.1539059318
195.6739136357
196.1870789342
196.6935795598
197.1935864085
197.6872638865
198.1747702343
198.6562578314
199.1318734820
199.6017586842
200.0660498819
200.5248787035
200.9783721853
201.4266529829
201.8698395703
202.3080464277
202.7413842193
203.1699599607
203.5938771780
204.0132360572
204.4281335872
204.8386636937
205.2449173672
205.6469827839
206.0449454207
206.4388881642

43.9444915467
64.3775164973
77.8364059621
87.8889830934
95.9158109119
102.5979742984
108.3220080440
113.3285337622
117.7775591666
121.7808975089
125.4197686371
128.7550329946
131.8334746401
134.6918331994
137.3594881793
139.8603024586
142.2139224595
144.4367165057
146.5424658451
148.5428826681
150.4480046277
152.2664995907
154.0059040683
155.6728119243
157.2730253089
158.8116765420
160.2933274092
161.7220507133
163.1014977561
164.4349545669
165.7253890556
166.9754907957
168.1877047756
169.3642601838
170.5071950816
171.6183776458
172.6995245414
173.7522168741
174.7779140986
175.7779661868
176.7536243118
177.7060502595
178.6363247461
179.5454547892
180.4343802606
181.3039797260
182.1550756639
182.9884391400
183.8047940053
184.6048206736
185.3891595291
186.1584140062
186.9131533784
187.6539152891
188.3812080524
189.0955127484
189.7972851344
190.4869573918
191.1649397244
191.8316218238
192.4873742148
193.1325494920
193.7674834583
194.3924961744
195.0078929280
195.6139651288
196.2109911374
196.7992370330
197.3789573251
197.9503956150
198.5137852103
199.0693496967
199.6173034711
200.1578522377
200.6911934725
201.2175168556
201.7370046767
202.2498322138
202.7561680887
203.2561745993
203.7500080322
204.2378189559
204.7197524966
205.1959485968
205.6665422600
206.1316637798
206.5914389568
207.0459893028
207.4954322335
207.9398812505
208.3794461136
208.8142330030
209.2443446741
209.6698806023
210.0909371218
210.5076075561
210.9199823425
211.3281491494
211.7321929889

45.0431038353
65.9869544097
79.7823161112
90.0862076707
98.3137061847
105.1629236558
111.0300582451
116.1617471062
120.7219981457
124.8254199466
128.5552628530
131.9739088195
135.1293115061
138.0591290294
140.7934753838
143.3568100200
145.7692705210
148.0476344183
150.2060274912
152.2564547348
154.2092047434
156.0731620805
157.8560516700
159.5646322225
161.2048509416
162.7819684556
164.3006605944
165.7651019811
167.1790352000
168.5458284310
169.8685237820
171.1498780656
172.3923973949
173.5983666884
174.7698749586
175.9088370870
177.0170126549
178.0960222959
179.1473619510
180.1724153415
181.1724649196
182.1487015160
183.1022328647
184.0340911589
184.9452397671
185.8365792192
186.7089525555
187.5631501185
188.3999138554
189.2199411904
190.0238885173
190.8123743564
191.5859822129
192.3452631713
193.0907382537
193.8229005671
194.5422172628
195.2491313266
195.9440632175
196.6274123694
197.2995585702
197.9608632293
198.6116705447
199.2523085787
199.8830902512
200.5043142570
201.1162659159
201.7192179588
202.3134312583
202.8991555054
203.4766298405
204.0460834391
204.6077360578
205.1617985437
205.7084733093
206.2479547770
206.7804297936
207.3060780192
207.8250722909
208.3375789643
208.8437582330
209.3437644298
209.8377463090
210.3258473117
210.8082058165
211.2849553743
211.7562249308
212.2221390354
212.6828180394
213.1383782818
213.5889322664
214.0345888281
214.4754532909
214.9116276173
215.3432105498
215.7702977450
216.1929819010
216.6113528781
217.0254978136

46.1417161240
67.5963923222
81.7282262603
92.2834322481
100.7116014575
107.7278730133
113.7381084462
118.9949604503
123.6664371249
127.8699423843
131.6907570689
135.1927846444
138.4251483721
141.4264248593
144.2274625883
146.8533175815
149.3246185825
151.6585523310
153.8695891374
155.9700268015
157.9704048590
159.8798245703
161.7061992717
163.4564525206
165.1366765743
166.7522603691
168.3079937797
169.8081532490
171.2565726439
172.6567022952
174.0116585084
175.3242653355
176.5970900143
177.8324731930
179.0325548356
180.1992965281
181.3345007684
182.4398277177
183.5168098035
184.5668644962
185.5913055274
186.5913527725
187.5681409834
188.5227275286
189.4560992736
190.3691787123
191.2628294471
192.1378610970
192.9950337056
193.8350617072
194.6586175055
195.4663347065
196.2588110473
197.0366110535
197.8002684550
198.5502883858
199.2871493912
200.0113052614
200.7231867106
201.4232029150
202.1117429255
202.7891769666
203.4558576312
204.1121209831
204.7582875743
205.3946633852
206.0215406943
206.6391988847
207.2479051914
207.8479153958
208.4394744708
209.0228171816
209.5981686446
210.1657448496
210.7257531461
211.2783926984
211.8238549105
212.3623238245
212.8939764931
213.4189833293
213.9375084338
214.4497099037
214.9557401214
215.4557460267
215.9498693730
216.4382469688
216.9210109047
217.3982887680
217.8702038452
218.3368753131
218.7984184192
219.2549446532
219.7065619078
220.1533746324
220.5954839779
221.0329879339
221.4659814596
221.8945566069
222.3188026383

47.2403284127
69.2058302346
83.6741364093
94.4806568254
103.1094967303
110.2928223708
116.4461586473
121.8281737943
126.6108761041
130.9144648220
134.8262512849
138.4116604693
141.7209852381
144.7937206893
147.6614497928
150.3498251430
152.8799666440
155.2694702436
157.5331507835
159.6835988682
161.7316049747
163.6864870600
165.5563468734
167.3482728187
169.0685022071
170.7225522826
172.3153269649
173.8512045168
175.3341100879
176.7675761594
178.1547932347
179.4986526054
180.8017826337
182.0665796976
183.2952347127
184.4897559693
185.6519888820
186.7836331396
187.8862576560
188.9613136508
190.0101461352
191.0340040290
192.0340491021
193.0113638984
193.9669587801
194.9017782055
195.8167063387
196.7125720756
197.5901535557
198.4501822241
199.2933464938
200.1202950567
200.9316398818
201.7279589357
202.5097986563
203.2776762045
204.0320815195
204.7734791962
205.5023102037
206.2189934606
206.9239272809
207.6174907039
208.3000447176
208.9719333874
209.6334848976
210.2850125134
210.9268154728
211.5591798105
212.1823791245
212.7966752862
213.4023191011
213.9995509240
214.5886012314
215.1696911555
215.7430329829
216.3088306198
216.8672800274
217.4185696299
217.9628806954
218.5003876942
219.0312586346
219.5556553776
220.0737339338
220.5856447416
221.0915329295
221.5915385633
222.0857968786
222.5744385006
223.0575896511
223.5353723443
224.0079045721
224.4753004783
224.9376705246
225.3951216475
225.8477574059
226.2956781228
226.7389810181
227.1777603356
227.6121074631

48.3389407013
70.8152681470
85.6200465584
96.6778814027
105.5073920031
112.8577717282
119.1542088484
124.6613871384
129.5553150832
133.9589872597
137.9617455008
141.6305362941
145.0168221041
148.1610165193
151.0954369973
153.8463327045
156.4353147055
158.8803881563
161.1967124296
163.3971709349
165.4928050904
167.4931495498
169.4064944752
171.2400931168
173.0003278398
174.6928441962
176.3226601502
177.8942557846
179.4116475317
180.8784500235
182.2979279611
183.6730398753
185.0064752531
186.3006862022
187.5579145897
188.7802154104
189.9694769955
191.1274385615
192.2557055085
193.3557628055
194.4289867429
195.4766552855
196.4999572207
197.5000002681
198.4778182867
199.4343776987
200.3705832303
201.2872830540
202.1852734058
203.0653027409
203.9280754820
204.7742554068
205.6044687162
206.4193068180
207.2193288576
208.0050640232
208.7770136479
209.5356531310
210.2814336968
211.0147840062
211.7361116363
212.4458044412
213.1442318041
213.8317457918
214.5086822208
215.1753616416
215.8320902512
216.4791607363
217.1168530576
217.7454351765
218.3651637313
218.9762846664
219.5790338182
220.1736374615
220.7603128198
221.3392685412
221.9107051443
222.4748154352
223.0317848976
223.5817920592
224.1250088354
224.6616008515
225.1917277462
225.7155434565
226.2331964860
226.7448301578
227.2505828525
227.7505882331
228.2449754569
228.7338693756
229.2173907249
229.6956563033
230.1687791415
230.6368686625
231.1000308339
231.5583683117
232.0119805767
232.4609640644
232.9054122878

49.4375529900
72.4247060595
87.5659567074
98.8751059801
107.9052872758
115.4227210857
121.8622590495
127.4946004824
132.4997540624
137.0035096975
141.0972397167
144.8494121190
148.3126589701
151.5283123493
154.5294242018
157.3428402659
159.9906627669
162.4913060689
164.8602740757
167.1107430016
169.2540052061
171.2998120396
173.2566420769
175.1319134149
176.9321534725
178.6631361097
180.3299933353
181.9373070525
183.4891849757
184.9893238877
186.4410626875
187.8474271452
189.2111678725
190.5347927068
191.8205944668
193.0706748516
194.2869651090
195.4712439833
196.6251533609
197.7502119602
198.8478273507
199.9193065420
200.9658653394
201.9886366378
202.9886777931
203.9669771918
204.9244601219
205.8619940326
206.7803932560
207.6804232578
208.5628044702
209.4282157570
210.2772975507
211.1106547002
211.9288590590
212.7324518419
213.5219457762
214.2978270658
215.0605571899
215.8105745517
216.5482959916
217.2741181785
217.9884188905
218.6915581962
219.3838795440
220.0657107699
220.7373650296
221.3991416622
222.0513269908
222.6941950669
223.3280083616
223.9530184088
224.5694664050
225.1775837675
225.7775926566
226.3697064626
226.9541302613
227.5310612406
228.1006890998
228.6631964242
229.2187590362
229.7675463254
230.3097215587
230.8454421714
231.3748600425
231.8981217523
232.4153688265
232.9267379657
233.4323612627
233.9323664069
234.4268768778
234.9160121284
235.3998877583
235.8786156776
236.3523042620
236.8210585006
237.2849801353
237.7441677931
238.1987171125

50.5361652787
74.0341439719
89.5118668565
101.0723305574
110.3031825486
117.9876704431
124.5703092506
130.3278138265
135.4441930416
140.0480321352
144.2327339327
148.0682879439
151.6084958361
154.8956081793
157.9634114062
160.8393478274
163.5460108284
166.1022239815
168.5238357219
170.8243150683
173.0152053218
175.1064745293
177.1067896786
179.0237337130
180.8639791052
182.6334280233
184.3373265206
185.9803583203
187.5667224196
189.1001977519
190.5841974139
192.0218144151
193.4158604919
194.7688992114
196.0832743438
197.3611342927
198.6044532226
199.8150494052
200.9946012134
202.1446611148
203.2666679585
204.3619577985
205.4317734580
206.4772730076
207.4995372997
208.4995766849
209.4783370135
210.4367050111
211.3755131061
212.2955437746
213.1975334585
214.0821761072
214.9501263851
215.8020025824
216.6383892603
217.4598396606
218.2668779046
219.0600010006
219.8396806830
220.6063650973
221.3604803470
222.1024319158
222.8326059770
223.5513706005
224.2590768671
224.9560598981
225.6426398081
226.3191225880
226.9858009239
227.6429549573
228.2908529918
228.9297521512
229.5598989917
230.1815300734
230.7948724934
231.4001443840
231.9975553782
232.5873070459
233.1695933020
233.7446007892
234.3125092370
234.8734917993
235.4277153711
235.9753408863
236.5165235990
237.0514133468
237.5801548004
238.1028876983
238.6197470686
239.1308634381
239.6363630306
240.1363679535
240.6309963752
241.1203626926
241.6045776900
242.0837486895
242.5579796938
243.0273715218
243.4920219372

51.6347775673
75.6435818843
91.4577770055
103.2695551347
112.7010778214
120.5526198006
127.2783594517
133.1610271706
138.3886320207
143.0925545729
147.3682281486
151.2871637687
154.9043327021
158.2629040093
161.3973986107
164.3358553888
167.1013588899
169.7131418942
172.1873973680
174.5378871350
176.7764054375
178.9131370191
180.9569372803
182.9155540111
184.7958047379
186.6037199369
188.3446597058
190.0234095881
191.6442598635
193.2110716160
194.7273321403
196.1962016850
197.6205531113
199.0030057160
200.3459542208
201.6515937339
202.9219413361
204.1588548270
205.3640490659
206.5391102695
207.6855085663
208.8046090549
209.8976815767
210.9659093773
212.0103968062
213.0321761781
214.0322139051
215.0114159896
215.9706329562
216.9106642914
217.8322624467
218.7361364573
219.6229552196
220.4933504647
221.3479194616
222.1872274794
223.0118100330
223.8221749354
224.6188041761
225.4021556429
226.1726647024
226.9307456531
227.6767930634
228.4111830049
229.1342741903
229.8464090263
230.5479145865
231.2391035138
231.9202748570
232.5917148477
233.2536976221
233.9064858937
234.5503315785
235.1854763793
235.8121523302
236.4305823053
237.0409804951
237.6435528513
238.2384975042
238.8260051542
239.4062594378
239.9794372732
240.5457091835
241.1052396013
241.6581871555
242.2047049413
242.7449407743
243.2790374309
243.8071328744
244.3293604694
244.8458491834
245.3567237786
245.8621049921
246.3621097077
246.8568511181
247.3464388784
247.8309792524
248.3105752506
248.7853267619

52.7333898560
77.2530197968
93.4036871546
105.4667797121
115.0989730942
123.1175691581
129.9864096528
135.9942405146
141.3330709999
146.1370770106
150.5037223645
154.5060395936
158.2001695681
161.6301998393
164.8313858152
167.8323629503
170.6567069514
173.3240598068
175.8509590141
178.2514592017
180.5376055532
182.7197995089
184.8070848820
186.8073743092
188.7276303707
190.5740118504
192.3519928911
194.0664608560
195.7217973074
197.3219454802
198.8704668667
200.3705889549
201.8252457307
203.2371122206
204.6086340979
205.9420531750
207.2394294497
208.5026602489
209.7334969183
210.9335594242
212.1043491741
213.2472603114
214.3635896953
215.4545457470
216.5212563127
217.5647756713
218.5860907967
219.5861269681
220.5657528064
221.5257848083
222.4669914349
223.3900968075
224.2957840541
225.1846983469
226.0574496629
226.9146152981
227.7567421613
228.5843488702
229.3979276692
230.1979461885
230.9848490578
231.7590593904
232.5209801499
233.2709954093
234.0094715136
234.7367581545
235.4531893649
236.1590844396
236.8547487902
237.5404747380
238.2165422524
238.8832196361
239.5407641653
240.1894226853
240.8294321670
241.4610202267
242.0844056120
242.6997986566
243.3074017065
243.9074095191
244.5000096386
245.0853827471
245.6637029959
246.2351383162
246.7998507120
247.3579965358
247.9097267482
248.4551871634
248.9945186802
249.5278575007
250.0553353363
250.5770796037
251.0932136089
251.6038567228
252.1091245461
252.6091290673
253.1039788109
253.5937789793
254.0786315867

53.8320021447
78.8624577092
95.3495973036
107.6640042894
117.4968683670
125.6825185155
132.6944598539
138.8274538587
144.2775099791
149.1815994484
153.6392165804
157.7249154185
161.4960064341
164.9974956692
168.2653730197
171.3288705118
174.2120550129
176.9349777195
179.5145206602
181.9650312684
184.2988056689
186.5264619987
188.6572324837
190.6991946073
192.6594560034
194.5443037640
196.3593260763
198.1095121238
199.7993347513
201.4328193444
203.0136015931
204.5449762248
206.0299383501
207.4712187252
208.8713139749
210.2325126162
211.5569175632
212.8464656707
214.1029447708
215.3280085789
216.5231897819
217.6899115679
218.8294978140
219.9431821168
221.0321158192
222.0973751644
223.1399676883
224.1608379466
225.1608726565
226.1409053251
227.1017204231
228.0440571576
228.9686128885
229.8760462291
230.7669798642
231.6420031168
232.5016742897
233.3465228050
234.1770511624
234.9937367341
235.7970334131
236.5873731277
237.3651672364
238.1308078136
238.8846688367
239.6271072827
240.3584641434
241.0790653655
241.7892227233
242.4892346284
243.1793868826
243.8599533785
244.5311967521
245.1933689912
245.8467120038
246.4914581481
247.1278307289
247.7560444620
248.3763059087
248.9888138841
249.5937598394
250.1913282210
250.7816968083
251.3650370311
251.9415142685
252.5112881303
253.0745127221
253.6313368960
254.1819044861
254.7263545319
255.2648214891
255.7974354287
256.3243222258
256.8456037378
257.3613979742
257.8718192562
258.3769783695
258.8769827081
259.3719364114

54.9306144333
80.4718956216
97.2955074527
109.8612288667
119.8947636398
128.2474678730
135.4025100550
141.6606672027
147.2219489582
152.2261218861
156.7747107964
160.9437912433
164.7918433001
168.3647914992
171.6993602242
174.8253780732
177.7674030744
180.5458956321
183.1780823064
185.6786033351
188.0600057846
190.3331244884
192.5073800854
194.5910149054
196.5912816361
198.5145956775
200.3666592615
202.1525633916
203.8768721952
205.5436932085
207.1567363195
208.7193634947
210.2346309694
211.7053252298
213.1339938520
214.5229720573
215.8744056767
217.1902710926
218.4723926232
219.7224577335
220.9420303897
222.1325628244
223.2954059326
224.4318184865
225.5429753257
226.6299746575
227.6938445799
228.7355489251
229.7559925066
230.7560258420
231.7364494114
232.6980175078
233.6414417230
234.5673941113
235.4765100655
236.3693909355
237.2466064181
238.1086967398
238.9561746555
239.7895272797
240.6092177685
241.4156868650
242.2093543228
242.9906202180
243.7598661600
244.5174564110
245.2637389218
245.9990462913
246.7236966564
247.4379945188
248.1422315129
248.8366871209
249.5216293388
250.1973152972
250.8639918406
251.5218960695
252.1712558458
252.8122902673
253.4452101109
254.0702182491
254.6875100402
255.2972736949
255.8996906207
256.4949357460
257.0831778250
257.6645797248
258.2392986961
258.8074866286
259.3692902919
259.9248515632
260.4743076420
261.0177912538
261.5554308426
262.0873507529
262.6136714022
263.1345094451
263.6499779281
264.1601864368
264.6652412361

56.0292267220
82.0813335341
99.2414176017
112.0584534441
122.2926589126
130.8124172305
138.1105602561
144.4938805468
150.1663879374
155.2706443238
159.9102050123
164.1626670682
168.0876801661
171.7320873292
175.1333474286
178.3218856347
181.3227511358
184.1568135447
186.8416439525
189.3921754018
191.8212059003
194.1397869782
196.3575276871
198.4828352035
200.5231072688
202.4848875910
204.3739924467
206.1956146594
207.9544096391
209.6545670727
211.2998710459
212.8937507646
214.4393235888
215.9394317343
217.3966737290
218.8134314985
220.1918937903
221.5340765144
222.8418404757
224.1169068882
225.3608709975
226.5752140809
227.7613140513
228.9204548562
230.0538348322
231.1625741507
232.2477214715
233.3102599036
234.3511123568
235.3711463588
236.3711783996
237.3519778579
238.3142705574
239.2587419936
240.1860402668
241.0967787542
241.9915385464
242.8708706746
243.7352981486
244.5853178253
245.4214021239
246.2440006023
247.0535414093
247.8504326223
248.6350634831
249.4078055392
250.1690137003
250.9190272171
251.6581705896
252.3867544092
253.1050761431
253.8134208633
254.5120619256
255.2012616031
255.8812716774
256.5523339909
257.2146809628
257.8685360727
258.5141143131
259.1516226141
259.7812602410
260.4032191688
261.0176844332
261.6248344610
262.2248413815
262.8178713193
263.4040846700
263.9836363611
264.5566760978
265.1233485945
265.6837937948
266.2381470789
266.7865394595
267.3290977679
267.8659448303
268.3971996341
268.9229774866
269.4433901655
269.9585460609

57.1278390107
83.6907714465
101.1873277508
114.2556780214
124.6905541854
133.3773665879
140.8186104572
147.3270938908
153.1108269166
158.3151667615
163.0456992282
167.3815428931
171.3835170322
175.0993831592
178.5673346331
181.8183931961
184.8780991974
187.7677314574
190.5052055986
193.1057474685
195.5824060160
197.9464494679
200.2076752888
202.3746555017
204.4549329016
206.4551795046
208.3813256320
210.2386659273
212.0319470830
213.7654409369
215.4430057723
217.0681380345
218.6440162082
220.1735382389
221.6593536060
223.1038909396
224.5093819038
225.8778819363
227.2112883282
228.5113560429
229.7797116053
231.0178653374
232.2272221699
233.4090912260
234.5646943388
235.6951736439
236.8015983631
237.8849708820
238.9462322069
239.9862668756
241.0059073878
242.0059382081
242.9870993919
243.9500898758
244.8955704681
245.8241665729
246.7364706748
247.6330446094
248.5144216417
249.3811083709
250.2335864793
251.0723143396
251.8977284957
252.7102450267
253.5102608063
254.2981546674
255.0742884787
255.8390081430
256.5926445227
257.3355142996
258.0679207734
258.7901546058
259.5024945124
260.2052079090
260.8985515143
261.5827719123
262.2581060797
262.9247818780
263.5830185154
264.2330269791
264.8750104419
265.5091646427
266.1356782456
266.7547331759
267.3665049380
267.9711629138
268.5688706439
269.1597860937
269.7440619036
270.3218456257
270.8932799477
271.4585029040
272.0176480763
272.5708447830
273.1182182583
273.6598898229
274.1959770452
274.7265938942
275.2518508856

58.2264512993
85.3002093589
103.1332378999
116.4529025987
127.0884494582
135.9423159454
143.5266606583
150.1603072349
156.0552658957
161.3596891993
166.1811934442
170.6004187179
174.6793538981
178.4666789892
182.0013218376
185.3149007576
188.4334472588
191.3786493700
194.1687672448
196.8193195352
199.3436061316
201.7531119577
204.0578228905
206.2664757998
208.3867585343
210.4254714182
212.3886588172
214.2817171951
216.1094845269
217.8763148011
219.5861404986
221.2425253044
222.8487088276
224.4076447435
225.9220334831
227.3943503808
228.8268700173
230.2216873581
231.5807361807
232.9058051975
234.1985522131
235.4605165939
236.6931302886
237.8977275957
239.0755538453
240.2277731370
241.3554752547
242.4596818606
243.5413520570
244.6013873925
245.6406363760
246.6598985582
247.6599282264
248.6414377580
249.6051006694
250.5515543916
251.4814028031
252.3952185442
253.2935451348
254.1768989165
255.0457708346
255.9006280769
256.7419155822
257.5700574311
258.3854581295
259.1885037956
259.9795632571
260.7589890688
261.5271184558
262.2842741899
263.0307654037
263.7668883482
264.4929270992
265.2091542150
265.9158313511
266.6132098337
267.3015311966
267.9810276833
268.6519227176
269.3144313441
269.9687606427
270.6151101166
271.2536720580
271.8846318908
272.5081684945
273.1244545083
273.7336566178
274.3359358263
274.9314477094
275.5203426570
276.1027661005
276.6788587290
277.2487566932
277.8125917980
278.3704916864
278.9225800118
279.4689766038
280.0097976230
280.5451557103

59.3250635880
86.9096472714
105.0791480489
118.6501271761
129.4863447310
138.5072653028
146.2347108594
152.9935205790
158.9997048749
164.4042116370
169.3166876601
173.8192945428
177.9751907641
181.8339748192
185.4353090421
188.8114083191
191.9887953203
194.9895672827
197.8323288909
200.5328916019
203.1048062473
205.5597744475
207.9079704922
210.1582960979
212.3185841670
214.3957633317
216.3959920024
218.3247684630
220.1870219708
221.9871886653
223.7292752250
225.4169125743
227.0534014470
228.6417512481
230.1847133601
231.6848098219
233.1443581309
234.5654927800
235.9501840331
237.3002543522
238.6173928209
239.9031678504
241.1590384072
242.3863639654
243.5864133518
244.7603726302
245.9093521463
247.0343928391
248.1364719072
249.2165079093
250.2753653643
251.3138589084
252.3327570608
253.3327856403
254.3146308707
255.2789422104
256.2263349315
257.1573924790
258.0726686279
258.9726894621
259.8579551900
260.7289418142
261.5861026687
262.4298698354
263.2606554527
264.0788529239
264.8848380356
265.6789699946
266.4615923889
267.2330340803
267.9936100339
268.7436220906
269.4833596859
270.2131005210
270.9331111879
271.6436477551
272.3449563136
273.0372734887
273.7208269198
274.3958357091
275.0625108434
275.7210555905
276.3716658704
277.0145306057
277.6498320510
278.2777461028
278.8984425918
279.5120855589
280.1188335153
280.7188396882
281.3122522533
281.8992145541
282.4798653101
283.0543388131
283.6227651144
284.1852702008
284.7419761623
285.2930013518
285.8384605350

60.4236758767
88.5190851838
107.0250581980
120.8473517534
131.8842400038
141.0722146603
148.9427610605
155.8267339230
161.9441438541
167.4487340747
172.4521818760
177.0381703677
181.2710276301
185.2012706492
188.8692962466
192.3079158806
195.5441433818
198.6004851953
201.4958905370
204.2464636686
206.8660063630
209.3664369373
211.7581180939
214.0501163960
216.2504097997
218.3660552453
220.4033251877
222.3678197308
224.2645594147
226.0980625294
227.8724099514
229.5912998442
231.2580940664
232.8758577527
234.4473932372
235.9752692630
237.4618462444
238.9092982018
240.3196318856
241.6947035069
243.0362334287
244.3458191069
245.6249465259
246.8750003352
248.0972728583
249.2929721233
250.4632290379
251.6091038176
252.7315917573
253.8316284262
254.9100943525
255.9678192586
257.0055858953
258.0241335225
259.0241610721
260.0063300291
260.9712670599
261.9195664138
262.8517921210
263.7684800077
264.6701395454
265.5572555515
266.4302897551
267.2896822398
268.1358527760
268.9692020521
269.7901128140
270.5989509204
271.3960663221
272.1817939707
272.9564546642
273.7203558330
274.4737922727
275.2170468269
275.9503910247
276.6740856765
277.3883814305
278.0935192940
278.7897311220
279.4772400740
280.1562610443
280.8270010644
281.4896596828
282.1444293207
282.7914956075
283.4310376973
284.0632285657
284.6882352914
285.3062193211
285.9173367195
286.5217384062
287.1195703792
287.7109739269
288.2960858282
288.8750385424
289.4479603896
290.0149757209
290.5762050805
291.1317653597

61.5222881654
90.1285230962
108.9709683470
123.0445763308
134.2821352766
143.6371640178
151.6508112616
158.6599472671
164.8885828332
170.4932565124
175.5876760919
180.2570461925
184.5668644962
188.5685664791
192.3032834511
195.8044234420
199.0994914433
202.2114031080
205.1594521832
207.9600357353
210.6272064787
213.1730994270
215.6082656957
217.9419366941
220.1822354324
222.3363471588
224.4106583729
226.4108709986
228.3420968586
230.2089363936
232.0155446778
233.7656871141
235.4627866858
237.1099642573
238.7100731142
240.2657287042
241.7793343579
243.2531036237
244.6890797381
246.0891526616
247.4550740365
248.7884703633
250.0908546445
251.3636367049
252.6081323648
253.8255716165
255.0171059295
256.1838147961
257.3267116074
258.4467489430
259.5448233407
260.6217796087
261.6784147298
262.7154814047
263.7336912734
264.7337178478
265.7161991882
266.6817403486
267.6309156141
268.5642705533
269.4823239007
270.3855692888
271.2744768416
272.1494946442
273.0110500992
273.8595511803
274.6953875924
275.5189318463
276.3305402552
277.1305538611
277.9192992944
278.6970895754
279.4642248595
280.2209931328
280.9676708615
281.7045235979
282.4318065474
283.1497650994
283.8586353242
284.5586444390
285.2500112451
285.9329465383
286.6076534952
287.2743280356
287.9331591640
288.5843292918
289.2280145396
289.8643850240
290.4936051270
291.1158337508
291.7312245590
292.3399262043
292.9420825438
293.5378328432
294.1273119705
294.7106505785
295.2879752794
295.8594088092
296.4250701845

62.6209004540
91.7379610087
110.9168784961
125.2418009081
136.6800305494
146.2021133752
154.3588614627
161.4931606111
167.8330218124
173.5377789501
178.7231703079
183.4759220174
187.8627013621
191.9358623091
195.7372706556
199.3009310035
202.6548395048
205.8223210206
208.8230138293
211.6736078020
214.3884065944
216.9797619168
219.4584132974
221.8337569922
224.1140610652
226.3066390724
228.4179915581
230.4539222665
232.4196343025
234.3198102578
236.1586794042
237.9400743839
239.6674793052
241.3440707619
242.9727529912
244.5561881453
246.0968224715
247.5969090456
249.0585275905
250.4836018162
251.8739146443
253.2311216198
254.5567627632
255.8522730746
257.1189918714
258.3581711096
259.5709828211
260.7585257746
261.9218314576
263.0618694598
264.1795523290
265.2757399589
266.3512435642
267.4068292869
268.4432214747
269.4611056665
270.4611313166
271.4439142834
272.4100391072
273.3600610989
274.2945082561
275.2138830261
276.1186639280
277.0093070485
277.8862474224
278.7499003085
279.6006623709
280.4389127721
281.2650141883
282.0793137514
282.8821439247
283.6738233179
284.4546574463
285.2249394388
285.9849506983
286.7349615192
287.4752316643
288.2060109047
288.9275395264
289.6400488040
290.3437614459
291.0388920122
291.7256473076
292.4042267505
293.0748227205
293.7376208863
294.3928005135
295.0405347566
295.6809909328
296.3143307820
296.9407107118
297.5602820294
298.1731911606
298.7795798583
299.3795853985
299.9733407675
300.5609748380
301.1426125380
301.7183750092

63.7195127427
93.3473989211
112.8627886451
127.4390254854
139.0779258222
148.7670627327
157.0669116638
164.3263739552
170.7774607916
176.5823013879
181.8586645238
186.6947978422
191.1585382281
195.3031581391
199.1712578600
202.7974385650
206.2101875663
209.4332389333
212.4865754754
215.3871798687
218.1496067101
220.7864244066
223.3085608991
225.7255772903
228.0458866979
230.2769309859
232.4253247434
234.4969735343
236.4971717464
238.4306841219
240.3018141306
242.1144616538
243.8721719246
245.5781772666
247.2354328683
248.8466475865
250.4143105850
251.9407144674
253.4279754430
254.8780509709
256.2927552521
257.6737728763
259.0226708819
260.3409094444
261.6298513779
262.8907706028
264.1248597127
265.3332367531
266.5169513077
267.6769899767
268.8142813172
269.9297003090
271.0240723987
272.0981771692
273.1527516760
274.1884934852
275.2060634450
276.2060882182
277.1891626003
278.1558516445
279.1066926115
280.0421967634
280.9628510145
281.8691194529
282.7614447455
283.6402494368
284.5059371493
285.3588936979
286.1994881215
287.0280736418
287.8449885550
288.6505570603
289.4450900331
290.2288857447
291.0022305352
291.7653994407
292.5186567812
293.2622567101
293.9964437287
294.7214531690
295.4375116467
296.1448374861
296.8436411201
297.5341254654
298.2164862770
298.8909124807
299.5575864875
300.2166844892
300.8683767386
301.5128278133
302.1501968647
302.7806378544
303.4042997775
304.0213268733
304.6318588266
305.2360309564
305.8339743966
306.4258162667
307.0116798339

64.8181250314
94.9568368335
114.8086987942
129.6362500628
141.4758210950
151.3320120902
159.7749618649
167.1595872992
173.7218997707
179.6268238256
184.9941587397
189.9136736671
194.4543750941
198.6704539691
202.6052450645
206.2939461264
209.7655356278
213.0441568459
216.1501371215
219.1007519354
221.9108068258
224.5930868964
227.1587085008
229.6173975884
231.9777123306
234.2472228995
236.4326579286
238.5400248021
240.5747091903
242.5415579861
244.4449488570
246.2888489237
248.0768645440
249.8122837711
251.4981127453
253.1371070277
254.7317986985
256.2845198893
257.7974232954
259.2725001256
260.7115958599
262.1164241328
263.4885790005
264.8295458141
266.1407108844
267.4233700959
268.6787366043
269.9079477316
271.1120711578
272.2921104935
273.4490103054
274.5836606592
275.6969012332
276.7895250514
277.8622818773
278.9158813039
279.9509955733
280.9682621530
281.9682860935
282.9516421901
283.9188769669
284.8705105007
285.8070381009
286.7289318572
287.6366420688
288.5305985650
289.4112119277
290.2788746238
291.1339620546
291.9768335322
292.8078331852
293.6272908027
294.4355226198
295.2328320507
296.0195103719
296.7958373620
297.5620818981
298.3185025154
299.0653479309
299.8028575340
300.5312618475
301.2507829600
301.9616349325
302.6640241804
303.3581498335
304.0442040752
304.7223724614
305.3928342217
306.0557625445
306.7113248446
307.3596830175
308.0009936795
308.6354083943
309.2630738884
309.8841322546
310.4987211453
311.1069739551
311.7090199954
312.3049846586

65.9167373200
96.5662747460
116.7546089432
131.8334746401
143.8737163678
153.8969614476
162.4830120661
169.9928006433
176.6663387499
182.6713462633
188.1296529556
193.1325494920
197.7502119602
202.0377497991
206.0392322690
209.7904536879
213.3208836893
216.6550747585
219.8136987677
222.8143240022
225.6720069415
228.3997493861
231.0088561025
233.5092178865
235.9095379633
238.2175148130
240.4399911139
242.5830760700
244.6522466342
246.6524318503
248.5880835834
250.4632361936
252.2815571633
254.0463902757
255.7607926224
257.4275664688
259.0492868121
260.6283253111
262.1668711479
263.6669492802
265.1304364677
266.5590753893
267.9544871192
269.3181821838
270.6515703909
271.9559695891
273.2326134959
274.4826587101
275.7071910080
276.9072310104
278.0837392937
279.2376210093
280.3697300676
281.4808729336
282.5718120786
283.6432691226
284.6959277017
285.7304360878
286.7474095866
287.7474327357
288.7310613222
289.6988242380
290.6512251874
291.5887442616
292.5118393920
293.4209476932
294.3164867062
295.1988555496
296.0684359877
296.9255934225
297.7706778155
298.6040245451
299.4259552066
300.2367783566
301.0367902088
301.8262752834
302.6055070150
303.3747483208
304.1342521331
304.8842618989
305.6250120483
306.3567284339
307.0796287449
307.7939228953
308.4998133901
309.1974956698
309.8871584353
310.5689839543
311.2431483503
311.9098218758
312.5691691704
313.2213495046
313.8665170112
314.5048209035
315.1364056827
315.7614113342
316.3799735137
316.9922237242
317.5982894833

67.0153496087
98.1757126584
118.7005190923
134.0306992174
146.2716116406
156.4619108051
165.1910622672
172.8260139873
179.6107777290
185.7158687010
191.2651471716
196.3514253168
201.0460488262
205.4050456291
209.4732194735
213.2869612494
216.8762317507
220.2659926712
223.4772604138
226.5278960689
229.4332070572
232.2064118759
234.8590037042
237.4010381846
239.8413635961
242.1878067266
244.4473242991
246.6261273378
248.7297840781
250.7633057145
252.7312183098
254.6376234635
256.4862497828
258.2804967803
260.0234724994
261.7180259099
263.3667749256
264.9721307330
266.5363190004
268.0613984349
269.5492770755
271.0017266458
272.4203952378
273.8068185536
275.1624298974
276.4885690822
277.7864903875
279.0573696886
280.3023108581
281.5223515272
282.7184682819
283.8915813595
285.0425589021
286.1722208159
287.2813422799
288.3706569413
289.4408598301
290.4926100226
291.5265330797
292.5432232813
293.5432456776
294.5271379753
295.4954122739
296.4485566659
297.3870367152
298.3112968214
299.2217614846
300.1188364754
301.0029099209
301.8743533130
302.7335224458
303.5807582875
304.4163877934
305.2407246626
306.0540700456
306.8567132048
307.6489321320
308.4309941261
309.2031563353
309.9656662639
310.7187622491
311.4626739078
312.1976225573
312.9238216102
313.6414769465
314.3507872643
315.0519444092
315.7451336869
316.4305341562
317.1083189071
317.7786553232
318.4417053297
319.0976256280
319.7465679185
320.3886791107
321.0241015231
321.6529730723
322.2754274529
322.8915943081

68.1139618974
99.7851505708
120.6464292414
136.2279237948
148.6695069134
159.0268601625
167.8991124683
175.6592273314
182.5552167082
188.7603911387
194.4006413875
199.5703011417
204.3418856922
208.7723414591
212.9072066780
216.7834688108
220.4315798122
223.8769105838
227.1408220599
230.2414681356
233.1944071729
236.0130743656
238.7091513059
241.2928584828
243.7731892288
246.1580986401
248.4546574843
250.6691786056
252.8073215220
254.8741795786
256.8743530362
258.8120107334
260.6909424021
262.5146032849
264.2861523765
266.0084853511
267.6842630391
269.3159361548
270.9057668528
272.4558475896
273.9681176833
275.4443779023
276.8863033565
278.2954549233
279.6732894039
281.0211685754
282.3403672791
283.6320806671
284.8974307082
286.1374720440
287.3531972701
288.5455417097
289.7153877365
290.8635686981
291.9908724812
293.0980447600
294.1857919584
295.2547839574
296.3056565728
297.3390138269
298.3554300330
299.3554517126
300.3395993603
301.3083690703
302.2622340384
303.2016459497
304.1270362631
305.0388174012
305.9373838540
306.8231132033
307.6963670760
308.5574920300
309.4068203802
310.2446709685
311.0713498824
311.8871511262
312.6923572489
313.4872399315
314.2720605375
315.0470706289
315.8125124499
316.5686193817
317.3156163697
318.0537203251
318.7831405030
319.5040788587
320.2167303831
320.9212834195
321.6179199620
322.3068159384
322.9881414760
323.6620611547
324.3287342448
324.9883149336
325.6409525388
326.2867917120
326.9259726308
327.5586311816
328.1848991328

69.2125741860
101.3945884833
122.5923393904
138.4251483721
151.0674021862
161.5918095200
170.6071626693
178.4924406755
185.4996556874
191.8049135765
197.5361356034
202.7891769666
207.6377225582
212.1396372891
216.3411938825
220.2799763723
223.9869278737
227.4878284965
230.8043837061
233.9550402023
236.9556072886
239.8197368554
242.5592989076
245.1846787809
247.7050148615
250.1283905537
252.4619906695
254.7122298735
256.8848589659
258.9850534428
261.0174877626
262.9863980033
264.8956350215
266.7487097895
268.5488322535
270.2989447922
272.0017511527
273.6597415767
275.2752147053
276.8502967442
278.3869582911
279.8870291588
281.3522114751
282.7840912930
284.1841489104
285.5537680685
286.8942441707
288.2067916456
289.4925505584
290.7525925609
291.9879262583
293.1995020598
294.3882165710
295.5549165803
296.7004026826
297.8254325788
298.9307240868
300.0169578921
301.0847800659
302.1348043725
303.1676143883
304.1837654499
305.1837864468
306.1681814747
307.1374313616
308.0919950779
309.0323110415
309.9587983271
310.8718577871
311.7718730937
312.6592117063
313.5342257724
314.3972529669
315.2486172744
316.0886297192
316.9175890476
317.7357823658
318.5434857368
319.3409647397
320.1284749939
320.9062626507
321.6745648556
322.4336101821
323.1836190400
323.9248040596
324.6573704532
325.3815163571
326.0974331520
326.8053057678
327.5053129696
328.1976276289
328.8824169798
329.5598428617
330.2300619486
330.8932259668
331.5494819009
332.1989721894
332.8418349104
333.4782039575

70.3111864747
103.0040263957
124.5382495395
140.6223729494
153.4652974590
164.1567588775
173.3152128704
181.3256540195
188.4440946665
194.8494360142
200.6716298194
206.0080527915
210.9335594242
215.5069331190
219.7751810869
223.7764839338
227.5422759352
231.0987464091
234.4679453522
237.6686122690
240.7168074043
243.6263993452
246.4094465093
249.0764990790
251.6368404943
254.0986824672
256.4693238548
258.7552811413
260.9623964099
263.0959273070
265.1606224890
267.1607852732
269.1003276409
270.9828162941
272.8115121305
274.5894042334
276.3192392662
278.0035469985
279.6446625578
281.2447458989
282.8057988989
284.3296804153
285.8181195938
287.2727276627
288.6950084170
290.0863675617
291.4481210623
292.7815026241
294.0876704085
295.3677130777
296.6226552466
297.8534624100
299.0610454054
300.2462644626
301.4099328839
302.5528203975
303.6756562151
304.7791318269
305.8639035590
306.9305949181
307.9797987437
309.0120791872
310.0279735332
311.0279938790
312.0126286847
312.9823442061
313.9375858199
314.8787792529
315.8063317202
316.7206329841
317.6220563365
318.5109595148
319.3876855537
320.2525635804
321.1059095560
321.9480269690
322.7792074827
323.5997315422
324.4098689420
325.2098793589
326.0000128515
326.7805103295
327.5516039946
328.3135177550
329.0664676161
329.8106620477
330.5463023310
331.2735828846
331.9926915737
332.7038100009
333.4071137817
334.1027728049
334.7909514786
335.4718089637
336.1454993949
336.8121720898
337.4719717479
338.1250386391
338.7715087823

71.4097987634
104.6134643081
126.4841596885
142.8195975268
155.8631927318
166.7217082349
176.0232630716
184.1588673635
191.3885336457
197.8939584519
203.8071240353
209.2269286163
214.2293962902
218.8742289490
223.2091682914
227.2729914952
231.0976239967
234.7096643218
238.1315069983
241.3821843357
244.4780075200
247.4330618349
250.2595941110
252.9683193771
255.5686661270
258.0689743808
260.4766570400
262.7983324091
265.0399338538
267.2068011712
269.3037572153
271.3351725431
273.3050202603
275.2169227987
277.0741920076
278.8798636745
280.6367273798
282.3473524204
284.0141104102
285.6391950536
287.2246395067
288.7723316718
290.2840277124
291.7613640325
293.2058679235
294.6189670548
296.0019979539
297.3562136026
298.6827902586
299.9828335946
301.2573842348
302.5074227601
303.7338742399
304.9376123448
306.1194630852
307.2802082162
308.4205883435
309.5413057617
310.6430270522
311.7263854637
312.7919830991
313.8403929245
314.8721606197
315.8878062834
316.8878260079
317.8726933343
318.8428605984
319.7987601787
320.7408056534
321.6693928745
322.5849009668
323.4876932572
324.3781181405
325.2565098863
326.1231893928
326.9784648904
327.8226325996
328.6559773475
329.4787731442
330.2912837239
331.0937630523
331.8864558034
332.6695978070
333.4434164699
334.2081311725
334.9639536422
335.7110883049
336.4497326172
337.1800773795
337.9023070322
338.6165999346
339.3231286300
340.0220600954
340.7135559787
341.3977728229
342.0748622787
342.7449713065
343.4082423678
344.0648136070

72.5084110520
106.2229022206
128.4300698376
145.0168221041
158.2610880046
169.2866575924
178.7313132726
186.9920807076
194.3329726249
200.9384808897
206.9426182512
212.4458044412
217.5252331562
222.2415247790
226.6431554959
230.7694990567
234.6529720582
238.3205822344
241.7950686444
245.0957564024
248.2392076357
251.2397243247
254.1097417128
256.8601396752
259.5004917597
262.0392662943
264.4839902252
266.8413836770
269.1174712976
271.3176750353
273.4468919417
275.5095598130
277.5097128797
279.4510293033
281.3368718846
283.1703231157
284.9542154933
286.6911578422
288.3835582627
290.0336442083
291.6434801145
293.2149829282
294.7499358311
296.2500004022
297.7167274300
299.1515665480
300.5558748455
301.9309245811
303.2779101088
304.5979541114
305.8921132230
307.1613831103
308.4067030744
309.6289602270
310.8289932865
312.0075960349
313.1655204719
314.3034796965
315.4221505453
316.5221760093
317.6041674544
318.6687066618
319.7163477062
320.7476186877
321.7630233312
322.7630424625
323.7481353768
324.7187411045
325.6752795865
326.6181527648
327.5477455970
328.4644269996
329.3685507273
330.2604561922
331.1404692296
332.0089028118
332.8660577166
333.7122231529
334.5476773464
335.3726880888
336.1875132531
336.9924012773
337.7875916194
338.5733151848
339.3497947290
340.1172452367
340.8758742788
341.6258823497
342.3674631854
343.1008040634
343.8260860874
344.5434844551
345.2531687123
345.9553029938
346.6500462510
347.3375524676
348.0179708651
348.6914460966
349.3581184317

73.6070233407
107.8323401330
130.3759799866
147.2140466814
160.6589832774
171.8516069498
181.4393634737
189.8252940517
197.2774116041
203.9830033274
210.0781124671
215.6646802661
220.8210700222
225.6088206090
230.0771427004
234.2660066182
238.2083201197
241.9315001470
245.4586302906
248.8093284691
252.0004077513
255.0463868145
257.9598893145
260.7519599733
263.4323173924
266.0095582079
268.4913234105
270.8844349448
273.1950087416
275.4285488995
277.5900266681
279.6839470829
281.7144054991
283.6851358079
285.5995517617
287.4607825568
289.2717036068
291.0349632641
292.7530061152
294.4280933629
296.0623207222
297.6576341847
299.2158439497
300.7386367719
302.2275869365
303.6841660412
305.1097517371
306.5056355596
307.8730299589
309.2130746283
310.5268422113
311.8153434604
313.0795319089
314.3203081092
315.5385234878
316.7349838536
317.9104526002
319.0656536313
320.2012740383
321.3179665549
322.4163518098
323.4970203991
324.5605347926
325.6074310921
326.6382206544
327.6533915907
328.6534101553
329.6387220303
330.6097535196
331.5669126552
332.5105902273
333.4411607421
334.3589833141
335.2644024982
336.1577490665
337.0393407332
337.9094828335
338.7684689582
339.6165815486
340.4540924538
341.2812634539
342.0983467512
342.9055854318
343.7032138997
344.4914582855
345.2705368312
346.0406602527
346.8020320823
347.5548489912
348.2993010947
349.0355722402
349.7638402801
350.4842773291
351.1970500089
351.9023196790
352.6002426565
353.2909704236
353.9746498253
354.6514232564

74.7056356294
109.4417780454
132.3218901357
149.4112712588
163.0568785502
174.4165563073
184.1474136748
192.6585073957
200.2218505832
207.0275257651
213.2136066831
218.8835560909
224.1169068882
228.9761164390
233.5111299049
237.7625141796
241.7636681812
245.5424180597
249.1221919367
252.5229005358
255.7616078670
258.8530493043
261.8100369162
264.6437802714
267.3641430251
269.9798501215
272.4986565957
274.9274862126
277.2725461855
279.5394227637
281.7331613945
283.8583343528
285.9190981185
287.9192423125
289.8622316387
291.7512419980
293.5891917204
295.3787686859
297.1224539676
298.8225425176
300.4811613300
302.1002854412
303.6817520684
305.2272731417
306.7384464430
308.2167655343
309.6636286287
311.0803465381
312.4681498090
313.8281951451
315.1615711995
316.4693038106
317.7523607433
319.0116559915
320.2480536891
321.4623716723
322.6553847286
323.8278275661
324.9803975315
326.1137571005
327.2285361652
328.3253341364
329.4047218791
330.4672434965
331.5134179775
332.5437407190
333.5586849337
334.5587029562
335.5442274528
336.5156725456
337.4734348575
338.4178944845
339.3494159008
340.2683488041
341.1750289033
342.0697786546
342.9529079504
343.8247147636
344.6854857508
345.5354968188
346.3750136547
347.2042922251
348.0235792442
348.8331126146
349.6331218421
350.4238284257
351.2054462267
351.9781818149
352.7422347970
353.4977981259
354.2450583931
354.9841961051
355.7153859460
356.4387970239
357.1545931070
357.8629328454
358.5639699822
359.2578535540
359.9447280811

75.8042479180
111.0512159579
134.2678002847
151.6084958361
165.4547738230
176.9815056648
186.8554638759
195.4917207398
203.1662895624
210.0720482028
216.3491008990
222.1024319158
227.4127437542
232.3434122690
236.9451171094
241.2590217411
245.3190162427
249.1533359723
252.7857535828
256.2364726025
259.5228079827
262.6597117940
265.6601845179
268.5356005695
271.2959686579
273.9501420350
276.5059897809
278.9705374805
281.3500836294
283.6502966279
285.8762961209
288.0327216227
290.1237907379
292.1533488171
294.1249115157
296.0417014391
297.9066798339
299.7225741078
301.4919018201
303.2169916723
304.9000019378
306.5429366977
308.1476601870
309.7159095114
311.2493059495
312.7493650275
314.2175055203
315.6550575166
317.0632696592
318.4433156619
319.7963001877
321.1232641608
322.4251895777
323.7030038737
324.9575838904
326.1897594910
327.4003168569
328.5900015009
329.7595210246
330.9095476460
332.0407205206
333.1536478737
334.2489089655
335.3270559008
336.3886153008
337.4340898472
338.4639597121
339.4786838820
340.4787013859
341.4644324360
342.4362794878
343.3946282269
344.3398484876
345.2722951101
346.1923087401
347.1002165760
347.9963330673
348.8809605689
349.7543899531
350.6169011838
351.4687638555
352.3102376990
353.1415730566
353.9630113296
354.7747853986
355.5771200202
356.3702322006
357.1543315475
357.9296206028
358.6962951572
359.4545445459
360.2045519302
360.9464945628
361.6805440390
362.4068665351
363.1256230343
363.8369695407
364.5410572827
365.2380329058

76.9028602067
112.6606538703
136.2137104338
153.8057204135
167.8526690958
179.5464550222
189.5635140771
198.3249340838
206.1107285415
213.1165706405
219.4845951149
225.3213077407
230.7085806202
235.7107080989
240.3791043139
244.7555293025
248.8743643041
252.7642538850
256.4493152290
259.9500446692
263.2840080984
266.4663742838
269.5103321196
272.4274208677
275.2277942906
277.9204339485
280.5133229662
283.0135887483
285.4276210733
287.7611704920
290.0194308473
292.2071088926
294.3284833572
296.3874553217
298.3875913928
300.3321608803
302.2241679474
304.0663795296
305.8613496726
307.6114408270
309.3188425457
310.9855879542
312.6135683057
314.2045458811
315.7601654561
317.2819645206
318.7713824119
320.2297684951
321.6583895093
323.0584361788
324.4310291759
325.7772245109
327.0980184122
328.3943517559
329.6671140917
330.9171473097
332.1452489853
333.3521754357
334.5386445177
335.7053381917
336.8529048760
337.9819616111
339.0930960520
340.1868683052
341.2638126240
342.3244389754
343.3692344906
344.3986648078
345.4131753190
346.4131923264
347.3991241181
348.3713619693
349.3302810744
350.2762414160
351.2095885769
352.1306544974
353.0397581842
353.9372063743
354.8232941553
355.6983055488
356.5625140563
357.4161831729
358.2595668690
359.0929100445
359.9164489551
360.7304116147
361.5350181745
362.3304812800
363.1170064087
363.8947921884
364.6640306987
365.4249077553
366.1776031797
366.9222910540
367.6591399631
368.3883132232
369.1099690993
369.8242610115
370.5313377306

78.0014724954
114.2700917827
138.1596205828
156.0029449908
170.2505643686
182.1114043797
192.2715642782
201.1581474279
209.0551675207
216.1610930783
222.6200893309
228.5401835655
234.0044174862
239.0780039289
243.8130915183
248.2520368640
252.4297123657
256.3751717976
260.1128768751
263.6636167359
267.0452082141
270.2730367736
273.3604797213
276.3192411657
279.1596199233
281.8907258621
284.5206561514
287.0566400161
289.5051585172
291.8720443562
294.1625655737
296.3814961625
298.5331759766
300.6215618263
302.6502712698
304.6226203214
306.5416560609
308.4101849515
310.2307975251
312.0058899816
313.7376831534
315.4282392107
317.0794764244
318.6931822509
320.2710249626
321.8145640138
323.3252593035
324.8044794736
326.2535093594
327.6735566956
329.0657581642
330.4311848611
331.7708472467
333.0856996382
334.3766442931
335.6445351285
336.8901811137
338.1143493705
339.3177680108
340.5011287373
341.6650892313
342.8102753484
343.9372831384
345.0466807096
346.1390099472
347.2147881036
348.2745092690
349.3186457337
350.3476492522
351.3619522167
352.3619687483
353.3480957117
354.3207136612
355.2801877220
356.2268684137
357.1610924187
358.0831833011
358.9934521796
359.8921983575
360.7797099137
361.6562642571
362.5221286468
363.3775606815
364.2228087594
365.0581125115
365.8837032092
366.6998041484
367.5066310126
368.3043922145
369.0932892197
369.8735168516
370.6452635804
371.4087117965
372.1640380691
372.9114133912
373.6510034121
374.3829686579
375.1074647402
375.8246425553

79.1000847840
115.8795296952
140.1055307319
158.2001695681
172.6484596414
184.6763537371
194.9796144793
203.9913607719
211.9996064999
219.2056155160
225.7555835468
231.7590593904
237.3002543522
242.4452997589
247.2470787228
251.7485444255
255.9850604271
259.9860897103
263.7764385212
267.3771888026
270.8064083298
274.0796992633
277.2106273230
280.2110614639
283.0914455561
285.8610177756
288.5279893366
291.0996912840
293.5826959611
295.9829182204
298.3057003001
300.5558834324
302.7378685960
304.8556683309
306.9129511469
308.9130797626
310.8591441745
312.7539903734
314.6002453775
316.4003391363
318.1565237612
319.8708904672
321.5453845430
323.1818186206
324.7818844691
326.3471635069
327.8791361951
329.3791904521
330.8486292095
332.2886772124
333.7004871524
335.0851452112
336.4436760811
337.7770475204
339.0861744944
340.3719229472
341.6351132420
342.8765233053
344.0968915039
345.2969192828
346.4772735867
347.6385890856
348.7814702249
349.9064931139
351.0142072704
352.1051372318
353.1797840474
354.2386266595
355.2821231853
356.3107121071
357.3248133786
358.3248294542
359.3111462479
360.2841340279
361.2441482505
362.1915303401
363.1266084180
364.0496979849
364.9611025597
365.8611142787
366.7500144579
367.6280741207
368.4955544939
369.3527074743
370.1997760681
371.0369948037
371.8645901223
372.6827807451
373.4917780204
374.2917862510
375.0830030044
375.8656194055
376.6398204134
377.4057850842
378.1636868192
378.9136936010
379.6559682165
380.3906684690
381.1179473800

80.1986970727
117.4889676076
142.0514408810
160.3973941455
175.0463549142
187.2413030946
197.6876646804
206.8245741160
214.9440454790
222.2501379537
228.8910777627
234.9779352153
240.5960912182
245.8125955889
250.6810659273
255.2450519869
259.5404084886
263.5970076229
267.4400001674
271.0907608693
274.5676084455
277.8863617531
281.0607749247
284.1028817620
287.0232711888
289.8313096892
292.5353225218
295.1427425518
297.6602334050
300.0937920845
302.4488350265
304.7302707023
306.9425612154
309.0897748355
311.1756310239
313.2035392037
315.1766322880
317.0977957952
318.9696932300
320.7947882910
322.5753643690
324.3135417237
326.0112926617
327.6704549903
329.2927439756
330.8797630001
332.4330130867
333.9539014306
335.4437490597
336.9037977293
338.3352161406
339.7391055614
341.1165049156
342.4683954026
343.7957046957
345.0993107659
346.3800453704
347.6386972401
348.8760149970
350.0927098284
351.2894579421
352.4669028229
353.6256573113
354.7663055183
355.8894045935
356.9954863600
358.0850588258
359.1586075853
360.2165971184
361.2594719975
362.2876580088
363.3015631966
364.3015788347
365.2880803339
366.2614280873
367.2219682615
368.1700335350
369.1059437903
370.0300067619
370.9425186437
371.8437646587
372.7340195946
373.6135483063
374.4826061892
375.3414396246
376.1902863982
377.0293760963
377.8589304777
378.6791638262
379.4902832823
380.2924891573
381.0859752306
381.8709290302
382.6475320992
383.4159602473
384.1763837899
384.9289677750
385.6738721977
386.4112522047

81.2973093614
119.0984055200
143.9973510300
162.5946187228
177.4442501870
189.8062524520
200.3957148815
209.6577874601
217.8884844582
225.2946603914
232.0265719787
238.1968110401
243.8919280842
249.1798914189
254.1150531318
258.7415595484
263.0957565501
267.2079255356
271.1035618135
274.8043329360
278.3288085612
281.6930242429
284.9109225264
287.9947020601
290.9550968215
293.8016016028
296.5426557071
299.1857938196
301.7377708489
304.2046659487
306.5919697528
308.9046579722
311.1472538348
313.3238813401
315.4383109010
317.4939986449
319.4941204016
321.4416012170
323.3391410824
325.1892374457
326.9942049768
328.7561929802
330.4772007803
332.1590913601
333.8036034821
335.4123624932
336.9868899783
338.5286124091
340.0388689098
341.5189182461
342.9699451289
344.3930659115
345.7893337500
347.1597432848
348.5052348970
349.8266985846
351.1249774987
352.4008711749
353.6551384901
354.8885003740
356.1016422974
357.2952165602
358.4698443978
359.6261179226
360.7646019167
361.8858354883
362.9903336043
364.0785885111
365.1510710515
366.2082318878
367.2505026391
368.2782969390
369.2920114215
370.2920266398
371.2787079241
372.2524061829
373.2134586519
374.1621895956
375.0989109642
376.0239230087
376.9375148596
377.8399650685
378.7315421187
379.6125049041
380.4831031810
381.3435779927
382.1941620702
383.0350802103
383.8665496321
384.6887803136
385.5019753101
386.3063310557
387.1020376471
387.8892791143
388.6682336753
389.4390739788
390.2019673336
390.9570759265
391.7045570294

82.3959216500
120.7078434325
145.9432611791
164.7918433001
179.8421454598
192.3712018095
203.1037650826
212.4910008041
220.8329234374
228.3391828292
235.1620661946
241.4156868650
247.1877649502
252.5471872489
257.5490403363
262.2380671099
266.6511046116
270.8188434482
274.7671234596
278.5179050027
282.0900086769
285.4996867327
288.7610701281
291.8865223582
294.8869224542
297.7718935163
300.5499888923
303.2288450875
305.8153082928
308.3155398129
310.7351044792
313.0790452421
315.3519464542
317.5579878447
319.7009907780
321.7844580860
323.8116085151
325.7854066389
327.7085889349
329.5836866003
331.4130455846
333.1988442367
334.9431088990
336.6477277298
338.3144629887
339.9449619864
341.5407668699
343.1033233876
344.6339887600
346.1340387630
347.6046741171
349.0470262617
350.4621625845
351.8510911671
353.2147650983
354.5540864033
355.8699096271
357.1630451097
358.4342619832
359.6842909196
360.9138266528
362.1235302975
363.3140314842
364.4859303270
365.6397992399
366.7761846165
367.8956083827
368.9985694369
370.0855449846
371.1569917782
372.2133472694
373.2550306814
374.2824440083
375.2959729458
376.2959877610
377.2828441042
378.2568837688
379.2184354010
380.1678151664
381.1053273737
382.0312650603
382.9459105424
383.8495359311
384.7424036191
385.6247667375
386.4968695872
387.3589480441
388.2112299429
389.0539354379
389.8872773448
390.7114614629
391.5266868807
392.3331462639
393.1310261293
393.9205071033
394.7017641678
395.4749668921
396.2402796552
396.9978618542

83.4945339387
122.3172813449
147.8891713281
166.9890678775
182.2400407326
194.9361511670
205.8118152837
215.3242141482
223.7773624165
231.3837052669
238.2975604105
244.6345626899
250.4836018162
255.9144830789
260.9830275408
265.7345746714
270.2064526731
274.4297613608
278.4306851057
282.2314770694
285.8512087926
289.3063492224
292.6112177298
295.7783426563
298.8187480869
301.7421854298
304.5573220775
307.2718963553
309.8928457367
312.4264136770
314.8782392056
317.2534325120
319.5566390736
321.7920943493
323.9636706550
326.0749175272
328.1290966286
330.1292120607
332.0780367874
333.9781357550
335.8318861924
337.6414954931
339.4090170176
341.1363640995
342.8253224952
344.4775614795
346.0946437615
347.6780343661
349.2291086101
350.7491592798
352.2394031053
353.7009866118
355.1349914190
356.5424390493
357.9242952996
359.2814742220
360.6148417554
361.9252190445
363.2133854763
364.4800814652
365.7260110081
366.9518440348
368.1582185707
369.3457427313
370.5149965632
371.6665337447
372.8008831612
373.9185503628
375.0200189178
376.1057516686
377.1761918996
378.2317644238
379.2728765950
380.2999192517
381.3132675977
382.3132820256
383.3003088857
384.2746812063
385.2367193686
386.1867317387
387.1250152612
388.0518560163
388.9675297435
389.8723023340
390.7664302941
391.6501611817
392.5237340180
393.3873796755
394.2413212437
395.0857743760
395.9209476158
396.7470427058
397.5642548808
398.3727731444
399.1727805314
399.9644543566
400.7479664507
401.5234833839
402.2911666789

84.5931462274
123.9267192574
149.8350814772
169.1862924548
184.6379360054
197.5011005244
208.5198654848
218.1574274922
226.7218013957
234.4282277046
241.4330546264
247.8534385148
253.7794386822
259.2817789088
264.4170147452
269.2310822328
273.7618007346
278.0406792735
282.0942467519
285.9450491361
289.6124089083
293.1130117122
296.4613653315
299.6701629544
302.7505737197
305.7124773434
308.5646552628
311.3149476231
313.9703831806
316.5372875412
319.0213739320
321.4278197818
323.7613316930
326.0262008538
328.2263505321
330.3653769683
332.4465847422
334.4730174826
336.4474846398
338.3725849096
340.2507268002
342.0841467496
343.8749251363
345.6250004693
347.3361820017
349.0101609727
350.6485206531
352.2527453446
353.8242284603
355.3642797966
356.8741320935
358.3549469620
359.8078202534
361.2337869315
362.6338255009
364.0088620407
365.3597738838
366.6873929793
367.9925089695
369.2758720108
370.5381953636
371.7801577721
373.0024056572
374.2055551357
375.3901938863
376.5568828729
377.7061579396
378.8385312886
379.9544928509
381.0545115590
382.1390365299
383.2084981662
384.2633091818
385.3038655577
386.3305474346
387.3437199471
388.3437340026
389.3309270117
390.3056235708
391.2681361036
392.2187654620
393.1578014902
394.0855235559
395.0022010489
395.9080938506
396.8034527762
397.6885199920
398.5635294080
399.4287070496
400.2842714073
401.1304337687
401.9673985309
402.7953634977
403.6145201594
404.4250539594
405.2271445455
406.0209660093
406.8066871127
407.5844715036

85.6917585161
125.5361571698
151.7809916262
171.3835170322
187.0358312782
200.0660498819
211.2279156859
220.9906408363
229.6662403749
237.4727501423
244.5685488424
251.0723143396
257.0752755482
262.6490747388
267.8510019497
272.7275897943
277.3171487961
281.6515971861
285.7578083980
289.6586212028
293.3736090240
296.9196742020
300.3115129333
303.5619832525
306.6823993524
309.6827692570
312.5719884480
315.3579988910
318.0479206245
320.6481614054
323.1645086584
325.6022070517
327.9660243124
330.2603073584
332.4890304091
334.6558364094
336.7640728557
338.8168229045
340.8169324923
342.7670340644
344.6695674080
346.5267980061
348.3408332549
350.1136368390
351.8470415082
353.5427604658
355.2023975447
356.8274563231
358.4193483104
359.9794003135
361.5088610818
363.0089073121
364.4806490879
365.9251348137
367.3433557022
368.7362498595
370.1047060122
371.4495669141
372.7716324625
374.0716625564
375.3503797189
376.6084715094
377.8465927436
379.0653675401
380.2653912096
381.4472320012
382.6114327180
383.7585122145
384.8889667841
386.0032714494
387.1018811602
388.1852319086
389.2537417686
390.3078118636
391.3478272714
392.3741578685
393.3871591196
394.3871728170
395.3745277730
396.3495404686
397.3125156628
398.2637469641
399.2035173684
400.1320997638
401.0497574071
401.9567443707
402.8533059659
403.7396791406
404.6160928555
405.4827684386
406.3399199215
407.1877543560
408.0264721145
408.8562671745
409.6773273875
410.4898347344
411.2939655678
412.0898908414
412.8777763284

86.7903708047
127.1455950822
153.7269017753
173.5807416095
189.4337265510
202.6309992394
213.9359658870
223.8238541803
232.6106793541
240.5172725801
247.7040430583
254.2911901645
260.3711124142
266.0163705688
271.2849891542
276.2240973557
280.8724968576
285.2625150988
289.4213700441
293.3721932695
297.1348091397
300.7263366917
304.1616605350
307.4538035506
310.6142249851
313.6530611705
316.5793216333
319.4010501588
322.1254580684
324.7590352696
327.3076433848
329.7765943217
332.1707169318
334.4944138631
336.7517102861
338.9462958506
341.0815609692
343.1606283263
345.1863803448
347.1614832190
349.0884080158
350.9694492626
352.8067413736
354.6022732087
356.3579010147
358.0753599589
359.7562744363
361.4021673016
363.0144681605
364.5945208303
366.1435900700
367.6628676623
369.1534779224
370.6164826960
372.0528859035
373.4636376781
374.8496381405
376.2117408489
377.5507559556
378.8674531020
380.1625640743
381.4367852468
382.6907798301
383.9251799444
385.1405885328
386.3375811294
387.5167074965
388.6784931403
389.8234407172
390.9520313397
392.0647257904
393.1619656511
394.2441743554
395.3117581696
396.3651071082
397.4045957899
398.4305842365
399.4434186224
400.4434319752
401.4309448336
402.4062658636
403.3696924380
404.3215111808
405.2619984788
406.1914209636
407.1100359652
408.0180919398
408.9158288732
409.8034786613
410.6812654699
411.5494060743
412.4081101810
413.2575807314
414.0980141896
414.9296008155
415.7525249233
416.5669651264
417.3730945701
418.1710811531

87.8889830934
128.7550329946
155.6728119243
175.7779661868
191.8316218238
205.1959485968
216.6440160881
226.6570675244
235.5551183332
243.5617950178
250.8395372742
257.5100659893
263.6669492802
269.3836663988
274.7189763587
279.7206049172
284.4278449190
288.8734330114
293.0849316903
297.0857653362
300.8960092554
304.5329991815
308.0118081367
311.3456238487
314.5460506178
317.6233530840
320.5866548185
323.4441014266
326.2029955123
328.8699091338
331.4507781112
333.9509815915
336.3754095512
338.7285203677
341.0143901632
343.2367552917
345.3990490828
347.5044337482
349.5558281972
351.5559323736
353.5072486236
355.4121005191
357.2726494922
359.0909095784
360.8687605212
362.6079594521
364.3101513279
365.9768782801
367.6095880106
369.2096413472
370.7783190582
372.3168280124
373.8263067568
375.3078305782
376.7624161048
378.1910254969
379.5945702689
380.9739147837
382.3298794488
383.6632436476
384.9747484297
386.2650989840
387.5349669166
388.7849923488
390.0157858560
391.2279302576
392.4219822749
393.5984740661
394.7579146503
395.9007912301
397.0275704206
398.1386993935
399.2346069422
400.3157044755
401.3823869450
402.4350337113
403.4740093534
404.4996644277
405.5123361775
406.5123491986
407.5000160644
408.4756379119
409.4395049932
410.3918971937
411.3330845201
412.2633275596
413.1828779137
414.0919786057
414.9908644671
415.8797625011
416.7588922272
417.6284660061
418.4886893482
419.3397612046
420.1818742436
421.0152151122
421.8399646850
422.6562982989
423.4643859778

88.9875953820
130.3644709071
157.6187220734
177.9751907641
194.2295170966
207.7608979543
219.3520662892
229.4902808684
238.4995573124
246.6063174555
253.9750314901
260.7289418142
266.9627861462
272.7509622288
278.1529635632
283.2171124787
287.9831929805
292.4843509241
296.7484933364
300.7993374029
304.6572093711
308.3396616713
311.8619557384
315.2374441469
318.4778762505
321.5936449976
324.5939880037
327.4871526945
330.2805329562
332.9807829979
335.5939128376
338.1253688614
340.5801021706
342.9626268723
345.2770700402
347.5272147329
349.7165371963
351.8482391700
353.9252760497
355.9503815283
357.9260892314
359.8547517756
361.7385576109
363.5795459481
365.3796200277
367.1405589453
368.8640282195
370.5515892586
372.2047078608
373.8247618640
375.4130480465
376.9707883626
378.4991355913
379.9991784604
381.4719463061
382.9184133155
384.3395023973
385.7360887185
387.1090029419
388.4590341932
389.7869327850
391.0934127213
392.3791540030
393.6448047532
394.8909831791
396.1182793858
397.3272570533
398.5184549919
399.6923885835
400.8495511205
401.9904150509
403.1154331359
404.2250395289
405.3196507814
406.3996667819
407.4654716326
408.5174344703
409.5559102330
410.5812403797
411.5937535636
412.5937662652
413.5815833858
414.5574988056
415.5217959086
416.4747480766
417.4166191542
418.3476638876
419.2681283383
420.1782502729
421.0782595324
421.9683783800
422.8488218312
423.7197979651
424.5815082197
425.4341476716
426.2779053011
427.1129642435
427.9395020276
428.7576908025

90.0862076707
131.9739088195
159.5646322225
180.1724153415
196.6274123694
210.3258473117
222.0601164903
232.3234942125
241.4439962915
249.6508398932
257.1105257061
263.9478176391
270.2586230122
276.1182580588
281.5869507677
286.7136200401
291.5385410420
296.0952688367
300.4120549825
304.5129094697
308.4184094868
312.1463241610
315.7121033401
319.1292644450
322.4097018833
325.5639369112
328.6013211889
331.5302039623
334.3580704001
337.0916568621
339.7370475640
342.2997561313
344.7847947899
347.1967333768
349.5397499173
351.8176741740
354.0340253099
356.1920445919
358.2947239021
360.3448306830
362.3449298392
364.2974030321
366.2044657295
368.0681823179
369.8904795343
371.6731584384
373.4179051111
375.1263002371
376.7998277109
378.4398823809
380.0477770347
381.6247487128
383.1719644258
384.6905263426
386.1814765075
387.6458011342
389.0844345256
390.4982626533
391.8881264350
393.2548247388
394.5991171404
395.9217264587
397.2233410895
398.5046171575
399.7661805024
401.0086285140
402.2325318318
403.4384359177
404.6268625166
405.7983110108
406.9532596811
408.0921668783
409.2154721157
410.3235970874
411.4169466187
412.4959095540
413.5608595872
414.6121560384
415.6501445819
416.6751579286
417.6875164660
418.6875288597
419.6754926180
420.6516946235
421.6164116330
422.5699107487
423.5124498616
424.4442780709
425.3656360788
426.2767565636
427.1778645329
428.0691776562
428.9509065819
429.8232552347
430.6864210997
431.5405954900
432.3859638021
433.2227057563
434.0509956273

91.1848199594
133.5833467320
161.5105423715
182.3696399188
199.0253076422
212.8907966692
224.7681666914
235.1567075566
244.3884352707
252.6953623309
260.2460199220
267.1666934640
273.5544598782
279.4855538888
285.0209379721
290.2101276016
295.0938891035
299.7061867494
304.0756166286
308.2264815363
312.1796096024
315.9529866508
319.5622509418
323.0210847431
326.3415275160
329.5342288247
332.6086543742
335.5732552301
338.4356078441
341.2025307263
343.8801822904
346.4741434012
348.9894874093
351.4308398815
353.8024297943
356.1081336152
358.3515134233
360.5358500137
362.6641717546
364.7392798376
366.7637704470
368.7400542886
370.6703738482
372.5568186876
374.4013390408
376.2057579316
377.9717820027
379.7010112157
381.3949475610
383.0550028977
384.6825060229
386.2787090629
387.8447932602
389.3818742248
390.8910067088
392.3731889530
393.8293666540
395.2604365881
396.6672499281
398.0506152844
399.4113014958
400.7500401959
402.0675281759
403.3644295619
404.6413778255
405.8989776422
407.1378066102
408.3584168436
409.5613364497
410.7470709012
411.9161043114
413.0689006208
414.2059047025
415.3275433933
416.4342264555
417.5263474754
418.6042847041
419.6684018437
420.7190487841
421.7565622935
422.7812666668
423.7934743336
424.7934864304
425.7815933384
426.7580751896
427.7232023432
428.6772358355
429.6204278035
430.5530218846
431.4752535949
432.3873506857
433.2895334813
434.1820151988
435.0650022498
435.9386945277
436.8032856790
437.6589633607
438.5059094851
439.3443004520

92.2834322481
135.1927846444
163.4564525206
184.5668644962
201.4232029150
215.4557460267
227.4762168925
237.9899209006
247.3328742499
255.7398847686
263.3815141379
270.3855692888
276.8502967442
282.8528497187
288.4549251766
293.7066351631
298.6492371650
303.3171046620
307.7391782748
311.9400536030
315.9408097181
319.7596491406
323.4123985435
326.9129050412
330.2733531487
333.5045207383
336.6159875594
339.6163064980
342.5131452879
345.3134045904
348.0233170168
350.6485306711
353.1941800287
355.6649463860
358.0651096713
360.3985930563
362.6690015369
364.8796554355
367.0336196071
369.1337289924
371.1826110548
373.1827055450
375.1362819668
377.0454550573
378.9121985473
380.7383574247
382.5256588943
384.2757221941
385.9900674112
387.6701234145
389.3172350111
390.9326694131
392.5176220947
394.0732221071
395.6005369101
397.1005767717
398.5742987824
400.0226105228
401.4463734212
402.8464058300
404.2234858511
405.5783539332
406.9117152624
408.2242419662
409.5165751487
410.7893267705
412.0430813887
413.2783977694
414.4958103828
415.6958307916
416.8789489417
418.0456343632
419.1963372893
420.3314896993
421.4515062923
422.5567853968
423.6477098211
424.7246476491
425.7879529863
426.8379666586
427.8750168676
428.8994198075
429.9114802429
430.9114920534
431.8997387461
432.8764939377
433.8420218094
434.7965775360
435.7404076905
436.6737506262
437.5968368385
438.5098893065
439.4131238156
440.3067492648
441.1909679558
442.0659758678
442.9319629192
443.7891132139
444.6376052767

93.3820445367
136.8022225568
165.4023626696
186.7640890735
203.8210981878
218.0206953841
230.1842670936
240.8231342447
250.2773132290
258.7844072064
266.5170083539
273.6044451137
280.1461336103
286.2201455487
291.8889123811
297.2031427245
302.2045852265
306.9280225746
311.4027399209
315.6536256697
319.7020098338
323.5663116304
327.2625461452
330.8047253393
334.2051787814
337.4748126518
340.6233207446
343.6593577658
346.5906827319
349.4242784546
352.1664517432
354.8229179410
357.3988726481
359.8990528906
362.3277895484
364.6890524974
366.9864896504
369.2234608574
371.4030674596
373.5281781470
375.6014516626
377.6253568015
379.6021900855
381.5340914271
383.4230580538
385.2709569179
387.0795357859
388.8504331726
390.5851872613
392.2852439314
393.9519639994
395.5866297632
397.1904509291
398.7645699893
400.3100671114
401.8279645904
403.3192309107
404.7847844577
406.2254969143
407.6421963756
409.0356702065
410.4066676706
411.7559023488
413.0840543706
414.3917724720
415.6796758987
416.9483561671
418.1983786952
419.4302843160
420.6445906820
421.8417935720
423.0223681056
424.1867698760
425.3354360052
426.4687861291
427.5872233182
428.6911349380
429.7808934544
430.8568571886
431.9193710235
432.9687670684
434.0053652814
435.0294740553
436.0413907683
437.0414023025
438.0297855321
439.0068077833
439.9727272686
440.9277934963
441.8722476574
442.8063229914
443.7302451315
444.6442324324
445.5484962799
446.4432413838
447.3286660567
448.2049624777
449.0723169426
449.9309101014

94.4806568254
138.4116604693
167.3482728187
188.9613136508
206.2189934606
220.5856447416
232.8923172947
243.6563475887
253.2217522082
261.8289296441
269.6525025698
276.8233209386
283.4419704763
289.5874413787
295.3228995856
300.6996502860
305.7599332880
310.5389404873
315.0663015670
319.3671977364
323.4632099495
327.3729741201
331.1126937469
334.6965456374
338.1370044142
341.4451045653
344.6306539299
347.7024090336
350.6682201758
353.5351523188
356.3095864695
358.9973052109
361.6035652675
364.1331593952
366.5904694254
368.9795119386
371.3039777640
373.5672662793
375.7725153120
377.9226273017
380.0202922704
382.0680080580
384.0680982042
386.0227277968
387.9339175603
389.8035564110
391.6334126775
393.4251441512
395.1803071114
396.9003644482
398.5866929876
400.2405901134
401.8632797636
403.4559178715
405.0195973127
406.5553524091
408.0641630391
409.5469583925
411.0046204074
412.4379869212
413.8478545619
415.2349814078
416.6000894353
417.9438667749
419.2669697952
420.5700250269
421.8536309456
423.1183596210
424.3647582491
425.5933505724
426.8046382022
427.9991018480
429.1772024628
430.3393823111
431.4860659659
432.6176612396
433.7345600549
434.8371392598
435.9257613908
437.0007753885
438.0625172692
439.1113107553
440.1474678677
441.1712894832
442.1830658590
443.1830771266
444.1715937573
445.1488770012
446.1151793022
447.0707446887
448.0158091442
448.9506009566
449.8753410493
450.7902432950
451.6955148118
452.5913562456
453.4779620363
454.3555206713
455.2242149262

95.5792691140
140.0210983817
169.2941829677
191.1585382281
208.6168887334
223.1505940991
235.6003674958
246.4895609328
256.1661911874
264.8734520818
272.7879967857
280.0421967634
286.7378073423
292.9547372087
298.7568867901
304.1961578475
309.3152813495
314.1498583999
318.7298632132
323.0807698032
327.2244100652
331.1796366099
334.9628413487
338.5883659355
342.0688300469
345.4153964789
348.6379871151
351.7454603015
354.7457576197
357.6460261829
360.4527211959
363.1716924807
365.8082578869
368.3672658998
370.8531493025
373.2699713797
375.6214658775
377.9110717011
380.1419631645
382.3170764563
384.4391328781
386.5106593145
388.5340063228
390.5113641666
392.4447770668
394.3361559042
396.1872895691
397.9998551296
399.7754269616
401.5154849650
403.2214219759
404.8945504636
406.5361085980
408.1472657538
409.7291275140
411.2827402278
412.8090951675
414.3091323273
415.7837439006
417.2337774668
418.6600389172
420.0632951452
421.4442765217
422.8036791793
424.1421671183
425.4603741551
426.7589057240
428.0383405469
429.2992321822
430.5421104628
431.7674828325
432.9758355904
434.1676350496
435.3433286171
436.5033458027
437.6480991610
438.7779851718
439.8933850652
440.9946655930
442.0821797535
443.1562674700
444.2172562292
445.2654616801
446.3011881982
447.3247294155
448.3363687212
449.3363797312
450.3250267338
451.3025651080
452.2692417200
453.2252952970
454.1709567816
455.1064496662
456.0319903100
456.9477882399
457.8540464346
458.7509615949
459.6387244001
460.5175197509

96.6778814027
141.6305362941
171.2400931168
193.3557628055
211.0147840062
225.7155434565
238.3084176969
249.3227742768
259.1106301665
267.9179745195
275.9234910016
283.2610725883
290.0336442083
296.3220330387
302.1908739946
307.6926654090
312.8706294110
317.7607763126
322.3934248593
326.7943418698
330.9856101809
334.9862990997
338.8129889504
342.4801862336
346.0006556796
349.3856883925
352.6453203004
355.7885115693
358.8232950635
361.7569000471
364.5958559223
367.3460797507
370.0129505062
372.6013724044
375.1158291795
377.5604308209
379.9389539910
382.2548771230
384.5114110170
386.7115256110
388.8579734859
390.9533105710
392.9999144415
395.0000005363
396.9556365734
398.8687553974
400.7411664607
402.5745661081
404.3705468117
406.1306054819
407.8561509641
409.5485108137
411.2089374325
412.8386136360
414.4386577153
416.0101280465
417.5540272958
419.0713062621
420.5628673936
422.0295680124
423.4722232726
424.8916088825
426.2884636082
427.6634915837
429.0173644416
430.3507232833
431.6641805024
432.9583214727
434.2337061153
435.4908703531
436.7303274627
437.9525693328
439.1580676364
440.3472749230
441.5206256396
442.6785370824
443.8214102887
444.9496308705
446.0635697952
447.1635841185
448.2500176709
449.3232017031
450.3834554925
451.4310869131
452.4663929721
453.4896603156
454.5011657051
455.5011764663
456.4899509138
457.4677387512
458.4347814498
459.3913126067
460.3375582831
461.2737373251
462.2000616679
463.1167366235
464.0239611534
464.9219281288
465.8108245756

97.7764936914
143.2399742065
173.1860032658
195.5529873828
213.4126792790
228.2804928140
241.0164678980
252.1559876209
262.0550691457
270.9624969573
279.0589852176
286.4799484131
293.3294810743
299.6893288687
305.6248611991
311.1891729704
316.4259774724
321.3716942252
326.0569865054
330.5079139365
334.7468102966
338.7929615894
342.6631365521
346.3720065317
349.9324813124
353.3559803060
356.6526534855
359.8315628371
362.9008325074
365.8677739112
368.7389906487
371.5204670206
374.2176431256
376.8354789090
379.3785090565
381.8508902621
384.2564421046
386.5986825448
388.8808588694
391.1059747657
393.2768140937
395.3959618275
397.4658225601
399.4886369060
401.4664960798
403.4013548905
405.2950433523
407.1492770866
408.9656666619
410.7457259987
412.4908799523
414.2024711639
415.8817662670
417.5299615182
419.1481879166
420.7375158652
422.2989594242
423.8334801968
425.3419908868
426.8253585580
428.2844076280
429.7199226198
431.1326506946
432.5233039880
433.8925617648
435.2410724116
436.5694552809
437.8783023985
439.1681800485
440.4396302435
441.6931720930
442.9293030753
444.1485002232
445.3512212290
446.5379054764
447.7089750038
448.8648354057
450.0058766759
451.1324739974
452.2449884835
453.3437678716
454.4291471770
455.5014493050
456.5609856280
457.6080565286
458.6429519101
459.6659516791
460.6773261989
461.6773367197
462.6662357825
463.6442676027
464.6116684318
465.5686668999
466.5154843402
467.4523350960
468.3794268124
469.2969607120
470.2051318575
471.1041294003

98.8751059801
144.8494121190
175.1319134149
197.7502119602
215.8105745517
230.8454421714
243.7245180991
254.9892009649
264.9995081249
274.0070193950
282.1944794335
289.6988242380
296.6253179403
303.0566246987
309.0588484036
314.6856805319
319.9813255339
324.9826121379
329.7205481515
334.2214860033
338.5080104123
342.5996240792
346.5132841538
350.2638268298
353.8643069451
357.3262722195
360.6599866707
363.8746141050
366.9783699514
369.9786477755
372.8821253751
375.6948542905
378.4223357450
381.0695854136
383.6411889336
386.1413497032
388.5739302181
390.9424879667
393.2503067219
395.5004239204
397.6956547015
399.8386130840
401.9317306788
403.9772732757
405.9773555863
407.9339543836
409.8489202439
411.7239880652
413.5607865120
415.3608465156
417.1256089405
418.8564315140
420.5545951014
422.2213094005
423.8577181180
425.4649036839
427.0438915525
428.5956541316
430.1211143799
431.6211491035
433.0965919833
434.5482363571
435.9768377811
437.3831163924
438.7677590880
440.1314215398
441.4747300593
442.7982833244
444.1026539816
445.3883901339
446.6560167232
447.9060368177
449.1389328100
450.3551675350
451.5551853132
452.7394129252
453.9082605226
455.0621224812
456.2013781997
457.3263928484
458.4375180724
459.5350926509
460.6194431174
461.6908843429
462.7497200851
463.7962435047
464.8307376530
465.8534759315
466.8647225255
467.8647328138
468.8537537556
469.8320242569
470.7997755167
471.7572313552
472.7046085240
473.6421170013
474.5699602706
475.4883355863
476.3974342251

99.9737182687
146.4588500314
177.0778235639
199.9474365375
218.2084698245
233.4103915289
246.4325683002
257.8224143090
267.9439471040
277.0515418327
285.3299736494
292.9177000629
299.9211548063
306.4239205287
312.4928356080
318.1821880933
323.5366735954
328.5935300505
333.3841097977
337.9350580700
342.2692105280
346.4062865690
350.3634317555
354.1556471279
357.7961325778
361.2965641331
364.6673198560
367.9176653728
371.0559073953
374.0895216396
377.0252601015
379.8692415603
382.6270283645
385.3036919182
387.9038688106
390.4318091444
392.8914183317
395.2862933885
397.6197545743
399.8948730750
402.1144953093
404.2812643405
406.3976387974
408.4659096455
410.4882150929
412.4665538768
414.4027971355
416.2986990436
418.1559063621
419.9759670324
421.7603379287
423.5103918641
425.2274239359
426.9126572827
428.5672483193
430.1922915027
431.7888236809
433.3578280664
434.9002378730
436.4169396491
437.9087763387
439.3765500943
440.8210248676
442.2429287967
443.6429564112
445.0217706680
446.3800048377
447.7182642502
449.0371279148
450.3371500243
451.6188613535
452.8827705602
454.1293653967
455.3591138408
456.5724651500
457.7698508465
458.9516856395
460.1183682865
461.2702824019
462.4077972134
463.5312682733
464.6410381248
465.7374369298
466.8207830579
467.8913836416
468.9495350991
469.9955236269
471.0296256640
472.0521083313
473.0632298450
474.0632399084
475.0523800819
476.0308841336
476.9989783703
477.9568819521
478.9048071902
479.8429598291
480.7715393150
481.6907390498

101.0723305574
148.0682879439
179.0237337130
202.1446611148
220.6063650973
235.9753408863
249.1406185013
260.6556276531
270.8883860832
280.0960642704
288.4654678654
296.1365758878
303.2169916723
309.7912163586
315.9268228125
321.6786956548
327.0920216569
332.2044479631
337.0476714438
341.6486301367
346.0304106437
350.2129490587
354.2135793572
358.0474674260
361.7279582105
365.2668560466
368.6746530413
371.9607166406
375.1334448392
378.2003955038
381.1683948279
384.0436288302
386.8317209838
389.5377984228
392.1665486876
394.7222685855
397.2089064452
399.6300988104
401.9892024268
404.2893222297
406.5333359171
408.7239155970
410.8635469161
412.9545460152
414.9990745994
416.9991533699
418.9566740271
420.8734100222
422.7510262122
424.5910875492
426.3950669170
428.1643522144
429.9002527703
431.6040051649
433.2767785206
434.9196793213
436.5337558092
438.1200020012
439.6793613661
441.2127301947
442.7209606941
444.2048638317
445.6652119540
447.1027412011
448.5181537343
449.9121197962
451.2852796162
452.6382451760
453.9716018479
455.2859099146
456.5817059837
457.8595043025
459.1197979835
460.3630601468
461.5897449868
462.8002887680
463.9951107564
465.1746140919
466.3391866041
467.4892015784
468.6250184741
469.7469835987
470.8554307422
471.9506817727
473.0330471981
474.1028266937
475.1603096008
476.2057753967
477.2394941372
478.2617268763
479.2727260613
480.2727359070
481.2619927505
482.2407253853
483.2091553801
484.1674973791
485.1159593877
486.0547430437
486.9840438745

102.1709428461
149.6777258563
180.9696438620
204.3418856922
223.0042603702
238.5402902438
251.8486687024
263.4888409971
273.8328250624
283.1405867082
291.6009620813
299.3554517126
306.5128285383
313.1585121886
319.3608100170
325.1752032163
330.6473697184
335.8153658758
340.7112330899
345.3622022034
349.7916107594
354.0196115485
358.0637269589
361.9392877241
365.6597838432
369.2371479602
372.6819862265
376.0037679084
379.2109822831
382.3112693679
385.3115295543
388.2180161001
391.0364136032
393.7719049274
396.4292285647
399.0127280266
401.5263945587
403.9739042323
406.3586502793
408.6837713844
410.9521765250
413.1665668534
415.3294550347
417.4431823849
419.5099341059
421.5317528631
423.5105509187
425.4481210007
427.3461460624
429.2062080661
431.0297959052
432.8183125645
434.5730816048
436.2953530471
437.9863087219
439.6470671401
441.2786879376
442.8821759360
444.4584848592
446.0085207404
447.5331450495
449.0331775690
450.5093990405
451.9625536055
453.3933510575
454.8024689245
456.1905543946
457.5582261019
458.9060757810
460.2346698050
461.5445506140
462.8362380449
464.1102305703
465.3670064528
466.6070248236
467.8307266894
469.0385358733
470.2308598972
471.4080908063
472.5706059434
473.7187686748
474.8529290726
475.9734245546
477.0805804877
478.1747107546
479.2561182881
480.3250955747
481.3819251292
482.4268799430
483.4602239075
484.4822122141
485.4930917321
486.4931013673
487.4824724004
488.4614288082
489.4301875680
490.3889589463
491.3379467725
492.2773486992

103.2695551347
151.2871637687
182.9155540111
206.5391102695
225.4021556429
241.1052396013
254.5567189035
266.3220543412
276.7772640415
286.1851091459
294.7364562972
302.5743275375
309.8086654043
316.5258080186
322.7947972215
328.6717107777
334.2027177799
339.4262837884
344.3747947361
349.0757742701
353.5528108751
357.8262740382
361.9138745606
365.8311080223
369.5916094759
373.2074398738
376.6893194117
380.0468191763
383.2885197270
386.4221432321
389.4546642806
392.3924033700
395.2411062226
398.0060114320
400.6919084417
403.3031874678
405.8438826722
408.3177096541
410.7280981318
413.0782205391
415.3710171327
417.6092181099
419.7953631534
421.9318187547
424.0207936124
426.0643523562
428.0644278103
430.0228319792
431.9412659125
433.8213285829
435.6645248934
437.4722729146
439.2459104393
440.9867009294
442.6958389232
444.3744549588
446.0236200660
447.6443498708
449.2376083523
450.8043112859
452.3453294049
453.8614913063
455.3535861269
456.8223660098
458.2685483807
459.6928180527
461.0958291730
462.4782070277
463.8405497141
465.1834296954
466.5073952443
467.8129717874
469.1006631570
470.3709527587
471.6243046604
472.8611646107
474.0819609902
475.2871057026
476.4769950085
477.6520103084
478.8125188757
479.9588745465
481.0914183670
482.2104792026
483.3163743111
484.4094098826
485.4898815487
486.5580748618
487.6142657489
488.6587209389
489.6916983669
490.7134475572
491.7242099842
492.7242194155
493.7137022362
494.6928777569
495.6619585048
496.6211505012
497.5706535239

104.3681674234
152.8966016812
184.8614641602
208.7363348468
227.8000509157
243.6701889588
257.2647691046
269.1552676852
279.7217030207
289.2296315836
297.8719505132
305.7932033624
313.1045022703
319.8931038486
326.2287844260
332.1682183392
337.7580658414
343.0372017011
348.0383563822
352.7893463368
357.3140109907
361.6329365280
365.7640221623
369.7229283204
373.5234351087
377.1777317873
380.6966525969
384.0898704441
387.3660571709
390.5330170963
393.5977990071
396.5667906399
399.4457988420
402.2401179366
404.9545883188
407.5936469089
410.1613707858
412.6615150759
415.0975459842
417.4726696937
419.7898577405
422.0518693664
424.2612712720
426.4204551244
428.5316531189
430.5969518494
432.6183047019
434.5975429577
436.5363857626
438.4364490998
440.2992538816
442.1262332648
443.9187392737
445.6780488116
447.4053691245
449.1018427775
450.7685521943
452.4065238056
454.0167318455
455.6001018315
457.1575137602
458.6898050435
460.1977732134
461.6821784142
463.1437457039
464.5831671809
466.0011039515
467.3981879535
468.7750236473
470.1321895858
471.4702398745
472.7897055298
474.0910957438
475.3748990646
476.6415844973
477.8916025322
479.1253861071
480.3433515079
481.5458992108
482.7334146734
483.9062690765
485.0648200204
486.2094121794
487.3403779176
488.4580378676
489.5627014771
490.6546675226
491.7342245944
492.8016515547
493.8572179701
494.9011845198
495.9338033823
496.9553186010
497.9659664305
498.9659756642
499.9555679458
500.9349580634
501.9043542300
502.8639583487

105.4667797121
154.5060395936
186.8073743092
210.9335594242
230.1979461885
246.2351383162
259.9728193057
271.9884810293
282.6661419999
292.2741540213
301.0074447291
309.0120791872
316.4003391363
323.2603996786
329.6627716304
335.6647259007
341.3134139029
346.6481196137
351.7019180283
356.5029184035
361.0752111064
365.4395990178
369.6141697640
373.6147486185
377.4552607414
381.1480237009
384.7039857822
388.1329217120
391.4435946148
394.6438909605
397.7409337334
400.7411779098
403.6504914614
406.4742244412
409.2172681958
411.8841063501
414.4788588994
417.0053204978
419.4669938367
421.8671188484
424.2086983483
426.4945206229
428.7271793907
430.9090914941
433.0425126254
435.1295513426
437.1721815935
439.1722539362
441.1315056128
443.0515696166
444.9339828699
446.7801936150
448.5915681082
450.3693966938
452.1148993258
453.8292305962
455.5134843227
457.1686977404
458.7958553385
460.3958923771
461.9696981156
463.5181187809
465.0419602998
466.5419908186
468.0189430272
469.4735163091
470.9063787299
472.3181688793
473.7094975804
475.0809494761
476.4330845048
477.7664392722
479.0815283306
480.3788453706
481.6588643341
482.9220404535
484.1688112241
485.3995973133
486.6148034130
487.8148190383
489.0000192773
490.1707654943
491.3274059918
492.4702766324
493.5997014241
494.7159930716
495.8194534965
496.9103743269
497.9890373605
499.0557150014
500.1106706726
501.1541592074
502.1864272179
503.2077134456
504.2182490923
505.2182581347
506.2079576219
507.1875579587
508.1572631734

106.5653920007
156.1154775060
188.7532844583
213.1307840015
232.5958414613
248.8000876737
262.6808695068
274.8216943733
285.6105809790
295.3186764591
304.1429389450
312.2309550121
319.6961760023
326.6276955086
333.0967588349
339.1612334621
344.8687619644
350.2590375264
355.3654796744
360.2164904702
364.8364112221
369.2462615076
373.4643173658
377.5065689166
381.3870863741
385.1183156144
388.7113189674
392.1759729798
395.5211320587
398.7547648247
401.8840684598
404.9155651797
407.8551840808
410.7083309458
413.4799480728
416.1745657913
418.7963470128
421.3491259197
423.8364416891
426.2615680031
428.6275389561
430.9371718794
433.1930875093
435.3977278638
437.5533721320
439.6621508357
441.7260584851
443.7469649147
445.7266254629
447.6666901335
449.5687118581
451.4341539651
453.2643969427
455.0607445760
456.8244295272
458.5566184149
460.2584164511
461.9308716752
463.5749788317
465.1916829227
466.7818824710
468.3464325182
469.8861473864
471.4018032229
472.8941403503
474.3638654373
475.8116535084
477.2381498052
478.6439715135
480.0297093665
481.3959291351
482.7431730146
484.0719609173
485.3827916765
486.6761441709
487.9524783749
489.2122363410
490.4558431186
491.6837076152
492.8962234033
494.0937694781
495.2767109682
496.4453998043
497.6001753474
498.7413649806
499.8692846661
500.9842394704
502.0865240595
503.1764231664
504.2542120326
505.3201568254
506.3745150324
507.4175358347
508.4494604606
509.4705225203
510.4809483236
511.4809571805
512.4707616874
513.4505679981

107.6640042894
157.7249154185
190.6991946073
215.3280085789
234.9937367341
251.3650370311
265.3889197079
277.6549077174
288.5550199582
298.3631988968
307.2784331609
315.4498308370
322.9920128683
329.9949913385
336.5307460394
342.6577410236
348.4241100259
353.8699554390
359.0290413205
363.9300625369
368.5976113378
373.0529239974
377.3144649674
381.3983892147
385.3189120069
389.0886075280
392.7186521527
396.2190242477
399.5986695026
402.8656386888
406.0272031862
409.0899524496
412.0598767002
414.9424374504
417.7426279499
420.4650252324
423.1138351264
425.6929313415
428.2058895416
430.6560171578
433.0463795639
435.3798231359
437.6589956280
439.8863642336
442.0642316385
444.1947503289
446.2799353767
448.3216758932
450.3217453130
452.2818106503
454.2034408463
456.0881143153
457.9372257771
459.7520924583
461.5339597284
463.2840062337
465.0033485794
466.6930456100
468.3541023248
469.9874734683
471.5940668263
473.1747462555
474.7303344728
476.2616156273
477.7693376735
479.2542145655
480.7169282868
482.1581307310
483.5784454466
484.9784692569
486.3587737653
487.7199067571
489.0623935042
490.3867379825
491.6934240077
492.9829162963
494.2556614579
495.5120889240
496.7526118174
497.9776277683
499.1875196789
500.3826564421
501.5633936167
502.7300740623
503.8830285371
505.0225762606
506.1490254443
507.2626737921
508.3638089722
509.4527090638
510.5296429783
511.5948708575
512.6486444516
513.6912074757
514.7227959484
515.7436385125
516.7539567391
517.7539654162
518.7438728228

108.7626165781
159.3343533309
192.6451047564
217.5252331562
237.3916320069
253.9299863886
268.0969699090
280.4881210615
291.4994589374
301.4077213345
310.4139273769
318.6687066618
326.2878497343
333.3622871685
339.9647332439
346.1542485851
351.9794580873
357.4808733517
362.6926029667
367.6436346036
372.3588114535
376.8595864871
381.1646125691
385.2902095128
389.2507376396
393.0588994415
396.7259853379
400.2620755155
403.6762069465
406.9765125530
410.1703379126
413.2643397195
416.2645693195
419.1765439550
422.0053078269
424.7554846735
427.4313232399
430.0367367634
432.5753373941
435.0504663124
437.4652201717
439.8224743924
442.1249037466
444.3750006033
446.5750911450
448.7273498220
450.8338122683
452.8963868717
454.9168651632
456.8969311671
458.8381698346
460.7420746654
462.6100546115
464.4434403405
466.2434899298
468.0113940524
469.7482807078
471.4552195448
473.1332258179
474.7832640139
476.4062511817
478.0030599928
479.5745215592
481.1214280317
482.6445349967
484.1445636938
485.6222030652
487.0781116568
488.5129193798
489.9272291473
491.3216183956
492.6966404995
494.0528260909
495.3906842884
496.7107038445
498.0133542177
499.2990865748
500.5683347293
501.8215160197
503.0590321333
504.2812698797
505.4886019160
506.6813874291
507.8599727772
509.0246920936
510.1758678551
511.3138114183
512.4388235246
513.5511947780
514.6512060951
515.7391291311
516.8152266826
517.8797530684
518.9329544907
519.9750693764
521.0063287014
522.0269562977
523.0371691449
524.0371776476

