2022	3969	2665	1149
2546	4130	3174	2035
3151	4467	3702	2810
3785	4809	4270	3614
4421	5293	4868	4339
5065	5844	5500	5121
5747	6430	6303	5979
6376	7035	6996	6750
7163	7734	7746	7622
8000	8424	8485	8530
8822	9155	9290	9423
9703	9974	10143	10302
10544	10830	11028	11228
11473	11728	11948	12160
12405	12651	12887	13124
13367	13614	13865	14120
14379	14642	14909	15180
15455	15734	16017	16304
16595	16890	17189	17492
17799	18110	18425	18744
19067	19394	19725	20060
20399	20742	21089	21440
21795	22154	22517	22884
23255	23630	24009	24392
24779	25040	25051	25162
25745	26222	26057	26037
26819	27303	27012	27092
27977	28389	28020	28130
29067	29474	29045	29223
30207	30459	30022	30341
31299	31440	31017	31485
32409	32377	32071	32676
33441	33336	33120	33711
34435	34381	34253	34860
35506	35394	35329	35966
36538	36448	36490	37068
37483	37463	37567	38064
38505	38583	38728	39139
39471	39652	39877	40217
40547	40767	40906	40999
41074	41137	41188	41227
41254	41269	41272	41263
41242	41209	41164	41107
41038	40957	40864	40759
40642	40513	40372	40219
40054	39877	39688	39487
39274	39049	38812	38563
38302	38029	37744	37447
37138	36813	36482	36157
35828	35445	35054	34730
34386	33914	33448	33118
32722	32181	31676	31368
30959	30316	29802	29445
28935	28239	27727	27423
26787	25937	25498	25249
24455	23507	23226	22953
21934	20951	20779	20325
19133	18371	18187	17479
16234	15599	15408	14425
13127	12808	12569	11282
9903	9634	9342	7994
6689	6353	5890	4874
4057	4211	4677	4880
5163	6312	7338	7773
8447	9613	10557	10894
11527	12633	13466	13843
14421	15530	16315	16519
17046	18019	18837	19059
19376	20314	21163	21290
21490	22393	23255	23356
23447	24316	25123	25169
25194	25941	26719	26750
26735	27318	28027	28163
28048	28541	29174	29229
29180	29521	30011	30120
30050	30269	30657	30736
30662	30823	31126	31142
31054	31147	31297	31310
31244	31259	31323	31290
31180	31126	31103	31024
30906	30787	30669	30544
30395	30224	30032	29824
29604	29372	29128	28872
28604	28324	28032	27728
27412	27084	26734	26342
25858	25248	24584	24108
24471	24722	24887	25142
25140	25380	25793	26095
26224	26122	26435	26928
27269	27649	27919	27692
28009	28785	28953	28390
28299	29397	30157	29477
29132	30255	31353	31041
30602	31202	32129	31816
31262	31650	32446	32333
32116	32533	32650	32038
32233	33451	33733	33281
33426	34236	34876	34516
34372	35054	35618	35437
35403	36005	36359	36292
36237	36904	37138	37175
37363	37496	37657	37602
37646	38098	38352	38235
38123	38774	39292	39406
39159	39402	39902	39882
39625	39786	40025	40209
40246	40705	41133	41328
41568	41771	41724	41390
40875	40462	40161	39811
39448	39059	38594	38197
37871	37604	37282	36938
36637	36344	36005	35692
35459	35221	34978	34644
34403	34321	34167	33872
33736	33699	33561	33397
33341	33223	32988	32841
32775	32678	32547	32616
32666	32665	32625	32653
32682	32680	32652	32765
32772	32547	32583	32863
32788	32588	32880	33327
33048	32873	33436	33857
33608	33381	33576	33412
33002	32918	33360	33682
33358	33323	33629	34343
34060	33777	34146	34028
33628	33524	34558	33990
33216	33793	35049	34936
33853	33261	33937	34372
33759	33792	34458	33636
32865	34143	34948	34176
32489	32901	35116	35737
34862	33157	33260	33730
33650	32939	32056	32954
33717	33760	32830	33770
34677	34164	33977	35061
35895	34939	34631	35334
35749	35201	34149	34573
34953	34623	33210	32461
33176	33190	32200	31669
32425	32584	31281	31185
32695	32929	31892	31554
32571	33060	32289	31891
32795	33121	32449	32407
33236	33234	32237	32054
32924	32960	32143	32175
32786	32602	31905	31961
32659	32495	31904	32241
32950	32561	31860	32083
32863	32867	32203	32515
33422	33213	32507	32580
33215	33013	32506	32644
33495	33261	32397	32358
33457	33339	32300	32526
33263	32898	32404	32837
33354	32759	32411	32963
33179	32777	32333	32835
33193	32947	32558	32738
32774	32807	32747	32919
32833	32676	32725	32609
32746	33069	32686	32175
32693	33400	32700	32173
33052	33598	32434	31959
32927	33434	32566	32277
32876	33116	32704	32567
33000	33123	32484	32378
32692	33060	32787	32299
32511	33184	32824	32435
32691	33274	33128	32719
32490	33087	33066	32776
32672	32861	32733	32476
32800	32986	32531	32497
33193	32966	32369	32510
33173	32788	32191	32739
33209	32459	32262	33028
33467	32363	31901	33049
33583	32451	32157	32943
33286	32591	32152	32734
33223	32912	32534	32417
33257	33254	32389	32574
33511	33274	32188	32076
33431	33441	31921	32139
33627	33212	31758	32040
33421	33424	32046	31930
33712	33501	32023	32298
33610	33352	32356	32357
33309	33671	32596	32223
33393	33584	32430	32444
33838	33410	31848	32406
33898	33256	31792	32509
33752	33103	31661	32562
34103	32716	31618	32693
33599	32896	31922	32716
33623	32896	31964	32469
33611	32951	32017	32580
33566	32886	32009	32609
33659	33114	32067	32088
33457	33628	32208	31793
33131	33617	32546	31662
33171	34101	32477	31456
33107	34077	32484	31590
33083	34326	32577	31133
32667	34142	33038	31334
32454	34171	33359	31358
31998	34193	33468	31396
32019	33943	33583	31547
32165	33711	32971	32048
32804	33376	32531	32381
33195	32948	32455	32385
32949	33248	32785	32223
32578	33410	33190	32249
32173	33372	33608	32302
31939	33041	33785	32473
31816	33299	33638	32043
31980	33614	33360	31789
32207	33965	33290	31507
32196	34184	33493	31191
32088	34440	33537	30951
31907	34778	33548	30816
31898	34613	33566	30658
31542	34633	34144	31010
31160	34308	34438	31301
30782	34479	34822	30818
30629	34687	34964	31053
30610	34657	34981	30897
30574	34668	34845	30960
30530	34330	34669	31117
30698	34477	34617	30757
30927	34834	34789	30792
30656	34713	34776	30989
30662	34546	34887	31314
30789	34128	34728	31491
30751	34138	34985	31548
30617	33843	35057	31855
30540	33930	35339	31778
30364	33775	35198	31902
30444	33292	35199	32505
30447	33070	35146	32486
30421	33134	35163	32314
30371	33184	35308	32218
30410	33262	34935	32102
30703	33598	35128	31819
30333	33533	35510	32181
29824	33609	35835	31811
29910	33823	35575	31529
29969	34127	35487	31441
30199	34328	35282	31150
30494	34472	34884	31078
30939	34512	34265	30703
31421	34623	34070	31049
31489	34548	34032	30896
31596	34364	33603	31367
31863	34098	33528	31460
31969	33920	33561	31632
32024	33776	33572	31645
32149	33753	33546	31884
31956	33297	33641	32401
31923	32863	33609	32930
32069	32190	33454	33525
32247	31813	33337	33771
32402	31908	33241	33568
32125	31885	33245	33518
32378	32128	33066	33346
32469	32377	33454	32945
32148	32809	33019	32481
32747	32959	32717	32517
33150	33272	32038	32273
33464	33250	31822	32426
33980	32877	31620	32889
34089	32581	31132	32830
34496	32819	30912	32757
34919	32685	30460	32722
35139	32723	30211	32673
35594	33015	29837	32466
35697	33228	29857	32138
35590	33561	29980	31887
35276	33488	30352	32051
35192	33646	30426	32306
35115	33042	30283	32496
34999	32966	30562	32236
35119	33577	30573	32083
34950	33549	31041	32094
34423	33583	30899	32001
34681	33470	30870	32242
34547	33214	31055	32394
34671	32919	30495	32902
35313	32898	30246	32422
35312	33337	30258	32216
35284	33558	29968	31987
35774	33480	29687	32094
35941	33072	29494	32532
36393	32836	28965	32922
36503	32561	29130	33240
36313	32308	29232	33094
36436	32390	28753	33357
36849	32026	28653	33381
36788	32624	28743	32999
36833	32712	28688	32691
37146	32902	28418	32787
37223	32187	28050	33498
37400	32081	28024	33608
37170	32052	28344	33439
37370	31687	27882	33844
37664	31922	27998	33489
37454	31787	28032	33872
37698	31733	27983	33908
37530	31492	27873	34321
37495	31243	27843	34435
37796	31094	27811	34492
37753	30952	27931	34803
37511	30764	28050	35077
37452	30407	28141	35395
37312	30180	28176	35237
37421	30377	28047	35129
37563	30484	28196	34652
37377	30825	28168	34535
37351	30933	28216	34778
37417	30767	28160	34745
37343	30493	28293	35220
37223	30291	28208	35105
37244	30422	28238	35140
37246	30231	28471	35423
36747	30237	29315	35596
35967	29742	29876	35633
35739	30144	29945	35305
35529	30141	29683	35433
36010	29989	29348	35577
36122	29721	29567	35808
36056	29634	29625	35906
35666	29520	29693	36053
35926	29533	29841	36103
35580	29451	30202	36152
35423	29513	30195	35934
35380	29857	30181	35731
35481	29547	29862	35987
35830	29192	29758	36487
35728	28932	30004	36651
35572	28721	30204	36833
35292	28505	30372	36760
35230	28655	30433	36755
35451	28917	30106	36704
35499	28704	29932	36811
35670	28520	29901	37365
35778	28251	29854	37290
35811	28281	29738	37281
35886	28051	29610	37285
35774	28328	29673	37164
35771	28259	29566	37472
36057	28009	29391	37494
36386	28130	28955	37603
36517	27918	28830	37651
36812	27664	28594	37981
36924	27434	28240	38190
37270	27236	28403	38459
37200	27106	28361	38191
37171	27186	28666	38662
36909	26667	28849	38884
36256	26689	29558	39274
36092	26147	29550	39347
35643	26052	30131	39329
35345	25827	30177	39775
35417	25335	30063	40111
35332	25296	30323	40150
35165	25608	30448	39809
35020	25597	30654	39922
34811	25807	30670	39840
34897	25798	30733	39850
34812	25860	30632	39548
34820	26024	30798	39681
34723	25613	31026	40108
34746	25517	30657	40079
35141	25529	30384	39752
35088	25806	30670	39793
34865	25718	30585	39715
35134	26004	30611	39513
34947	26087	30682	39728
34560	25900	30701	39643
34578	26255	31117	39041
34393	26679	31326	38981
34232	26463	31009	39254
34827	26220	30830	39450
34847	26103	30219	39512
35340	25781	30269	39740
35227	25703	30407	40018
34817	25515	30693	39980
34819	25344	30876	40237
34909	25159	30720	40453
34362	24702	30975	41136
34576	24106	30826	41271
34806	24136	30969	41436
34298	24235	31249	41051
34094	24562	31482	40778
34260	24676	31538	40795
34009	24740	31441	40610
34267	25167	31366	40463
33884	25367	31523	40201
33881	25303	31626	40509
33827	25113	31940	40308
33372	25230	32204	40420
33267	25346	32336	40023
33029	25395	32338	40507
33198	24988	32538	40578
33272	24997	32028	40480
33602	25104	31880	40504
34025	24941	31125	40429
34619	25305	30986	40494
34456	24871	31181	40912
34562	24425	30764	41181
34845	24165	31097	41411
34430	23915	31155	41616
34176	23517	31428	41884
34299	23757	31300	41968
34191	23401	31176	42325
34470	23019	31157	42681
34372	22739	31032	42901
34449	22534	31104	42894
34370	22616	30969	42703
34314	23045	31303	42467
34328	22943	31297	42615
34140	23258	31385	42181
34179	23480	31197	42155
34436	23355	31080	42467
34514	22756	30860	43071
34550	22524	30921	43012
34320	22260	31315	43637
34160	21851	31538	43848
34077	21657	31502	43978
34386	21292	31268	44470
34329	20995	30888	44750
34554	20710	31013	44853
34472	20575	31028	44941
34487	20744	30955	45171
34313	20141	31143	45270
34172	20283	31404	45082
34094	20530	31661	44939
33596	20385	32000	45201
33510	20187	31964	45450
33508	19910	31774	45520
33857	20066	31667	45294
33339	20418	32443	45030
33027	20475	32611	45017
32490	20585	33220	44620
31997	20966	33660	44448
31825	21211	33884	44065
31292	21605	34330	43776
31139	21812	34438	43807
31344	21748	33907	43611
31957	21746	33726	43782
32110	21719	33263	43983
32334	21709	33204	43777
32474	21883	32994	43508
32562	21777	32921	43622
32522	21815	33021	43784
32507	21926	33131	43702
32270	21321	33324	44089
32076	21369	33447	44237
32271	21394	33402	44085
32400	21269	33012	44282
32623	21280	32673	44358
33002	21381	32227	43824
33718	21803	31615	43709
34005	22017	31479	43691
34267	21568	31191	44096
34721	21259	31009	44314
34528	20999	31138	44661
34800	20618	30680	45064
35124	20497	30414	44982
35365	20615	30346	45053
35338	20814	30330	44706
35432	20924	30100	44764
35154	20942	30236	44720
35179	20838	30285	44640
35364	20770	30296	44659
35250	20720	30368	44796
35160	20462	30179	45043
35467	20680	30205	44562
35383	20985	30243	44526
35272	20934	30495	44657
34887	20819	30253	44847
35202	20832	30243	44937
35140	20562	30427	44905
35010	20683	30608	44750
35047	20840	30356	44862
35547	20620	30037	44935
35428	20621	29979	45139
35536	20434	29757	45059
35676	20237	29987	45400
35663	20146	29669	45476
36124	19985	29219	45595
36502	19922	28861	45484
36943	20288	28273	45289
37494	20335	28035	45089
37467	20549	28030	44834
37579	20659	28160	45149
37499	20651	28138	44859
37511	20770	27778	44642
37754	21197	27623	44025
37888	21573	27363	43839
38062	21649	27397	43799
38148	21765	27223	43738
38426	21620	26865	43896
38626	21916	27224	43598
38859	21857	26181	43491
39431	21877	26070	43666
39735	22022	25909	43462
39553	22112	25750	43577
39834	22025	25634	43480
39900	21951	25748	43490
39767	22210	25983	43315
39407	22076	26292	43702
39223	21684	26214	44154
39317	21075	26199	44682
39115	20750	26670	44726
38762	21024	27135	44559
38244	21274	27402	43809
38066	22129	27784	43333
37505	22431	28073	42835
37635	22774	27712	42680
37706	22545	27817	43238
37843	22110	27330	43500
38049	21681	27554	43938
37820	21573	27950	44012
37679	21272	28115	44438
37530	21120	28418	44390
37044	21234	28670	44323
36862	21251	28664	44240
36790	21503	28727	44206
36589	21573	28995	43804
36395	21815	29285	43636
36007	21931	29709	43393
35967	22088	29178	43419
36342	22169	29098	43082
36425	22145	28878	43284
36639	22199	29087	43258
36050	22220	29597	43566
35883	21870	29707	43771
35698	21537	29673	43847
35695	21409	29928	44354
35516	21226	30089	44426
35625	20859	29741	44624
35913	20784	29287	44884
36449	20771	28879	44734
36923	20766	28475	44916
37162	20440	28277	45122
37211	20427	28561	44994
37218	20724	28288	44904
37166	20612	28448	44945
37169	20591	28081	44700
37716	21061	28026	44262
37389	21455	28215	43874
37491	21714	27601	43709
37943	21660	27546	43773
38060	21475	27455	44207
37945	21097	27428	44339
38159	21307	27172	44207
38424	21090	26826	44461
38972	21068	26523	44446
39554	20997	25946	44552
39526	20814	26279	44495
39474	20990	26129	44547
39297	20990	26154	44402
39420	21187	26077	44069
39141	21388	26279	44226
39405	21270	25981	44192
39620	21538	25839	43837
39937	21767	25676	43529
39692	22383	25884	42951
39470	22796	26243	42464
39216	23148	26308	42542
39202	23167	26154	42372
39327	23304	26100	42600
39410	22999	25962	42693
39428	22834	26251	42838
39227	22453	26010	42877
39282	22585	26115	43020
39323	22338	26243	43104
39448	22357	26318	43139
39103	22145	26609	43523
38861	21829	26842	43833
38360	21774	27547	43615
37842	22050	27649	43376
37771	22078	28184	43426
37146	22237	28255	43069
37338	22429	28147	42912
37472	22526	27878	43384
37629	21986	28040	43704
37359	21681	27969	43997
37442	21462	28094	43970
37458	21726	28241	43716
36879	21979	28721	43582
36709	22277	28839	43166
36740	22250	28654	43171
37142	22336	28463	42984
37328	22605	28049	43035
37385	22548	28187	43030
37429	22223	27758	43189
38125	22462	27342	42865
37846	22848	27895	42571
37696	22768	27824	42680
37648	22534	27788	43173
37832	22377	27807	43338
37580	22297	27833	43376
37707	22069	27653	43421
38009	22178	27243	43495
38297	21983	27424	43583
38191	21990	27128	43434
38239	22293	27549	43017
38130	22534	27405	43004
38045	22419	27548	43327
37984	22223	27512	43379
38072	22396	27585	43181
37858	22440	27601	43252
37755	22272	27796	43405
37633	21726	28020	43885
37641	21568	28118	43995
37584	21610	27780	43998
37730	21557	27513	44060
38016	21551	27322	43917
38396	21666	26901	43930
38726	21761	26514	43720
39132	21700	26101	44044
39512	21457	25910	43982
39924	21839	25468	43451
40153	22027	25191	43463
40355	22530	25156	42907
40015	22830	25421	42783
40038	22844	25594	42463
39776	23305	25875	42189
39764	23490	26015	42082
39640	23659	25917	42086
39618	23494	26166	42142
39485	23561	26061	42098
39409	23451	26050	42407
39391	23193	26373	42552
39102	23018	26776	42691
38661	22894	26735	42818
38819	23070	26675	42579
38847	22874	26479	42742
39094	22770	26377	42666
38979	22878	26539	42622
38803	23059	26627	42672
38968	22918	26403	42655
39237	23008	26378	42693
39064	22861	26770	42486
39031	23195	26400	42281
39381	23466	26387	42246
39043	23145	26518	42549
38861	22742	26682	43023
38847	22307	26750	43193
38821	22205	26575	43487
39255	21994	26233	43778
39507	21757	26038	43784
39558	21774	26042	43879
39407	21623	25978	43814
39469	21658	25623	43798
39908	21710	25779	43696
39759	21839	25927	43563
39544	21909	26065	43931
39673	21689	25887	43978
39461	21492	26250	44128
39294	21480	26005	44240
39702	21390	26000	44369
39411	21416	26210	44008
39528	21580	25945	44165
39953	21460	25557	44003
40073	21824	25366	43493
40490	22108	24696	43462
40742	22159	24923	42993
40368	22605	25117	42638
40435	22914	25001	42509
40585	23116	24812	42477
40890	22963	24736	42695
40688	22739	24764	42830
41047	22802	24219	42683
41585	22670	23976	42858
41596	22820	23919	42814
41529	22792	24004	42674
41194	23070	24645	42653
41165	22864	24381	42611
41293	22668	24250	42959
41027	22615	24322	42916
41263	22879	24113	42504
41235	23027	24088	42358
41402	23227	23946	42294
41898	23226	23691	42186
41817	23246	24052	42342
41603	23208	24300	42562
41303	22848	24218	42829
41443	22835	23946	42653
41448	22956	24096	42751
41580	22868	23975	42710
41595	22992	23953	42525
41494	23015	23690	42426
41661	23232	23908	42289
41467	23275	24117	42186
41396	23483	24234	42039
41486	23530	24027	41938
41499	23237	24131	42381
41343	23208	24280	42205
41365	23396	24163	42202
41688	23227	23713	42218
41869	23308	23436	42073
42031	23420	23294	42108
42000	23590	23363	41581
42387	24227	23241	41397
42262	23935	23421	41564
42041	23998	23457	41594
42228	23987	23276	41426
42279	24247	23496	41324
42034	24250	23440	41328
42063	24031	23696	41473
41916	23983	23580	41448
41679	24235	23921	41464
41474	23993	23998	41645
41516	23537	23853	41975
41767	23476	23543	42202
41944	23313	23767	42377
41760	23339	23504	42408
42204	22973	22976	42708
42477	22653	22899	42988
42622	22307	22835	43145
42448	22409	23151	43244
42297	22206	23357	43365
42232	22253	23604	43534
41715	22110	23767	43525
41914	21857	23520	43885
42305	21537	23312	43983
42074	21475	23608	44073
41571	21651	24389	44106
41103	21567	24474	43871
40940	21596	24462	43761
40792	21904	24610	43430
40935	22216	24690	43524
41025	21897	24420	43633
40983	21907	24592	43619
40973	21928	24353	43826
41325	21466	24317	44057
41264	21673	23967	43657
41704	21728	23716	43672
41782	21668	23752	43842
41390	21416	24461	43830
41075	22000	24510	42921
40963	22821	24518	42658
41119	22646	24927	43010
40357	22472	25364	43109
40108	22176	25734	43346
39912	22201	25585	43409
40019	22151	25536	43275
40236	22140	25232	43306
40553	22437	24975	43123
40595	22390	24975	42962
40583	22733	25090	42917
40268	22672	25113	42797
40651	22717	24500	42822
41469	22686	23919	42820
41670	22710	23808	42871
41918	22482	23499	43008
41975	22783	23409	42777
41880	22716	23475	42814
41896	22475	23665	43195
41843	22376	23594	43255
42298	22443	23139	42953
42233	22720	23252	42924
41975	22333	23366	43208
42004	22066	23580	43479
41857	21929	23562	43840
42099	21823	23566	43881
41876	21730	23606	44133
41705	21350	23953	44282
41744	21282	23596	44420
41952	21319	23587	44144
41862	21244	23683	44362
41840	21203	23637	44108
41583	21230	24094	44292
41347	21244	23991	44148
41633	21349	24044	44241
41528	21224	23862	44299
41404	21122	24210	44763
41243	20539	24401	44924
41317	20528	24280	45156
41303	20433	24697	45005
40873	20638	24610	44436
40696	21435	24662	43990
41007	21307	24787	44411
40901	21370	24619	43934
41260	21794	24518	43687
41292	21544	24151	44160
41754	20984	23648	44501
42008	21050	23294	44408
42374	20799	23097	44554
42261	20942	23173	44630
42167	21101	23504	44615
41932	20708	23762	44594
41760	20974	24027	44518
41431	20952	24403	44486
41096	20775	24762	44769
40944	20713	24615	44959
40862	20363	24411	45086
41178	20690	24273	44556
41414	21185	24225	44425
41476	21190	24094	44411
41428	21176	24122	44349
41209	21430	24183	44084
41514	21673	23835	44027
41654	21450	23868	44333
41787	21287	23461	44041
42224	21925	23320	43575
42314	21875	23328	43695
42259	21698	23206	44187
42656	21201	23191	44381
42262	21069	23669	44535
41893	20932	23700	44511
41929	20963	23967	44264
41521	21388	24305	43872
41449	21788	24202	43706
41157	22110	23979	43286
41620	22295	23696	43081
41804	22503	23628	43137
41979	22441	23551	43348
42061	21801	23222	43631
42225	22032	23395	43329
42310	22506	22936	42657
42609	23159	22846	42364
42827	23257	22835	42244
42725	23326	22687	42476
42822	23312	22584	42315
42801	23483	22800	41797
42610	23953	22850	41556
42497	23950	23326	41112
42203	24555	23374	40618
42212	24727	23428	40916
42360	24725	22872	41024
42717	24200	22899	41425
42613	23999	22721	41320
42989	23917	22340	41422
43250	24218	22343	40973
43148	24251	22179	41366
43459	24092	22088	41469
43414	24164	21907	41442
43898	24079	21492	41487
44021	24001	21343	41507
44498	23927	21331	41861
43971	23810	21535	41762
43872	23873	21431	41649
44365	23794	20924	42203
44574	23211	20923	42207
44642	23419	20899	42337
44462	23315	21175	42509
44338	23021	21234	42450
44378	23126	21167	42366
44495	23172	20848	42043
44906	23552	20873	41795
44640	23784	21002	41511
44368	24053	21409	41646
44092	23913	21451	41579
44216	23857	21427	41919
44006	23420	21392	42329
43849	23370	21874	42260
43643	23086	21862	42544
43680	23210	22148	42470
43502	22876	22246	42667
43324	22925	22335	42361
43388	23259	21735	42488
43990	23193	21139	42294
44295	23132	21167	42346
44484	22915	21089	42678
44436	22880	21390	42681
44037	22662	21314	42889
44304	22327	21053	43423
44513	22090	20738	43045
44963	22796	20549	42597
44904	23154	20805	42068
44570	23564	20895	42059
44632	23513	20672	41999
45032	23526	20609	41829
44906	23830	20746	41592
44967	24164	20403	41574
45192	23974	20397	41782
45183	23670	20403	41635
45183	23986	20473	41726
44869	23952	20834	41353
44753	24204	20672	41268
44834	24453	20618	41238
45069	24438	20340	41145
44999	24388	20241	41514
45100	23871	20442	41825
45048	23637	20260	42006
45131	23492	20428	41902
45129	23332	20323	41978
45550	23810	19837	41633
45575	24072	20009	41253
45547	24444	19937	40759
45589	24767	20008	40981
45258	24846	20420	40900
45049	24447	20424	41006
45447	24166	20013	41416
45756	24038	19632	41612
45848	24150	19727	41582
45885	23866	19914	41618
45439	23916	20157	41817
45256	23774	20398	41388
45211	24097	20117	41047
45363	24786	20291	40413
45203	25130	20554	40211
44889	25271	20810	39926
44545	25741	21138	39665
44173	25838	21372	39619
44251	25863	21342	39761
44191	25642	21416	39919
44246	25696	20923	40134
44647	25351	20903	40474
44766	24862	20757	40756
44697	24980	20841	40670
44736	24856	21082	40343
44342	25260	21330	40223
44249	25414	21104	40123
44481	25263	20848	40290
44774	25372	20684	40166
45129	25570	20364	39801
45548	25776	19994	39741
45447	25742	20212	39648
45185	25841	20388	39867
45510	25447	19899	39960
45605	25628	19878	40071
45312	25507	20337	39865
45115	25618	20445	39995
44975	25522	20436	39942
45135	25514	20436	40173
45530	25205	19867	40240
45795	25117	19893	40429
45536	24843	20218	41106
45190	24587	20519	41006
44712	24274	21109	41139
44431	24361	20971	41083
44718	24450	20829	41264
44617	24014	21055	41863
44169	23543	21480	41924
44189	23403	21186	42028
44102	23788	21296	41612
44478	24133	21037	41435
44713	24146	20881	41470
44609	24184	21074	41406
44270	24026	21596	41562
43863	24084	21763	41518
43972	24168	21426	41283
44194	24250	21224	41469
44108	23719	21658	41954
44005	23633	21556	42080
43685	23409	21918	42057
43662	23225	21871	42538
43754	22731	21882	42633
43480	23036	21877	42484
43697	23219	21954	42543
43625	23055	21837	42511
43535	23073	22229	42346
43590	23241	21785	42076
43687	23520	21651	42327
43915	23146	22159	42662
43046	22663	22677	42978
42595	22497	22936	42973
42601	22716	22759	42585
43183	23120	22359	42769
43526	23137	22081	42269
43557	23282	21716	42420
44061	23008	21619	42771
43860	22639	21877	42730
44025	22876	21449	42597
44055	22852	21453	42916
44015	22617	21357	42850
43969	22810	21486	42687
43764	22934	21906	42654
43636	22926	22112	42944
43442	22610	22037	42902
43225	22478	22453	43004
43052	22924	22611	42686
42627	22900	22738	42850
42940	22487	22610	43129
43189	22314	22178	42951
43210	22430	22407	43228
43299	22266	22067	43316
43501	22328	21887	43230
43761	22155	21453	43348
44101	22079	21243	43209
44286	22296	21110	42953
44428	22573	21009	42906
44470	22687	21219	42670
44434	22679	20984	42690
44540	22817	21197	42819
44410	22453	21382	43130
44119	22498	21397	42987
43799	22534	21845	42853
43502	22693	22109	42716
43450	22767	21908	42908
43841	22603	21446	42794
44270	23149	21241	42026
44240	23629	21238	42063
44494	23331	21071	41982
44582	23501	20786	42139
44971	23620	20252	42237
45306	23244	20101	42498
45104	23065	20433	42468
44741	23026	21010	42670
44295	22356	21471	43352
43698	21984	21642	43608
44018	21818	21658	43816
43755	21751	21784	43848
43543	21590	22190	44054
42981	21389	22508	44046
42838	21682	22776	43796
42375	21711	23287	43896
42329	21769	23275	43559
42495	22072	23016	43391
42710	22103	22879	43487
42760	21960	22797	43694
42472	21665	23318	43950
42304	21567	23392	43842
42151	21894	23553	43566
42014	21886	23691	43508
41875	22093	23706	43306
41999	22379	23794	43094
41577	22625	24059	42787
41682	22685	23739	42826
41786	22757	23929	42982
41463	22839	24076	42795
41197	22789	24523	42762
40924	22928	24754	42514
40901	23180	24851	42580
40581	23094	25080	42474
40366	23375	25301	42202
40333	23409	24958	42076
40610	23435	24990	42118
40747	23295	24512	42178
41056	23506	24487	41875
41087	23673	24453	41902
41474	23423	23738	42002
42097	23830	23500	41472
42008	24076	23657	41296
42025	24179	23570	41419
41949	24008	23138	41466
42532	23806	23007	41717
42521	23686	23110	42165
42462	23428	23177	41929
42206	23548	23210	42096
42452	23508	23193	41766
42498	23645	22966	41941
42591	23572	22954	42103
42638	23204	22959	42349
42536	23289	23050	42444
42500	23093	23237	42299
42428	23493	23040	42107
42281	23638	23325	41931
42349	23495	23287	41777
42428	23420	23300	42117
42333	23371	23262	42106
42346	23502	23264	41825
42591	23916	22551	41547
43015	23888	22459	41623
43181	24001	22302	41446
43232	24371	21897	41034
43916	24560	21597	40950
43848	24942	21442	40437
44132	25273	21320	40232
44296	25347	21056	40044
44637	25417	20618	40311
44896	24972	20712	40565
44746	25071	20872	40450
44536	25018	21126	40580
44380	24944	20961	40834
44456	24915	21151	40601
44526	24836	20981	40727
44638	24578	20927	41285
44754	24003	20663	41664
44480	23980	21130	41605
44217	23888	21570	41720
43688	23779	22175	42025
43363	23305	22251	42191
43218	23494	22401	41859
43111	23845	22856	41628
42667	23991	23148	41399
42241	24555	23415	40895
41556	24780	24191	40741
40920	24627	24735	40946
40775	24331	24828	41309
40548	24077	24829	41435
40746	24006	24794	41396
40698	24162	24692	41609
40828	24009	24485	41442
41065	24034	24598	41650
40636	23664	25067	41894
40355	23697	25188	41903
40362	23637	25066	41524
40413	24194	25290	41270
40116	24268	25296	41089
40535	24494	24723	41020
40991	24129	24295	41266
41269	24284	24171	41578
41006	23583	24563	42063
41137	23327	24423	42424
41086	23003	24625	42440
40717	22830	24769	42634
41007	22679	24446	42983
41022	22437	24395	42989
41255	22452	24190	43447
41363	22043	24297	43512
41411	22034	24054	43515
41642	22092	23865	43486
41729	22299	23664	43258
41782	22177	23816	43364
41752	22375	23734	43295
41771	22421	23926	43096
41366	22310	24108	43316
41518	22281	23996	43006
41770	22583	23698	42835
41928	22830	23513	42712
41620	22672	24098	42681
41409	22809	23972	42644
41774	23090	23835	42357
41553	23203	23900	42505
41453	22986	23883	42553
41653	23063	24004	42421
41430	22877	24507	42817
40582	22822	24948	42667
40379	22950	25440	42620
40171	22827	25701	42523
39619	22886	25700	42511
39661	22649	25763	42828
39569	22569	25961	43212
39699	22279	25982	43535
39509	22041	26092	43508
39416	22233	26025	43213
39499	22142	25950	43654
39508	21889	26168	43565
39545	21715	25888	43741
39686	21645	25865	43971
39651	21658	25736	44152
39808	21082	25863	44588
39449	20830	25953	44666
39469	21033	25998	44463
39250	21247	26067	44082
39777	21595	25809	44053
39799	21529	25846	43652
39605	21874	26288	43533
39355	22096	26027	43432
39694	22121	25543	43475
39979	22287	25336	43365
40294	22125	25148	43339
40238	22303	25603	43203
39733	22281	25893	43122
39482	22464	26168	43195
39202	22102	26486	43579
38881	22124	26779	43530
38782	21896	26855	43539
38487	22070	27236	43164
38442	22640	26916	42885
38857	22564	26630	43012
38801	22573	27148	42965
38289	22306	27296	43358
38149	22479	27558	43050
38006	22599	27536	43186
37858	22572	27785	43100
37731	22390	27965	42894
37562	22724	27578	42817
37956	22527	27459	43060
37983	22433	27646	43026
38064	22514	27409	43307
38020	22046	27488	43701
38264	21946	27376	43373
38339	22333	26846	43245
38747	22290	26762	43357
38552	22078	26860	43710
38842	22017	26587	43715
38845	21634	26764	44083
38734	21465	26851	44259
38634	21440	27042	44141
38339	21673	27222	43715
38305	21971	27109	43688
38446	21631	26985	43889
38648	21624	26818	43833
39192	21929	25987	43962
39646	21530	25723	44172
39571	21511	26126	43789
39597	21746	25729	43882
39869	21642	25859	43705
39568	22109	26135	43042
39323	22245	26061	43454
39271	21693	26362	44289
39350	20947	26153	44583
39224	21165	26168	44131
39390	21361	26377	44033
39262	21664	26042	43894
39610	21807	26016	43921
39514	21441	26189	44431
39373	20925	26152	44897
39639	20187	25643	45352
40091	20165	25298	45351
40309	20359	25243	45174
40352	20344	25234	45007
40116	20380	25091	45238
40427	20510	25111	45234
40472	20223	24932	45319
40561	19886	24946	45771
40235	19729	25444	45805
40122	19927	25340	45514
40198	20131	25183	45372
40291	20321	25002	45006
40469	20496	25192	45155
40092	20440	25818	45009
39801	20472	25623	44982
39742	20348	25664	44983
39740	20628	25717	45154
39539	20366	26183	45361
39469	20122	26185	45574
39340	20045	26085	45620
39377	19963	26080	45367
39574	20154	25924	45270
39551	20134	25881	45444
39528	20012	25842	45704
39765	19819	25610	45579
40255	20082	25281	45516
40429	20075	25288	45660
40346	19981	24982	45671
40322	20029	25048	45615
40668	19715	24763	45866
40931	19653	24344	45757
41253	19507	24239	46196
41210	19413	24264	46060
41269	19677	24362	45689
41030	19861	24604	45862
40637	19450	25022	46028
40333	19494	25159	45970
40193	19582	25605	45786
39948	19978	25422	45300
40094	20161	25294	45584
40503	19814	24770	45764
40716	19691	24482	45772
41163	19904	24710	45504
40595	20019	24876	45625
40857	19835	24575	45763
40786	19748	24836	45845
41063	19654	24345	45684
40931	19892	24915	45556
40548	20051	25189	45541
40470	20023	25282	45611
40097	20068	25540	45500
40006	19952	25768	45549
39792	20042	25524	45387
39969	20024	25576	45420
39938	19993	25513	45572
40100	20122	25450	45646
40087	20066	25477	45320
40246	19978	25065	45704
40545	19657	25061	45870
40368	19611	25117	45873
40634	19696	24792	45914
40655	19228	24964	46417
40368	19085	25164	46446
40313	19290	25138	45841
40391	19338	25233	46293
40049	19150	25499	45950
39924	19732	25987	45589
39540	20291	25957	45093
39505	20248	26409	45058
39060	20452	26630	45261
38922	19999	26653	45611
38604	20005	27129	45413
38319	20292	27327	45428
38026	20100	27440	45556
38263	19853	27066	45796
38401	19663	27364	45691
38136	19823	27561	45779
37987	19789	27506	45695
37936	19798	27759	45655
37836	19893	27477	45500
37996	20055	27496	45372
38040	20213	27433	45382
38106	20270	27491	44896
37614	20549	28008	44803
37656	20823	27753	44893
37808	20705	27416	45133
38273	20482	27363	45066
37975	20504	28052	44856
37317	20850	28420	44457
36996	21011	28645	44148
37069	21545	28697	43800
36806	21990	28754	43491
36810	21600	28911	44168
36368	21027	29305	44765
36023	20473	29459	44948
35695	20667	29940	44767
35464	20700	30193	44680
35169	20828	30290	44640
35461	20858	30486	44878
35215	20356	30370	45197
35459	20580	29984	45202
35243	20285	30302	45095
35284	20305	30378	45282
35534	20592	29977	45169
35276	20252	30369	45385
35023	20110	30903	45639
34267	19921	31394	45895
34070	19782	31345	45930
34351	19460	31112	46434
34382	19226	31186	46278
34119	19233	31443	46579
34332	19059	31184	46858
34347	18687	31285	46685
34247	18976	31280	46596
34517	19127	30713	46214
35277	19476	30355	46143
35143	19255	30322	46280
35293	19142	29862	46454
35876	19111	29808	46348
35806	19273	29510	46195
36224	19594	29395	45908
36257	19740	29378	45741
36057	19759	29409	45730
36194	19931	29330	45730
36103	20115	29620	45331
36016	20040	29341	45353
36230	20049	29320	45550
36118	20317	29408	45390
36073	19933	29466	45551
36164	20200	28999	45512
36589	20073	28566	45684
37009	20053	28279	45399
37432	19997	27871	45596
37670	19941	27614	45417
37765	19953	27802	45763
37848	20107	27566	45551
37855	20086	27457	45680
38006	20020	27390	45503
38382	20199	27513	45334
38095	20201	27433	45670
38195	19572	27187	46014
38500	19314	27053	46324
38271	19159	27304	46463
38197	19219	27247	46057
38111	19584	27263	45871
38161	19923	27483	45665
38026	19919	27667	45415
38094	20286	27441	44990
38038	20641	27220	44526
38256	21275	27010	44295
38594	21278	27038	44062
38660	21657	26710	43765
38918	21575	26393	44021
39113	21454	26312	44398
39191	21155	26391	44785
39064	20684	26742	44994
38757	20606	26819	45127
39003	20098	26561	45647
38786	19862	26943	45628
38476	20371	27074	44930
38200	20863	27388	44497
38131	21144	27550	44203
37852	21341	27631	44073
37945	21537	27618	44064
37864	21600	27839	44124
37545	21424	27981	43891
37679	21703	27910	43691
37503	22069	28371	43234
37003	22335	29025	43172
36897	22291	28557	43437
37033	21954	28533	43556
36931	21858	28591	43787
36921	21646	28380	43919
37259	21541	28431	44214
37068	21291	28344	44478
37197	20942	28623	44632
36541	20933	28974	44789
36443	20597	29245	45171
36237	20261	29251	45308
36493	20309	29128	45199
36127	20261	29532	45412
35777	19999	29757	45426
36106	20009	29298	45557
36342	19587	29079	46084
36681	19159	29139	46368
36461	19244	28804	46240
36884	19281	28381	46281
37184	19410	28404	46131
37104	19689	28317	45877
37463	19780	28524	45789
37119	19755	28187	45557
37376	19976	28197	45693
37193	19711	28239	45892
37057	19690	28536	45639
36884	20126	28466	45408
37142	20068	28264	45371
37573	20343	27879	44976
37977	20720	27618	44934
38012	20814	27372	44494
38205	21128	27371	44244
38053	21284	27392	44252
38220	21510	27192	43859
38128	21701	27412	44018
38332	21313	27272	44321
38311	21040	27224	44336
38190	21227	27237	44175
38144	21729	27476	43811
37915	21479	27792	44361
37817	21205	27735	44301
37815	21281	27668	44210
37829	21228	27813	44593
37557	20968	28009	44699
37621	20670	28220	45070
37159	20059	28517	45449
36600	20247	28985	45243
36541	20426	28956	45133
36836	20546	28685	44980
36732	20516	28795	44997
36539	20649	28920	45112
36557	20403	28932	45239
36694	19971	28710	45561
37035	19922	28559	45433
36945	20336	28556	45515
37071	19998	28676	45312
36942	20153	28746	45154
36719	20131	28696	45585
36930	19963	28685	45777
36986	19985	28387	45564
37122	19991	28444	45771
36975	19807	28133	45741
37236	19653	28307	45674
37135	19990	28536	45196
36905	20739	28584	44571
36982	20939	28459	44508
37200	20985	28380	44710
37068	20910	28843	44660
36510	20966	29326	44552
36092	21029	29253	44605
36091	20549	29621	45432
36056	20016	29617	45721
35715	19613	29854	45915
35842	19842	29801	45443
35790	19862	29957	45820
35963	19615	29515	45982
35872	19637	29424	46139
36520	19186	28784	46467
36844	18869	28823	46860
36539	18868	29055	46492
36271	18957	29501	46463
36020	19134	29516	46261
35996	19293	29381	46257
36256	19427	29187	46392
36350	19003	29212	46601
36231	18831	29299	46616
35952	18988	29737	46830
35791	18602	29710	46904
35968	18582	29564	46854
35921	18699	29589	46847
35866	18821	29857	46729
35701	18834	29820	46583
35984	19034	29478	46711
35817	18809	29743	46825
35544	18566	30110	47080
35389	18458	30134	47034
35430	18272	30327	47283
35175	18181	30421	47232
35132	18394	30155	46906
35268	18646	30507	47010
34979	18177	30651	47537
34615	18155	31049	47263
34738	18604	30808	47027
34646	18562	30555	47134
34999	18468	30468	46790
35042	18839	30189	46619
35287	19058	29953	46330
35907	19528	29427	46026
36388	19747	28878	45664
36831	20045	28641	45559
37103	20292	28217	45130
37573	20638	27981	44820
37540	20969	27910	44490
37618	20915	27887	44330
37461	20999	28242	44430
37079	21120	28527	44400
37024	21113	28297	44360
36966	20990	28629	44660
36883	21093	28589	44808
36889	20625	28881	44755
36487	20720	29273	44740
36535	20708	29048	44825
36178	20517	29532	45261
36014	20053	29708	45250
35960	20311	29387	45212
36207	20596	29461	44613
35987	20654	29492	44498
35876	20810	29628	44587
35858	20928	29653	44481
35962	21216	29446	44382
36054	21133	29138	44378
36248	20992	29461	44544
35804	20898	29884	44700
35781	20880	29298	44579
36105	20864	29441	44745
36022	20593	29551	44867
36111	20718	29469	44782
35840	20788	29663	44622
35896	20928	29670	44382
36113	21257	29103	44201
36692	21624	28969	43891
36290	21572	29310	44374
36252	20733	29271	45065
36218	20476	29333	45288
36214	20096	29311	45754
36266	19713	29137	45747
36431	19916	28974	45567
36532	20176	28876	45315
36585	20458	29267	44912
36523	20659	28814	45090
36569	20534	28901	44903
36572	20562	29378	45216
36210	20214	29337	45310
36082	20162	29416	45407
36075	20208	29286	45430
36333	20365	29398	44934
36074	20598	29539	44989
35860	20768	29932	44518
35763	21088	29896	44476
35852	21123	29766	44143
35904	21511	29798	44198
35718	21369	29701	43926
35961	21439	29249	44126
36579	21333	28680	44365
36942	21151	28359	44147
37515	21403	27832	43923
37972	21674	27199	43983
38619	21673	26761	43892
38999	21692	26777	43796
38733	21812	26871	43727
38821	21816	26564	43648
39209	21806	26372	43865
39423	21696	25947	43777
39574	21972	25954	43476
39453	22066	25836	43387
39853	22329	25600	42987
39814	22818	25654	42868
39684	22684	25782	43006
39569	22375	25926	43290
39728	22074	25780	43555
39706	21812	25718	43776
39684	21571	25916	44013
39806	21723	25644	43919
39887	21951	25791	43509
39884	21953	25500	43536
39915	22115	25617	43543
39917	21641	25478	43927
40150	21604	25210	43778
40308	21811	25081	43741
40478	21649	24970	43910
40751	21520	24952	44236
40397	21536	25236	43780
40652	21707	25011	43396
40038	22087	25707	43452
39540	21879	25882	43792
39626	21514	26058	43976
39355	21563	26105	43804
39664	21840	25925	43750
39781	21542	25431	44018
40214	21656	25176	44144
40403	21679	24895	43784
40786	21682	24624	43451
41084	22028	24458	43340
41095	22209	24362	42964
41095	22374	24169	43400
41487	22177	24050	43394
41400	22198	24030	43589
41754	21802	23612	43688
41839	21851	23790	43600
41714	22009	24139	43186
41217	22751	24448	43086
40931	22514	24852	42875
40667	22778	24873	42684
40483	22944	25284	42365
40352	23229	24780	42262
40854	23496	24655	41982
40785	23701	25114	42089
40327	23378	25114	42194
40341	23115	25441	42396
40100	23068	25534	42760
39923	22814	25728	42614
39500	22936	26034	42473
39750	23283	25772	42108
39697	23510	25760	42130
39832	23162	25795	42451
39920	23256	25460	42154
40046	23565	25402	41783
40268	23971	24990	41570
40545	24308	24673	40956
40989	24765	24595	40817
40823	24793	24514	40854
40818	24657	24618	40869
40833	24435	24620	41190
40845	24208	24462	41236
41164	24166	24389	41293
40978	24230	24293	41447
40946	24208	24581	40932
40965	24756	24683	40635
40752	25121	24965	40559
40569	24939	24973	40375
40290	25289	25268	40096
40345	25822	25398	39838
40062	25573	25276	39977
40322	25601	25170	40056
40148	25600	25360	39968
40124	25333	25536	40221
39745	24936	25938	40777
39417	24637	26225	40951
39301	24770	26242	40966
39570	24337	25940	41384
39601	24238	25988	41532
39448	24043	25877	41448
40096	24186	25276	41308
40363	24118	24949	41656
40504	23854	25298	41793
40226	23840	25426	41746
40121	23677	25559	41876
39920	23475	25471	42013
40024	23416	25548	42121
39617	23455	25735	42194
40005	23269	25478	42529
40263	22931	25082	42735
40356	22914	25132	42666
40299	22960	24992	42435
40595	23285	25076	42225
40384	23460	25288	41905
39946	23592	25496	41602
40082	24074	25554	41304
39865	24124	25727	41382
39753	24111	25773	41374
39784	24237	25767	41335
39882	24173	25548	41276
40031	24315	25429	41291
40153	24169	25159	41234
40503	24527	24959	41091
40553	24375	25206	41277
40077	24240	25266	41286
40289	24165	25228	41351
40424	24381	24900	41339
40828	24205	24588	41368
41054	24315	24090	41002
41389	24604	24188	40745
41459	24724	24087	40615
41482	24942	24215	40961
41366	24524	24353	41000
41192	24825	24395	40660
41339	24877	24198	40547
41305	25284	24453	40216
41124	25200	23998	40571
41417	24701	24057	40662
41444	24761	23865	40746
41672	24699	23634	40583
41879	25356	23495	40149
42198	25473	23116	40221
42298	25363	23351	40500
42120	24822	23771	40716
41544	24776	24398	40693
41168	24996	24697	40553
40725	24716	24861	40756
40535	24601	24934	41073
40879	24394	24648	41217
40770	24623	24688	40655
40700	24906	24956	40569
40571	24912	25026	40539
40502	25143	24881	40233
40683	25600	24771	39949
40927	25291	24443	40302
40996	25285	24636	40256
40749	25183	25031	40134
40464	25480	25155	39835
40294	25787	25195	39596
40202	25966	25083	39632
40694	25781	24743	39961
40988	25419	24780	40362
40634	25391	24980	40283
40525	25116	25161	40386
40362	25169	25314	40232
40318	25316	25178	40394
40183	24893	25731	40890
39746	24643	25597	40948
40122	24221	25192	41416
40321	24120	25155	41537
40221	23908	25700	41679
39757	23964	25596	41364
39999	24101	25444	41159
40020	24421	25617	41259
39889	24161	26050	41567
39261	23822	26169	41763
39333	23547	26377	42028
39162	23546	26378	41766
39142	23843	26511	41333
38767	24135	26763	41454
38541	24030	27263	41229
38181	24703	27434	40511
38002	25163	27912	40239
37561	25216	28055	40270
37470	25540	28308	39881
37025	25770	28402	39916
37168	25559	28184	39867
37476	25599	27964	40196
37801	25136	27577	40443
38385	25179	26951	40324
38619	25331	26933	40071
38439	25416	27197	40029
38284	25440	27187	40236
38428	25268	27140	40415
38424	25076	27355	41042
38098	24269	27476	41419
38020	24104	27402	41560
37764	24295	27959	41116
37668	24625	28085	40855
37566	24800	27872	40595
37738	24866	27948	40516
37627	24994	28038	40306
37404	25127	28128	40431
37324	24975	28012	40629
37369	25009	28100	40593
37454	24995	27908	40777
37617	25024	27830	40797
37821	24753	27446	40957
38238	24563	27232	41193
38366	23975	27238	41580
37831	23887	27929	41457
37433	24101	28244	41336
37270	24483	28059	40868
37737	24911	27846	40587
37514	25058	27717	40411
38021	25250	27349	40027
38398	25470	26998	40132
38717	25455	26527	40116
39542	25715	25869	39765
40137	25969	25614	39659
39976	25983	25411	39565
40274	26011	24811	39671
40815	25868	24416	39761
41252	25656	24188	39880
41558	25812	23853	39627
41573	25802	24271	39464
41168	26102	24384	39673
41067	25782	24513	39757
41055	25852	24703	39820
40720	25743	24780	39770
40511	25962	25339	39496
40268	26076	25366	39466
40141	26036	25558	39323
39827	26198	25593	39076
39936	26425	25538	39374
39828	26059	25875	39442
39521	26064	25943	39627
39413	25842	25755	39880
39826	25804	25600	39504
39913	26268	25723	38943
39714	26645	25758	38897
39707	26507	25657	39073
40035	26351	25348	38975
40285	26814	24958	38590
40744	27192	24691	38088
40739	27298	24319	38251
41337	27484	24030	38163
41556	27439	24210	38101
41647	27522	23367	37957
42348	27442	23059	38012
42462	27563	23032	37607
42795	27947	22694	37606
43133	27891	22201	37629
43534	27847	21919	37673
43951	27958	21454	37453
44262	28079	20917	37295
44726	28305	20595	36991
44708	28465	21023	37145
44225	28389	21369	36894
43645	28718	22024	36861
43659	28692	22025	36630
43851	28981	21606	36553
43868	29052	21471	36444
43865	28726	21941	37027
43761	28608	22001	37028
43459	28524	22120	37091
43641	28325	21924	37262
43500	28372	22076	37480
43582	27779	21954	37902
43702	27600	21871	38097
43676	27749	22044	37971
43713	27682	21707	37801
43888	27663	21577	38118
43916	27354	21568	38223
44092	27425	21156	38001
44198	27561	21109	38039
44517	27431	21047	38187
44639	27233	20985	38012
44329	27643	21298	37949
44181	27871	21420	37623
43965	27921	21308	37883
44174	27827	21159	37660
44368	27813	21353	38035
44099	27504	21443	38030
44148	27200	21336	38225
44338	27717	21309	37810
44175	27501	21338	37904
43952	27713	21587	37948
43950	27767	21491	37796
44230	27770	21231	37709
44502	27962	21021	37590
44698	27906	21119	37733
44206	27625	21184	37744
44228	27620	21178	37710
44441	27631	21028	37877
44551	27802	20945	37459
44603	28033	21111	37194
44640	28497	20805	36907
44848	28785	20627	36752
45104	28805	20071	36865
45425	28851	19964	36272
45633	29129	20000	36380
45697	29057	19964	36569
45686	28659	19772	36953
45968	28435	19610	37260
45955	28081	19753	37378
45668	28207	20091	37093
45649	28543	20041	36940
45604	28821	19880	36580
45727	29145	19762	36314
45802	29027	19790	36522
45794	29188	19523	36266
45944	29310	20100	35955
45005	30046	20838	35396
44597	30243	21003	35104
44705	30236	20880	35274
44735	30156	20572	35360
45165	30198	20155	35373
45262	30405	20399	34909
44957	30611	20378	34935
45123	30621	20437	34881
44861	30660	20876	34860
44747	30866	20975	34651
44514	30982	20983	34451
44480	31194	21103	34055
44361	31571	21411	34093
44066	31645	21417	34037
44092	31632	21418	34033
44059	31746	21411	33635
44263	32073	21190	33462
44682	32360	20655	33222
44951	32268	20399	33332
45284	32139	20381	33464
45188	32390	20408	33108
45170	32563	20388	32925
45230	32661	20224	32995
45334	32525	20074	32725
45325	33066	20086	32285
45662	33096	20055	32389
45512	33391	19902	32290
45628	33181	19844	32517
45343	32664	20273	33234
45274	32456	20415	33378
44737	31995	21250	33762
44189	31477	21365	33950
43998	31664	21796	33731
43649	31705	21851	33941
43715	31675	21768	33990
43843	31573	21716	34115
43832	31378	21442	34101
43945	31413	21703	33935
43879	31474	21781	34094
43810	31546	21514	34026
44266	31494	21175	34313
44560	31158	20719	34458
44840	30999	20756	34902
44783	30714	20830	34826
44515	30655	21060	35018
44373	30485	21439	34976
44008	30746	21562	35010
43943	30573	21713	34806
43683	30861	21958	34969
43690	30434	21662	35182
43783	30320	21885	35145
43848	30411	22006	35321
43721	30122	21513	35512
44146	30024	21344	35721
44065	29663	21287	35617
44264	30133	21265	35172
44072	30597	21511	34878
44219	30869	21305	34641
44076	30786	21604	34559
44008	31037	21382	34249
44116	31483	21696	34179
43545	31385	22323	33811
43091	31894	22690	33505
42817	32027	22766	33636
42754	31819	22547	33788
43201	31589	22088	34087
43452	31625	22231	34066
43235	31283	22354	34373
43443	31337	22105	34214
43534	31250	21957	34552
43747	30832	21684	34811
43679	30601	22050	35139
43506	30504	21923	35114
43405	30308	22325	35136
43306	30517	22224	35191
43421	30462	22009	35220
43675	30542	21760	34977
43904	30850	21329	34813
44382	30803	21043	34745
44606	30966	21004	34493
44539	30847	20998	34825
44711	30524	20948	35044
44378	30462	21248	35174
43997	30145	21684	35502
43762	29791	21844	35644
43620	29902	21880	35576
43745	30073	21929	35309
43777	30351	21891	35356
43605	30121	22068	35370
43530	30290	21756	35303
44030	30301	21637	35396
44018	30167	21764	35369
43917	30148	21969	35340
43496	29958	22112	35626
43284	29743	22306	36025
43127	29135	22575	36305
42997	29291	22648	35978
43023	29421	22394	36133
42997	29265	22571	36511
43316	28762	22175	37000
43249	28490	22331	36832
43275	28801	22371	36856
43079	28572	22471	37093
42992	28466	22300	37310
43555	28168	21704	37646
43834	27930	21636	37760
43982	27942	21496	37677
44114	27858	21409	38009
44143	27291	21583	38342
43974	27171	21309	38459
44283	26958	21179	38516
44357	26983	21290	38467
44218	27048	21183	38807
44477	26624	20782	38810
44741	26716	20492	38748
45058	26677	20568	38905
45129	26136	20478	39612
44963	26082	20854	39538
44567	25703	21011	40175
44534	25210	21139	40314
44366	25266	21159	40473
44300	24914	21270	40623
44228	25199	21482	40169
44019	25375	21807	40027
43676	25562	22173	39823
43360	25808	22170	39713
43267	25779	22316	40005
42979	25516	22768	40207
42629	25603	22968	39495
42477	26274	22945	39410
42458	25937	23071	39729
42265	26059	23134	39403
42210	26212	23304	39202
42100	26417	23614	39050
41737	26337	23886	39528
41304	25874	24420	39750
40800	25642	25002	40254
40430	25274	25141	40159
40708	25345	24612	40184
41182	25392	24297	40220
41482	25254	23544	40179
42085	25180	23378	40570
42139	25050	23562	40780
41950	24673	23467	41020
42259	24483	23211	41160
42433	24284	23068	41574
42365	24026	23192	41633
42200	23755	23054	42081
42364	23064	22971	42638
42657	22976	23081	42575
42592	23056	22906	42203
42602	23645	22940	41852
42616	23600	22975	41845
42608	23585	23205	41682
42219	24016	23261	41633
42191	23919	23340	41758
42002	23879	23531	41597
41894	23819	23567	41607
41899	24116	23579	41139
42170	24614	23311	40792
42430	24837	22951	40441
42419	24907	23314	40143
42297	25734	23136	39643
42221	25671	23611	40011
41754	25466	23752	39909
42241	25493	23199	40164
42306	25318	23217	40290
42469	25075	22816	40649
42594	24697	23121	41008
42531	24384	22956	41214
42629	24425	22939	41020
42693	24871	23060	40651
42668	24888	22903	40547
42757	25135	22819	40665
42759	24839	23125	40758
42269	24714	23204	40671
42262	24796	23402	40852
42285	24553	23102	41300
42331	24255	23346	41525
42194	24094	23472	41644
42158	23757	23569	41704
42032	23958	23575	41273
41771	24359	23672	40930
41699	24505	23797	41037
41754	24343	23883	41293
41889	24312	23669	41122
41687	24497	23781	40799
41697	24887	23539	40738
42160	24909	23287	40612
42433	24849	23028	40976
42808	24469	22679	40913
42923	24691	22332	41049
43138	24611	22488	41008
43217	24728	22165	40646
43756	24954	21656	40228
44150	25373	21488	40010
44019	25808	21750	39558
43810	25846	21662	40025
43948	25339	21388	40248
44264	25269	21313	40157
44253	25496	21481	40048
44335	25621	21072	40130
44576	25396	20782	40083
44962	25638	20498	39818
45072	25677	20716	39909
44958	25486	20797	40151
44764	25346	20644	40255
44768	25437	20742	40214
44819	24893	20845	40533
44306	24944	21085	40599
44340	24902	21130	40311
44522	25221	21043	40081
44449	25223	21278	40460
44050	25209	21215	40350
44370	25261	21210	40350
44181	25179	21414	40507
44104	25140	21438	40257
43936	25356	21401	40383
44164	25220	21662	40551
43715	24802	22014	40617
43475	24987	21957	40493
43425	25086	22277	40558
43137	24878	22359	40598
43223	24932	22333	40253
43029	25206	22392	40304
43238	25131	22239	40490
43370	24857	22096	40717
43490	24757	22159	40839
43418	24583	21984	40663
43575	25013	21928	40391
43376	25345	22292	40121
43294	25586	22087	39643
43600	26017	21850	39211
44020	26340	21332	39017
44403	26731	20733	38612
45005	26917	20359	38577
45305	27056	20237	38398
45309	27274	20140	38453
45360	27038	20097	38659
45527	26853	20185	38391
44962	27356	20532	38021
45046	27518	20288	38066
45171	27641	20497	38127
45203	27272	20344	38174
45466	27280	20107	38193
45226	27245	20173	38426
45180	26832	20608	38805
44856	26667	20908	38950
44635	26535	20819	38921
44743	26435	20698	39076
44783	26572	20871	38948
44678	26741	21024	38785
44426	26493	21085	39013
44714	26466	20775	39166
44772	26360	20477	39261
44822	26305	20779	39062
44540	26641	20978	39032
44600	26613	20865	39029
44587	26523	20882	39100
44596	26324	20987	39493
44395	26105	21181	39502
44539	25906	20917	39707
44566	26105	20698	39805
44493	25501	20944	40151
44406	25381	21123	40010
44113	25509	21421	40008
44085	25429	21769	40181
43597	25123	21891	40362
43543	25139	21922	40440
43852	25317	21769	40483
43756	24893	21765	40872
43831	24457	21816	41340
43679	24262	21834	41378
43667	24054	21888	41802
43745	23779	21689	41883
43737	23649	21829	41840
43718	23353	22016	42140
43506	23479	22045	42123
43205	23251	22529	42372
42782	23064	23052	42550
42288	22871	23453	42747
41762	23108	23739	42476
41819	23055	23348	42580
42005	22775	23709	42589
41951	23108	23314	42253
42339	23443	23147	41990
42724	23501	22522	42119
43207	23302	22105	41935
43511	23419	22110	42040
43400	23666	22208	41805
43424	23804	22318	41674
43371	23812	21986	41832
43531	23802	22270	41753
42996	23596	22781	42131
42734	23327	22652	42088
42659	23380	22704	42186
42952	23443	22656	42185
42801	23525	22562	41840
42856	23621	22770	41729
42620	23533	23063	42140
42593	23488	22826	42419
42722	22683	22829	43008
42832	22508	22816	42798
42741	22707	22990	42946
42516	22281	23176	43109
42591	22166	22825	43335
42925	22419	22418	43079
43326	22438	21819	42933
43772	22850	21673	42582
43708	23190	21848	42465
43833	22954	21712	42725
43517	22754	21927	42884
43342	22682	22461	43022
42963	22424	22633	43079
42746	22497	22920	43200
42278	22128	23299	43325
42124	22346	23486	43182
41713	22381	23934	43193
41575	22606	24065	42976
41108	22785	24605	42574
40664	23058	25000	42272
40481	23322	25236	41933
40104	23637	25643	41980
39851	23419	25389	42045
40205	23409	25317	42208
40448	23252	25275	42582
40267	22795	25370	43083
40245	22315	25339	43214
40187	22374	25210	43062
40307	22502	25291	42877
40343	22776	24963	42866
40509	22470	24981	43251
40728	22242	24740	43199
40839	22353	24694	43328
40840	22210	24556	43340
41093	22152	24463	43559
41034	22207	24659	43245
41040	22664	24740	43002
40996	22499	24337	43130
41443	22212	23862	43364
42131	22267	23429	43150
41857	22291	23754	43270
41740	22247	23959	43281
41351	22057	23916	43697
41514	21490	23835	44155
41644	21179	23777	44292
41804	21086	23775	44513
41538	20983	24220	44686
41331	20793	24201	44596
41151	20837	24665	44644
40931	20907	24842	44439
40881	21268	24517	44177
41012	21545	24453	44058
41110	21625	24437	43610
41113	22257	24305	43117
41103	22594	24426	42791
41281	22877	24350	42386
41189	23144	24159	42400
41614	23278	23639	42286
41967	23371	23596	41991
42028	23613	23321	41747
42439	23770	23183	41508
42601	24034	22822	41500
42964	24048	22507	41435
42835	24188	22667	41247
42864	24360	23054	41358
42318	24188	23401	41416
42106	24169	23379	41214
42551	24337	22827	41387
42790	23908	22615	41668
43320	23769	22261	41739
43267	23912	22047	41562
43631	23904	21991	41626
43705	23930	21752	41362
43975	24180	21453	41098
44242	24567	21419	41031
44159	24811	21304	40652
44369	25014	20860	40383
44881	25205	20835	40109
44443	25275	21090	40387
44451	25138	21426	40462
44335	24728	21437	40797
44035	24988	21315	40252
44267	25527	21174	40011
44264	25389	21344	40153
44099	25326	21608	40103
44091	25554	21064	39776
44762	25752	20833	39556
44967	25951	20485	39023
45300	26728	19916	38790
45971	26757	19228	38511
46469	27147	18952	38431
46764	27509	18990	37934
46625	27686	18762	37765
46690	27865	18868	37620
46677	28156	18797	37349
46636	28116	19052	37479
46406	27726	19442	38003
46018	27437	19215	37908
46480	27769	19028	37469
46294	28275	19183	37036
46401	28520	19327	37100
46223	28434	19333	37008
46260	28548	19006	36973
46540	28566	18930	37027
46579	28367	18928	36997
46394	28588	19123	36894
46227	28778	19547	36580
45907	28956	19866	36614
45676	29256	19583	36138
46006	29443	19372	35895
46341	29795	19070	35660
46317	29787	19371	35947
46221	29732	19258	35744
46410	30000	19240	35326
46222	30328	19142	34841
46425	30747	18769	34842
46836	30613	18825	34682
46465	30976	19139	34457
46400	31155	18868	34063
46540	31430	18734	33804
46681	31802	18898	33821
46570	31896	18987	33871
46322	31447	19251	34241
46189	31071	19339	34687
46097	30838	19485	34820
45833	30709	19870	35023
45593	30495	19988	35067
45489	30482	20041	34997
45442	30545	20400	34995
45203	30524	20361	34906
45355	30481	20259	35310
45343	30113	20317	35783
45147	29530	20385	36162
45074	29358	20329	36260
44975	29163	20461	36383
45241	29148	20588	36352
45239	29099	20262	36586
45286	29021	20560	36439
44902	29083	20900	36467
44408	28912	21207	36700
44717	28569	20775	37374
44727	28219	20646	37352
44900	28339	20408	37129
45183	28618	20187	37022
45326	28511	20466	36849
44783	28631	20846	36957
44610	28397	20748	37126
44690	28242	20571	37427
45111	28179	20205	37493
45642	27878	19579	37629
45986	27761	19615	37705
45826	27653	19721	37640
45768	28014	19625	37161
45820	28241	19763	37249
45635	28161	20134	37472
45122	28025	20614	37269
44855	28153	20992	37645
44487	27746	21180	37793
44453	27521	21266	37990
44174	27449	21337	37928
44335	27727	21020	37825
44465	27649	21286	37585
43910	27959	21884	37728
43882	27820	21672	37662
44020	27910	21392	37443
44517	28091	21017	37007
44261	28609	21202	36743
44371	28866	21022	36791
44697	28627	20775	36780
44730	28912	20777	36806
44829	28734	20296	36909
45417	28467	20216	37311
45334	27932	20050	37392
45615	28383	19867	36921
45651	28686	20038	36848
45291	28841	20100	36692
45547	28715	20258	36870
45288	28547	20455	36966
45029	28502	20497	36999
45196	28257	20208	37232
45385	28534	20064	36901
45594	28469	19872	37052
45688	28516	19835	37148
45663	28484	19867	37091
45517	28489	20047	36992
45100	28400	20712	36994
44667	28509	20961	36971
44750	28468	20855	37018
44701	28564	20861	37151
44438	28307	20953	37240
44944	28370	20576	37299
44692	27933	21068	37795
44493	28107	21049	37614
44245	28185	21481	37519
44111	27997	21577	37599
43798	27904	21380	37697
44357	27744	21227	37906
44690	27797	20681	37925
44926	27489	20680	37832
44773	27548	20855	38044
44562	27397	20898	37970
44832	27440	20700	38184
44873	27561	20525	37694
45093	27930	20615	37581
44604	27941	21013	37546
44505	27978	20803	37883
44710	27632	20861	37884
44510	27629	20792	37901
44947	27482	20676	37974
44930	27342	20553	38217
44877	27283	20685	38228
45171	27302	20100	38173
45639	27158	19706	38212
45931	27404	19624	38285
46187	27303	19543	38193
45970	27446	19463	38001
46254	27671	19481	37977
45743	27701	20162	37828
45358	27686	20101	37808
45431	28141	20155	37409
45221	28032	20514	37281
45236	28188	20400	37484
45316	27850	20171	37895
45350	27239	20288	38309
45106	27292	20402	38470
45096	26753	20260	39057
45316	26196	20285	39425
45114	26153	20504	39402
44786	25994	20792	39192
44680	26512	20789	38859
44466	26650	21188	38692
44318	26613	21001	39094
44677	26214	20725	39396
44957	25901	20573	39686
45255	25909	20216	39731
45173	25699	20260	39677
45173	25915	20354	39745
45229	25960	20491	39826
44964	25401	20592	40230
45129	25145	20127	40389
45018	25233	20912	40273
44639	25380	20934	40119
44510	25497	21068	39880
44380	25741	21352	39894
44162	25737	21220	39958
44310	25461	21312	40059
44132	25413	21846	40083
43473	25489	22098	39975
43206	25622	22460	39791
43025	25552	22452	39953
43305	25639	22180	39893
43440	25719	22259	39765
43231	25793	22247	40164
43426	25106	22145	40417
43326	24956	22221	40597
43222	25156	22341	40339
43056	25224	22609	40384
42971	25322	22516	40319
42856	25077	22625	40320
43128	25512	22609	39757
42994	25758	22582	39664
43028	25977	22424	39438
43253	25898	22152	39467
43340	26246	22288	39076
43413	26704	21981	38606
43618	27034	21760	38225
43880	27475	21689	37992
43909	27478	21397	38169
44264	27556	21252	38172
44094	27453	21558	38226
44227	27337	21278	38083
43967	27490	21633	38172
43747	27252	21593	38251
44058	27576	21393	38076
44152	27532	21388	37680
43904	27935	21461	37298
44081	27928	21513	37709
43701	27808	21896	37636
43654	27934	21796	37454
43526	28353	22008	37102
43764	28368	21746	37012
43949	28872	21336	36642
44095	29110	21512	36113
43807	29435	21651	36027
43919	29637	21617	35946
43762	29262	21737	36507
43842	29164	21495	36319
44084	29266	21590	36211
43777	29263	21698	36134
43856	29116	21625	36582
43839	28798	21552	36752
44021	28693	21523	36915
43789	28753	21839	36787
43679	28792	21818	36827
43555	28754	22153	36864
43648	28748	21849	36656
43727	28618	21703	36985
43971	28483	21464	36918
43745	28649	21707	36834
44080	28825	21593	36511
43872	28764	21643	36654
43921	28799	21873	36787
43674	28746	22075	36837
43594	28373	22046	37163
43272	28178	22536	37448
42963	28202	22415	37102
42836	28756	22742	36734
42887	28760	22582	36794
42939	28843	22497	36485
43044	29108	22469	36631
43122	28874	22330	37074
43417	28451	22400	36990
43076	28293	22526	37270
42682	28512	22828	37153
42509	28329	23034	37243
42468	28168	23105	37428
42263	27904	23352	37947
42256	27317	23223	38242
42188	27061	23669	38276
42001	27218	23487	38353
41892	27088	23547	38532
42268	27049	23338	38450
42161	26893	23300	38652
42042	27018	23459	38476
41968	26873	23565	38785
41805	26901	23618	38721
42044	26558	23439	38899
42183	26564	23239	39159
42367	26415	22834	38990
42720	26572	22725	38883
42760	26560	22805	39041
42964	26390	22525	39098
43181	26322	22346	39006
43225	26768	22416	38652
42967	26897	22696	38568
42715	27211	22793	38006
42848	27682	22469	37966
43357	27579	22079	37824
43381	27936	22067	37431
43538	28336	22020	37129
43666	28182	22056	37265
43649	28417	21863	37177
44037	28361	21360	37213
44318	28210	21202	37581
44348	28083	21146	37594
44524	28041	20812	37622
44884	27806	20637	38031
44982	27269	20235	38235
45564	27281	19925	38551
45950	27076	19477	38356
45862	26960	19781	38560
45623	26892	19546	38680
45720	26828	19949	38867
45367	26584	20302	38984
45360	26837	20407	38721
45083	26723	20598	39004
44822	26600	20698	38937
44585	26774	21135	38580
44289	26800	21255	38823
44222	26507	21347	39064
44066	26316	21710	39310
43810	26388	21686	39286
43811	26121	21720	39145
43998	26480	21473	38933
44234	26550	21379	39042
44159	26551	21602	38894
43881	26394	21509	39040
44056	26443	21632	39239
44058	26448	21528	39125
43668	26385	21640	39169
43748	26505	21604	39174
43891	26244	21600	39280
43676	26042	21608	39628
44068	25801	21593	39683
43943	26009	21690	39360
43951	26094	21638	39103
43814	26220	21893	39327
43744	26214	22005	39438
43639	25947	21997	39485
43705	25773	21680	39937
44117	25724	21325	39947
44065	25819	21648	39335
43802	26347	21975	38780
43738	26808	21820	38806
43916	26779	21152	38581
44517	27142	20944	38127
44596	27457	21038	38314
44368	27199	21492	38322
44127	27137	21589	38381
44065	27014	21447	38655
44189	26715	21159	38652
44623	27063	20665	38212
44720	27422	20974	38026
44596	27890	21033	37610
44511	28269	21258	37096
44373	28506	21175	37016
44300	28663	21140	36786
44231	28623	21359	36902
44234	28523	21171	37190
44453	28391	20771	37058
44860	28466	20740	37190
44929	28238	20660	37396
44905	28007	20682	37612
44499	27978	21338	37250
44242	28418	21066	37184
44595	28209	20888	37417
44561	28195	20817	37220
44829	28106	20511	37360
45133	28193	20134	37385
45567	28426	19959	36824
45814	28846	19738	36486
45983	29195	19477	36373
46153	29168	19429	36107
45831	29759	19774	35679
45502	29981	19916	35523
45593	30030	19994	35396
45594	30142	19764	35422
46016	30176	19487	35400
46069	30085	19302	35842
46357	29738	19028	35863
46507	29816	19337	36007
45976	29564	19662	35963
45621	29790	19947	35741
45475	29794	19958	35862
45695	29871	19924	35412
45925	30353	19668	35112
45883	30536	19607	34992
46309	30523	19305	35467
46035	30308	19450	35442
46177	30076	19496	35414
45838	30244	20102	35397
45468	30052	19918	35680
45510	29932	20047	35772
45297	29822	20070	35778
45333	29446	20360	35804
45131	29855	20182	35730
45714	29684	19728	35694
45946	29966	19525	35377
46143	30256	19305	35288
46432	30288	19304	34930
46055	30697	19478	34753
46027	30847	19520	34704
45651	30804	20026	34798
45339	30653	20033	35019
45565	30697	19684	34640
45794	30855	19447	34763
46011	30699	19711	34617
45801	30912	19733	34296
45808	31189	19748	34367
45655	31068	20057	34379
45385	31287	20442	34237
44884	31347	20828	33941
44521	31564	21191	33901
43980	31385	21493	34110
44231	31180	20967	34426
44627	31284	20904	34072
44560	31279	21021	34196
44570	31265	20741	34053
44989	31787	20617	33954
44829	31641	20786	33761
45022	31866	20367	33628
45186	31754	20297	33864
45217	31445	20346	34176
45407	31286	20159	34153
45229	31379	20263	34204
45224	31417	20334	34010
45180	31528	20437	33846
45077	31792	20598	33778
44919	31816	20621	33877
44912	31672	20330	33753
45481	31678	20445	33965
45093	31469	20766	33916
44576	31652	21186	33916
44246	31628	20985	33865
44444	31531	20910	34142
44493	31135	20808	34447
44514	31171	21257	34356
44001	31438	21498	33936
44069	31799	21288	33725
44437	31802	20918	33799
44626	31878	20944	33646
44637	32283	20839	33310
44880	32632	20448	32944
45120	32727	20068	32696
45592	32917	19969	32612
45252	32905	20552	32624
45060	32864	20262	32732
45320	33018	19962	32222
45433	33437	20001	31837
45719	33839	19859	31808
45404	33948	20027	31476
45665	34216	19858	31084
45836	34971	19731	30264
45711	35425	19643	29991
46076	35565	19291	29813
46164	35732	19198	29537
46492	36122	18853	29452
46666	36028	18666	29608
47153	36082	18498	29350
46794	36391	18671	29360
46795	36085	18970	29084
46582	36643	19168	28753
46292	36940	19240	28468
46195	36932	19291	28736
46030	36602	19703	28902
45937	36723	19515	28720
46286	36713	19107	28842
46653	36958	18826	28113
46612	37660	18992	27635
46542	38023	18950	27248
46511	38477	19278	26764
45987	38725	19598	26693
45803	39008	19686	26461
45971	39148	19895	26333
45794	39430	19788	25840
45571	39852	19978	25576
45393	40181	20167	25373
45413	40281	20114	25255
45421	40128	20538	25442
44755	40076	20798	25409
44659	40355	20847	25216
44728	40211	20886	25060
44244	40853	21318	24472
44272	40746	21114	24826
44443	40646	20954	24708
44529	40551	20930	24966
44798	40541	20505	24948
44949	40467	20356	25322
45120	40069	20313	25551
45220	40073	20569	25457
45283	39949	20535	25800
44956	39519	20577	26196
44960	39200	20724	26247
44856	39534	20362	26090
45130	39496	20273	25915
45565	39714	19857	25835
45809	39726	19799	25664
45603	40180	19889	25225
45610	40277	19927	25348
45475	40144	20052	25283
45412	40313	20038	25187
45363	40031	20434	25459
44759	40108	20724	25272
44726	40336	20796	25377
44524	40165	21239	25659
44025	39897	21549	25670
44037	39850	21315	25730
44257	39871	21201	25598
44403	39905	21037	25640
44422	39843	21145	26000
44368	39326	21300	26215
44047	39575	21649	26036
43888	39636	21848	25692
43826	40282	21453	25288
44270	40410	21152	25234
44617	40586	20502	25049
45407	40470	19978	25256
45660	40249	19703	25271
45954	40287	19142	24914
46572	40653	18947	24618
46477	40872	18982	24674
46693	40697	19060	24696
46232	40615	19258	25162
46418	40311	19003	25740
46524	39838	18785	25961
46968	39546	18480	26267
47185	38984	18312	26829
47319	38615	18167	26850
47376	38473	18065	26737
47441	38686	18017	26726
47486	38756	18061	26825
47388	38643	18220	27170
47357	38152	18277	27441
47209	38246	18311	27011
47240	38687	18104	26832
47432	38516	18117	26843
47304	38713	18274	26691
47121	38862	18756	26569
46626	38924	19090	26311
46264	39454	19203	26118
46296	39394	19246	26290
46117	39206	19437	26094
45997	39520	19703	25833
45752	39780	19762	25440
45530	40244	20095	25128
45531	40501	20149	25172
45344	40101	20166	25390
45360	40152	20179	25177
45236	40400	20357	25066
45250	40566	20348	24897
45374	40685	19787	24726
45821	40619	19958	24891
45447	40562	20024	24966
45414	40499	20421	25486
44930	40046	20722	25428
44738	39963	20855	25404
44627	39901	20626	25717
44880	39692	20839	26089
44806	39184	20590	26605
44719	38900	20948	26778
44554	38430	21324	26881
44269	38733	21384	26809
44165	38915	21373	26707
44039	38942	21520	26657
43918	39165	21670	26180
43745	39502	21425	25813
44271	39777	21421	25773
44192	39799	21534	25748
43952	40005	21701	25446
43598	39882	22170	25510
43429	40286	22033	25208
43492	40325	22257	25210
43214	40385	21994	24997
43645	40646	22025	24859
43598	40931	21728	24612
44103	40863	21066	24617
44795	40948	20766	24583
44910	41025	20522	24305
44985	41261	20401	24234
45005	41253	20432	24139
45343	41118	20262	24585
45497	41227	20124	24423
45515	41260	19971	23902
45451	41773	20251	23759
45232	42120	20371	23298
45271	42175	20296	23311
45489	42189	19820	23396
45770	42348	19956	23099
45542	42796	20007	22734
45477	42562	20199	22947
45238	42861	20287	22583
45077	42971	20568	22543
45198	42980	20095	22475
45511	43032	20028	22532
45361	42909	20356	22660
44962	42852	20708	22565
44569	42958	21154	22576
44288	42942	21312	22631
43944	43049	21539	22221
43855	43471	21611	21854
43933	43495	21675	22198
43796	43330	22040	22242
43471	43243	21903	22039
43554	43753	21987	21716
43285	43793	22269	21894
43291	43638	22275	21948
43430	43480	22299	22298
43186	43327	22394	22243
43090	43343	22586	22072
43072	43621	22401	22128
43173	43637	22101	22038
43433	43360	22059	22185
43641	43304	22085	22206
43212	43436	22602	22234
42771	43553	23265	21894
42284	43582	23516	22045
41939	43476	23592	22169
41936	43120	23676	22715
41882	42724	23623	22836
42161	42800	23123	22807
42321	42683	23218	22892
42347	42619	23271	22966
42445	42445	22972	22831
42466	42716	23111	22857
42488	42630	23183	22918
42290	42457	23261	23110
42102	42410	23277	23114
42270	42566	23260	22894
42335	42588	23103	22942
42580	42808	23247	22761
42288	42818	23103	22716
42696	42833	22854	22558
42550	42835	22702	22715
42754	42946	22908	22439
42566	42891	23030	22497
42804	43140	22697	22551
42618	42997	22792	22672
42830	42683	22855	22628
42770	42968	22910	22874
42385	42412	23034	23074
42549	42563	22903	23015
42667	42596	22853	23120
42807	42368	22693	23074
42722	42401	22765	23368
42936	42258	22429	23396
43235	42191	22285	23425
43281	41952	22121	23495
43365	42270	22164	22872
43343	42854	22202	22779
43244	42618	22260	23036
43150	42425	22749	23151
43017	42429	22604	23069
42928	42346	22679	23585
42866	42119	22717	23517
42574	42165	22783	23478
42488	42163	23273	23467
41960	41901	23708	23510
41700	42108	23907	23248
41424	42326	24199	22987
41338	42757	24037	22607
41828	43064	23787	22271
41863	43347	23665	22199
42036	43144	23481	22478
42109	42974	23360	22557
42118	43194	23389	22301
42070	43328	23521	22070
41864	43539	23785	22030
41607	43475	23814	22064
42008	43665	23226	21817
42139	43859	23538	21567
41857	43975	23817	21493
41490	44181	24183	21306
41304	44290	23852	21265
41601	44458	24029	20998
41182	44710	24367	20612
41038	45162	24799	20219
40951	45692	24717	19540
40718	46087	24722	19460
40673	46032	24771	19507
40658	45997	24803	19332
40364	46257	25139	19333
40585	46206	24862	19338
40446	46050	25061	19480
40341	45795	25337	19810
40236	45718	25079	19566
40565	45842	25082	19704
40607	45832	24608	19667
40766	46018	25023	19532
40603	45987	25046	19612
40633	45924	24640	19761
40786	45671	24887	20012
40709	45346	25041	20324
40257	45261	25531	20057
40096	45703	25604	20024
39834	45815	25757	19845
39703	45689	26220	19655
39290	45801	26596	19653
38790	46091	27028	19509
38265	46174	27487	19406
38086	46241	27734	19149
37660	46520	28013	18980
37336	46508	28219	19151
37216	46453	28543	19212
36875	45989	28752	19801
36993	45743	28573	19571
37062	45732	28446	19525
36857	46195	28691	19276
36919	46519	28697	19122
36721	46394	28788	19176
36821	46398	28837	19445
36684	46101	28790	19365
36624	46177	29109	19392
36390	46079	29186	19757
36491	45747	29117	19880
36407	45575	28888	20076
36787	45539	28596	20037
37004	45259	28439	20331
37162	45145	28691	20319
36817	45270	28773	20044
36771	45472	28645	19914
36680	45880	28734	19682
37002	46324	28493	19104
37006	46613	28428	18786
37072	46803	28274	18735
37188	46577	28140	19031
37356	46662	27881	18560
37812	46742	27535	18968
37817	46389	27624	19420
37943	45954	27398	19782
38123	45807	27165	19644
38478	45625	27179	19981
38320	45187	27239	20367
38043	45007	27216	20398
38374	45058	26970	20526
38884	45065	26675	20406
39061	44979	26325	20745
39227	44712	26187	20843
39388	44795	26065	20772
39451	44689	25966	21126
39954	44438	25581	21203
39933	44212	25336	21477
40509	43891	25071	21730
40573	43673	24910	21617
40735	44047	24818	21387
40595	44202	24939	21331
40522	44155	25197	21184
39938	44391	25693	20949
39410	44703	26246	20588
39182	45183	26408	20280
39160	45447	26539	19982
39223	45579	26232	19676
39226	46076	26133	19441
39306	46212	26211	19272
39384	46057	26239	19677
39232	45768	26573	19602
39246	46214	26236	19386
39364	46057	26282	19555
39219	46017	26315	19463
39720	45975	25834	19585
39797	45619	25609	20137
39862	45282	25995	20301
39140	45227	26791	20507
38533	45085	26905	20418
38635	45564	27173	19892
37979	45486	27629	20250
37955	45241	27235	20071
38360	45439	26954	19809
38558	45818	27164	19661
38349	45617	27211	20010
38375	45337	27193	20511
38458	45090	27386	20476
38033	45071	27760	20226
37750	45190	27951	20619
37311	44769	28282	20647
37298	45137	28464	20145
37099	45570	28456	19913
37231	45655	28235	19665
37362	45922	28425	19587
37151	45944	28409	19707
37532	46190	27964	19196
37697	46302	27802	19332
37806	46087	27477	19427
38116	46223	27499	19064
37857	46536	27707	19060
37900	46454	27605	19188
37911	46290	27675	19076
37970	46404	27574	19346
38296	46173	27069	19256
38660	46175	26679	19402
38747	45784	26613	19439
39120	45897	26420	19452
38707	46004	26951	19347
38618	45877	26614	19660
39003	46113	26387	19391
39130	45958	26450	19490
39290	46114	26095	19299
39310	46214	26436	19292
38951	46385	26448	19402
38957	46092	26709	19351
38835	46264	26703	19334
38897	46244	26549	19148
38953	46390	26644	19496
39195	45816	26316	19547
39325	46001	26103	19630
39463	45725	26146	20011
39562	45307	25808	20522
39421	44973	26356	20647
39208	44868	25984	20624
39586	44831	25727	20641
39726	44925	26118	20331
39299	44938	26388	20549
39212	45189	26179	20481
39504	45092	25920	20537
39580	44862	26046	20582
39190	44989	26272	20464
39117	45134	26365	20352
39405	45020	25890	20711
39560	44808	26107	20498
39367	45222	25981	20140
39508	45169	25938	20242
39510	45455	25955	20398
39526	45314	25770	20185
39858	45542	25575	20171
39768	45256	25779	20023
39744	45481	25727	19896
39711	45705	25927	19854
39476	45764	26170	19538
39361	46049	26075	19490
39431	45976	25991	19690
39554	45720	26001	19615
39621	45857	25693	19594
40065	45799	25212	19960
40467	45602	24793	20032
41319	45675	24316	19999
41298	45361	24110	20309
41511	45181	24184	20526
41122	44852	24280	20726
41075	44830	24523	20743
41121	44782	24456	20501
41092	45045	24456	20586
41183	44841	24169	20525
41501	44917	23845	20570
41506	45025	23854	20545
41573	44818	24160	20603
41271	44954	24128	20596
41419	44726	24150	20765
41529	44887	24111	20282
41283	45348	24288	20105
41239	45323	24180	20283
41336	45232	24194	20323
41385	45030	24201	20538
41117	45138	24435	20613
41082	44682	24230	21069
41593	44519	23861	21230
41857	44098	23587	21532
41977	43808	23255	21640
42120	43852	23501	21638
42010	44090	23352	21019
42151	44583	23469	20436
42116	45285	23584	20149
41864	45334	23658	20549
41730	44977	23735	20787
41608	44784	24024	20921
41393	44698	24253	20942
41274	44530	24197	20932
41282	44338	24356	21208
40886	44432	24774	21292
40974	43947	24642	21609
40786	43939	25040	21466
40626	43892	24752	21639
40914	43987	24523	21724
41087	43636	24558	21738
40934	43848	24377	21659
41134	44104	24436	21570
41110	43900	24619	21354
40551	44458	25191	21055
40162	44560	25676	21108
39694	44295	25941	21096
39282	44551	26383	20948
38840	44867	26542	20535
38757	45131	26921	20085
38375	45193	27326	20563
38176	44834	27285	20731
38323	44772	27108	20837
38550	44771	26949	20646
38668	45090	26575	20393
39179	45392	26454	19993
39050	45666	26401	19903
39078	45584	26255	20076
39031	45120	26606	20477
38666	45298	27035	20295
38323	44922	27215	20625
38362	44826	27131	20463
38300	45436	27055	19900
38211	45831	27658	19898
37703	45517	27694	20226
38107	45314	27377	20500
38297	45074	26756	20477
38988	45082	26247	20558
39262	44840	26243	20593
39421	45101	25806	20456
39762	45079	26058	20412
39233	45160	26171	20204
39409	45459	26306	20003
39378	45338	26127	20234
39219	45387	26429	20201
39115	45371	26415	20116
39100	45586	26359	20075
38886	45595	26735	19726
38790	45794	27189	19824
38374	45490	27149	19949
38081	45188	27675	20681
37686	44757	27868	21082
37465	44379	28234	21148
37375	44363	28076	21263
37167	44624	28500	21022
36861	44240	28819	21233
37060	44476	28519	20938
36914	44631	28854	20996
36679	44557	28688	20882
36693	44629	29097	20856
36457	45092	29386	20277
36063	45390	29578	19883
35604	46065	29858	19437
35892	46262	29472	19558
36200	45976	29339	19569
36223	45951	29218	19540
36224	46099	29389	19445
36108	46276	29432	19281
36331	45963	29330	19823
36008	45493	29488	19809
35927	45738	29932	19575
35655	45961	29763	19249
35965	46177	29600	19537
36258	45725	29145	19863
36932	45576	28140	19968
37624	45656	27771	20052
37787	45352	28015	20213
37598	45216	27909	20411
37837	45013	27595	20658
37921	44746	27748	20771
37760	44712	27871	20922
37522	44597	28131	20971
37645	44670	28120	20699
37504	44836	27894	20458
37288	45080	28294	20577
37126	44870	28275	20706
37337	44891	27998	20432
37202	45127	28309	20173
37178	45283	28582	20014
36860	45361	28760	20067
36712	45838	28754	19715
36746	46029	28932	19384
36525	46327	29088	19193
36776	46437	28823	18960
36819	46548	28694	18983
36719	46684	29015	18708
36365	46819	29393	18621
36127	47050	29282	18618
36480	46844	29136	18860
36352	46446	29327	19379
36052	46097	29805	19402
35454	46167	30288	19237
35348	46284	30446	19214
35080	46352	30231	19130
35447	46383	29925	19165
35784	46331	29473	19336
36254	46140	28904	19374
36738	45954	28840	19275
36756	46551	28320	18831
37392	46660	28146	18671
37207	47054	28352	18287
37092	47241	28293	18219
37140	47409	28340	18188
37176	47197	28253	18245
37224	46980	28152	18719
37430	46633	28264	18959
37247	46343	28534	19476
36972	45939	28708	19606
36880	46127	28819	19202
36555	46551	28911	18968
36601	46911	28863	18654
36920	46981	28564	18544
37106	46853	28551	18591
36765	46922	28720	18670
36942	46695	28401	18980
36745	46699	28947	18928
36444	46789	29086	19029
36323	46781	29223	18842
36506	46435	29364	19087
35893	46612	29658	18794
35939	46806	29537	18569
36035	46792	29611	18840
35657	46614	29841	18884
35697	46495	29676	19266
35740	46230	29698	19207
35705	46377	29745	19003
36001	46591	29670	18818
36033	46830	29476	18769
36132	46477	29319	19335
36052	46209	29623	19703
35831	45779	29780	19807
35580	45792	30078	19587
35457	45938	29855	19466
35890	45884	29615	19578
36031	45784	29659	19666
36084	46006	29398	19341
36118	46383	29314	18984
36433	46346	29296	19271
36287	46346	29270	18952
36288	46715	29282	18826
36178	46678	29307	19108
36014	46437	29356	18967
36299	46744	29073	18879
36731	46554	28646	18731
36765	46952	28796	18395
36607	47211	28799	18335
37064	47056	28362	18514
37070	47056	28503	18475
37183	46923	28382	18644
37211	46821	28157	18544
37317	47231	28171	18555
37598	46969	27753	18983
37822	46654	27807	18714
37904	46844	27680	18623
37924	46785	27426	18652
38534	46727	26650	18903
38855	46357	26525	19397
39034	45961	26699	19401
39136	46141	26512	19562
38972	45994	26386	19301
39021	46027	26765	19649
38517	45507	27117	20113
38543	45428	26874	20020
38896	45662	26753	20061
38800	45551	26632	20077
38802	45382	26833	20280
38689	45252	26645	20413
39150	45090	26157	20513
39535	44765	26065	20913
39459	44779	25910	20944
39624	44580	26260	20943
39441	44639	26014	21176
39720	44189	25693	21590
39869	43921	25647	21834
39946	43565	25799	21857
39484	43914	26312	21743
39235	43861	26272	21453
39272	43919	26386	21373
39232	44638	26314	20979
39105	44674	26473	20870
39232	44398	26095	21237
39578	44397	25742	21180
39579	44246	26069	21274
39660	44083	25810	21557
39727	44043	25780	21820
39845	43847	25971	21582
39654	43813	25863	21475
39649	44014	25936	21465
39462	44130	25874	21434
39542	44447	25944	21094
39567	44695	25965	20896
39574	44569	25731	21248
39666	44176	25618	21405
39712	44132	25892	21373
39493	44061	25886	21600
39525	44019	25884	21488
39632	44081	25800	21372
39785	44101	25393	21400
40077	44280	25180	21222
40673	44314	24647	21545
41075	43672	24271	21922
41234	43709	24021	21839
41750	43849	23772	21601
41821	43778	23681	22092
42052	43637	23433	22204
42246	43253	23033	22353
42602	42907	22654	22686
42686	42606	23091	22951
42586	42531	22827	23084
42883	42514	22613	23011
43017	42474	22586	23119
43116	42320	22167	23097
43457	42498	22141	23190
43632	42131	21826	23265
43817	42534	21703	22994
43738	42606	21825	23049
43678	42456	21805	23081
43707	42336	21735	23257
44059	42136	21103	23384
44473	42083	20830	23924
44804	41410	20487	24052
45165	41292	20207	24347
45485	41230	19852	24181
45933	41347	19541	24110
45733	41501	19672	24200
45826	41474	19765	24254
46009	41227	19483	24452
45888	41090	19822	24499
45680	41418	19887	24082
45490	41279	19882	24270
45593	41279	19895	24230
45523	41450	20022	24245
45326	40854	20319	24771
44999	40833	20320	24737
45233	41016	20319	24675
45325	40792	20307	24764
45050	40648	20281	24821
45220	40823	20486	24624
45068	41183	20703	24358
44730	40693	20465	24763
44781	40713	20863	24594
44736	40961	20562	24426
44936	41241	20418	24254
44800	41233	20798	23998
44778	41726	20944	23513
44536	42392	20873	23115
44502	42703	21157	22754
44529	42934	20811	22451
44506	43176	20961	22497
44442	42922	20728	22808
45000	42615	20392	22724
44828	42867	20433	22802
45187	42454	20643	23106
44650	42188	20807	24002
44479	41220	20793	24545
44698	40852	20615	24721
44935	40693	20596	24939
44940	40629	20486	25136
45211	40243	20241	25346
45193	40100	20404	25299
45268	40266	20217	25162
45397	40641	20070	24699
45653	40913	19774	24874
45883	40441	19602	25064
46037	40238	19511	25294
46218	40112	19108	25266
46406	40095	19054	25549
46209	40111	19340	25263
45907	40424	19545	25253
46008	40363	19467	25210
45775	40318	19894	24918
45586	40781	19938	24641
45399	40957	19924	24479
45737	40871	19901	24745
45585	40890	19943	24690
45729	40750	19968	24624
45616	40835	20137	24711
45540	40701	19854	24621
45665	41113	19986	24542
45641	40935	19858	24734
45335	40785	20439	24645
45039	40760	20342	24632
45350	40968	19866	24532
45517	40924	20095	24677
45534	41060	19582	24197
45994	41513	19593	24015
46118	41628	19468	23764
45999	41907	19522	23679
45860	41909	19924	23642
45561	41808	19732	23757
45861	41619	19719	24254
45876	40952	19373	24772
45993	40833	19445	24697
45836	40750	19975	24852
45306	40557	20405	25099
45093	40459	20454	24984
44734	40772	20855	24706
44644	40741	21164	24665
44069	40483	21734	24877
43691	40862	21745	24909
43807	40229	21909	25157
43727	40399	21756	25182
43622	40731	22044	24341
43335	41247	22445	24241
43219	41179	22113	24502
43588	40919	21919	24744
43798	41048	22015	24648
43428	40676	22124	24655
43279	40790	22336	24537
43165	41163	22401	24083
43095	41542	22421	23897
42975	41433	22398	24231
43122	41059	22472	24545
43069	41066	22386	24465
43176	41260	22555	24261
43203	41332	22370	24260
42910	41473	22826	24254
42835	41210	22508	24278
42940	41680	22672	23512
43094	41832	22370	23744
43056	41876	22462	23354
43263	42199	21803	23379
43909	42166	21733	23446
43749	41773	21826	23950
43697	41702	21806	23817
43674	41990	21719	23342
43754	41994	21732	23757
43926	41536	21720	24278
43826	41384	21764	24203
43672	41436	21956	24509
43466	41260	22236	23995
43170	41728	22298	23460
43375	42274	22100	23000
43537	42489	22119	22783
43397	42581	22282	22689
43296	43110	22472	22287
43032	43249	22627	22193
42745	43250	22927	22237
42581	43174	22883	22163
42713	43458	22831	22090
42796	43313	22622	22363
42711	43120	22528	22334
43056	43138	22660	22476
42826	43195	22815	22210
42677	43344	22794	21897
42900	44035	22694	21362
42954	44417	22512	20947
43201	44774	22400	20540
43169	44821	22232	20731
43370	44885	21999	20705
43678	44575	21834	21062
43771	44434	22024	20986
43464	44530	21966	21092
43602	44402	22134	21298
43335	43926	22311	21857
43590	43654	21871	22047
43589	43300	21869	22170
43682	43188	21717	22543
43944	43001	21544	22525
44144	43208	21441	22458
44316	43075	21132	22394
44389	43237	21154	22243
44274	43118	21062	22257
44424	43347	20954	22391
44674	43004	20996	22777
44596	42731	21068	22693
44370	42613	21028	23002
44500	42475	20931	23285
44772	42226	20566	23495
45109	42267	20659	23256
45132	42465	20377	23256
45301	42001	20285	23517
45063	42129	20634	23208
45013	42401	20501	23203
45079	42270	20467	23330
44886	42405	20808	22848
44665	42573	21199	23041
44460	42548	21210	22933
44256	42803	21578	22392
43812	43076	21631	22511
43959	42622	21672	23122
43704	42206	22072	23352
43189	42017	22319	23895
43269	41618	22228	24122
43393	41393	21928	24135
43722	41304	22107	24361
43347	41435	22220	23981
43295	41483	22353	24045
43264	41740	22092	23656
43438	42103	22247	23264
42869	42628	23101	22765
42366	43037	23386	22090
42345	43585	23239	22008
42307	43668	23414	21563
41902	43933	23576	21308
41843	44359	23746	21256
41751	44468	24051	21170
41328	44073	23933	21693
41445	43696	24112	21686
41354	43823	24306	21880
41230	43721	24146	21764
41213	43859	24150	21523
41294	43819	23996	21799
41504	43614	24043	22023
41607	43689	23846	21719
41747	43960	23860	21775
41587	43921	24323	21560
40952	43933	24936	21702
40491	43951	24843	21639
40925	43942	24674	21688
40977	43708	24810	21955
40583	43550	25198	21983
40602	43692	25036	21820
40313	43857	24967	21625
40513	44063	24830	21571
40745	43874	24563	21860
41204	43613	24183	22055
41433	43683	24158	21584
41215	43925	24350	21558
41266	43816	24218	21601
41341	43979	24047	21508
41668	44220	23618	21294
41851	44374	23624	21119
41916	44494	23531	20988
41854	44594	23816	21088
41757	44162	23659	21671
41659	43902	23871	21599
41750	44083	23874	21444
41258	44095	24480	21216
41068	44272	24664	21544
40958	44025	24418	21799
41003	43589	24546	21758
40954	43860	24579	21470
40995	44073	24540	21354
40829	44059	24559	21653
41035	43854	24520	22027
40954	43383	24816	22413
40433	43009	25031	22549
40307	42893	25017	22735
40673	42877	25134	22647
40405	42759	25085	22819
40511	42549	24862	22877
40892	42768	24628	23123
41048	42480	24267	23014
41373	42922	24208	22438
41598	43070	23797	22399
41787	43250	23643	22014
41695	43647	24047	22074
41276	43588	24342	21954
40996	43580	24816	21618
40949	44003	24604	21486
40717	44069	25010	21425
40391	44120	25086	21360
40372	44434	25033	20970
40287	44687	25286	20831
39910	44762	26210	20450
39319	45130	26291	20438
39301	45272	26440	20272
39085	45028	26467	20200
39193	45213	26290	20448
39529	45161	26004	20363
39470	45043	26082	20636
39465	44711	26023	20672
39602	44732	25985	20730
39378	44882	25998	20686
39560	44930	25837	20703
39891	44690	25677	20836
40056	44322	25426	21404
40131	44019	25544	21188
39971	44561	25723	21041
39757	44496	25686	21130
39972	44160	25434	21346
40329	44291	25219	21174
40104	44422	25571	20673
39707	44875	26127	20547
39430	44936	26098	20604
39504	45052	25999	20594
39563	45105	26169	20423
39434	45045	26039	20651
39497	44799	26153	20847
39497	44625	25874	20797
39686	44774	25856	20712
39481	44812	26154	20815
39379	44655	26091	21152
39436	44112	25865	21426
39949	44088	25405	21722
40316	43650	24792	21769
40947	43546	24582	22121
41061	43268	24547	22393
40901	43416	24422	21913
41099	43579	24294	21991
41325	43544	23977	22166
41664	43452	23888	22198
41493	43559	24289	21829
41095	43608	24547	21955
40767	43680	24896	21871
40742	43551	24700	21939
40714	43638	24800	21772
40569	43665	25213	22049
40518	43213	25034	22258
40355	43329	25126	22081
40316	43500	25218	21948
40216	43696	25292	21886
40252	43640	25364	21687
40171	44258	25463	21305
40117	44503	25690	21058
39849	44768	25553	20645
39863	45206	25763	20507
40029	45135	25179	20665
40662	44862	24848	20665
40657	44806	24894	20851
40711	44490	24767	20960
40808	44635	24789	21103
40730	44540	24765	20823
40699	44551	24968	21060
40632	44331	24660	21219
41039	44409	24364	21410
41321	44079	24243	21468
41455	44059	23959	21539
41653	44211	23783	21239
41941	44509	23461	21037
41788	44519	23785	21203
42062	44439	23319	21375
42142	44154	23310	21171
42259	44064	23440	21523
42168	44036	23487	21774
42134	43727	23522	22105
42088	43393	23717	22019
41924	43508	23499	22066
42070	43328	23348	22644
42341	42675	23127	23026
42517	42443	22914	22968
42684	42472	22644	23291
43092	42238	22387	22972
43379	42452	21998	23042
43673	42332	21908	22967
43413	42350	22079	23075
43657	42465	22013	23002
43665	42611	21802	22798
43642	42510	22183	23038
43387	42363	22417	23272
43216	42605	22336	23078
43271	42410	22246	23287
43719	42044	21408	23731
44086	41779	21554	23836
43921	41707	21675	23734
43718	41661	21815	23907
43841	41342	21568	24179
43889	41179	21674	24468
43831	41129	21753	24264
43743	41458	21903	24282
43653	41147	21884	24580
43589	40744	21672	24506
44075	41210	21201	24222
44436	41383	21051	24371
44609	40926	20851	24415
44747	41164	20852	24423
44707	40775	20642	24730
45314	40547	20519	25001
44935	40509	20529	24888
45175	40369	20348	25401
45499	40030	19961	25650
45574	39984	19812	25275
45741	40420	20026	24956
45467	40562	20031	24925
45415	40720	20106	24822
45366	40865	20064	24707
45638	40735	19819	24973
45645	40764	20119	24704
45542	40865	20010	24752
45447	40699	20108	25081
45431	40528	20277	25059
45332	40265	20158	25642
45645	39860	19780	26015
45715	39057	20003	26822
45313	38805	20201	26702
45180	38739	20164	27221
45432	38095	20067	27669
45593	37742	19856	28039
45900	37370	19595	28423
45927	37063	19473	28354
46123	36937	19419	28452
46146	37174	19426	28472
46057	37015	19625	28670
45923	36593	19620	28757
45722	36517	19771	29049
45870	36355	19792	29221
45638	36397	20113	29042
45347	36380	20081	29245
45665	36580	19815	28702
45601	37139	19824	28302
45513	37170	19982	28162
45312	37458	20431	27883
44932	37998	20833	27204
44826	38308	20670	27034
44948	38654	20723	26860
44931	38535	20484	27351
45197	38134	20431	27496
45305	38022	20232	27269
45202	38227	20192	27362
45407	37926	20251	27473
45229	38000	20368	27529
45368	37942	19988	27592
45400	37975	20204	27539
45489	38043	20148	27497
45283	38128	19998	27391
45561	38148	20044	27406
45544	37838	20041	28122
45388	37356	20045	28439
45769	37103	19824	28185
45610	37536	19821	27841
45832	37355	19585	27914
45797	37588	19882	28160
45460	37599	20311	27506
45201	37986	20362	27537
45140	38067	20176	27537
45195	38183	20257	27178
45609	38329	19886	27159
45793	38331	19713	26947
45540	38572	19963	26895
45322	38666	20281	26821
45487	38730	19842	26740
45705	38936	19888	26616
45416	38745	20015	27034
45558	38439	20032	26840
45323	38659	20374	26617
45186	39056	20544	26225
44814	39250	21002	26076
44545	39397	20984	26054
44437	39622	21328	26148
43901	39550	21701	25835
43826	39644	21492	25761
44298	40059	20969	25332
44754	40253	20727	25166
44692	40539	21071	24957
44291	40529	21349	25209
44131	40383	21549	24883
44310	40743	20957	24835
44751	40746	20910	24695
44352	40907	21404	24591
44224	40947	21242	24851
44052	40819	21617	24920
43906	40543	21888	24723
43561	40881	21971	24519
43575	40877	21748	24375
43900	41206	21621	24369
43977	41086	21504	24369
43986	41190	21477	24356
44250	40919	21445	24631
44004	41111	21571	24343
43829	40773	21774	24851
43522	40702	22073	24987
43651	40500	21938	25042
43706	40693	21678	24949
43993	40251	21339	25411
44215	40074	21150	25425
44495	40042	20902	25307
44731	40143	20802	24979
44694	40594	20700	24856
44699	40577	21043	24968
44421	40459	21060	24968
44386	40656	21170	24587
44118	41012	21324	24206
44166	41218	21278	24072
44200	41511	21324	24088
44484	41338	20953	24337
44561	41083	21050	24649
44380	40962	21124	24649
44406	40757	20926	24970
44621	40426	20877	25027
44701	40664	20787	24957
44741	40455	20519	25165
44650	40304	21120	25448
44409	40013	21239	25909
44404	39733	21333	25826
44090	39738	21623	25738
44086	40062	21782	25352
43837	40183	21456	25326
44236	40006	21501	25751
44273	39682	21058	26191
44682	39264	20611	26481
45068	38889	20582	26536
44971	38819	20283	26506
45337	39207	20192	26458
45318	39112	20113	26535
45526	39336	20080	26305
45218	39077	20683	26415
44823	39007	20989	26686
44408	38867	21065	26449
44837	38912	20660	26624
44919	38640	20803	26861
44591	38629	20777	26904
44914	38938	20284	26406
45325	39323	20135	26320
45543	38959	20086	26571
45634	38560	19923	27146
45836	38442	19717	27239
45737	38386	19898	27333
45593	38151	20210	27313
45298	38162	20069	27482
45443	38187	20434	27175
45048	38443	20800	27304
44617	38031	21156	27463
44288	38154	21238	27497
44282	37930	21189	27678
44152	37899	21554	27686
44050	37756	21298	27917
44229	37704	21371	27885
44262	37605	20906	27910
44741	37799	20619	27599
44657	37949	20737	27795
44990	37444	20523	28401
45018	36895	20852	28785
44646	36923	20688	28600
44929	36943	20436	28757
45380	36615	19978	29105
45849	36327	19404	28830
46276	36692	18923	28798
46616	36645	18910	28943
46385	36364	18963	29185
46668	36589	18836	28891
46568	36651	18937	28689
46822	37130	18718	28378
46858	37347	18468	27873
47173	37742	18424	27669
47020	37854	18330	27841
47266	37572	18315	27895
47115	37929	18449	27613
47175	37984	18270	27725
47358	37788	18305	27681
47302	37753	18029	27846
47592	37596	17937	28099
47378	37064	18292	28446
47403	37315	18025	28194
47731	37266	17852	28275
47830	37324	17459	28274
48038	37225	17604	28461
48202	37134	17231	28598
48560	36996	16628	28802
49311	36471	16187	29277
49279	36099	16187	29456
49486	36007	16062	29692
49316	35525	16416	30300
49100	35268	16599	30246
48666	35502	16917	29934
48412	35748	16996	29565
48543	36024	17223	29486
48004	35878	17652	29670
47912	35914	17761	29574
47679	35771	17988	29743
47519	35855	17984	29646
47623	35765	17916	30072
47683	35375	17972	30531
47471	35058	18329	30856
47123	34556	18321	31148
47175	34400	17971	30873
47521	34495	17988	30951
47642	34576	17661	30861
48173	34603	17308	30956
48218	34573	17579	31094
47715	34447	17973	30899
47618	34800	18207	30910
47507	34781	18016	30685
47773	34549	17745	30677
47654	34913	17919	30817
47523	34524	17833	31023
47613	34483	17976	30741
47628	34702	17744	30883
47629	34730	18116	30823
47197	34680	18225	30599
47484	35010	18094	30558
47527	35093	18059	30225
47477	35454	17976	29781
47487	35765	17914	29889
47703	35546	17635	29631
47891	36014	17637	29532
48321	36020	17186	29666
48323	35838	17321	29808
48322	35901	17303	29571
48267	35786	17190	29435
48179	36200	17501	29285
48096	36490	17515	28796
48014	37026	17355	28386
48130	37179	17658	28199
47657	37398	17933	28351
47549	37041	18047	28271
47490	37633	17941	27965
47348	37731	18270	27834
47129	37554	18223	28032
47356	37646	18191	27797
47540	37716	18149	27918
47020	37641	18518	27718
46965	38055	18728	27289
46849	38578	18875	26713
46282	38808	19388	26719
46351	38973	19135	26437
46231	39272	19379	26160
46451	39348	19507	25760
46111	40026	19642	25197
45952	40454	19795	25119
45496	40358	20074	25076
45277	40626	20522	24675
45101	40999	20228	24303
45062	41152	20538	24167
44972	41263	20727	24356
44894	40920	20671	24568
44679	41099	20881	24149
44657	41451	20754	24249
44735	41380	21011	24337
44295	40992	21298	24772
44040	40771	21404	25005
44300	40386	21164	25096
44222	40532	21067	25205
44641	39895	20803	25591
44686	39925	20939	25663
44734	40025	20575	25298
44871	40409	20828	24875
44497	40775	21309	24806
44055	40694	21569	25089
43346	40345	22337	25486
42958	40188	22564	25423
43087	39903	22227	25830
43271	39616	22057	25799
43592	39603	21718	26323
44065	39271	21615	26478
43918	39271	21652	26278
44265	39391	21070	25828
44690	40109	20867	25288
44743	40168	20883	25483
44538	40128	20993	25314
44362	40290	21037	25230
44105	40284	21645	25300
44057	40061	21330	25868
44345	39479	21207	25943
44490	39617	20990	25874
44811	39620	20662	26157
44979	39111	20569	26559
45287	39016	20399	26517
45195	39034	20332	26737
45472	38574	20093	27109
45209	38452	20648	27186
44819	38528	20730	26999
44676	38479	21008	27153
44532	38341	21098	27361
44505	38202	21023	27390
44373	37937	21475	27501
44281	38030	21667	27829
43829	37842	21605	27506
44072	38134	21247	27383
44286	38423	21240	27115
44353	38572	21065	26826
44529	38839	20928	26684
44386	39040	21219	26693
44227	38907	21328	26351
44060	39245	21476	26410
44002	39064	21556	26513
44091	39098	21461	26741
44123	38693	21497	27044
43957	38647	21511	26690
43964	38706	21538	26904
44299	38279	21087	27083
44519	38453	21014	27062
44510	38162	21096	27601
44303	37729	21433	27916
43955	37492	21753	28024
43688	37773	21799	27571
43740	38013	21607	27622
43814	38115	22058	27136
43586	38242	21674	27442
43550	38005	22167	27533
43610	38138	21952	27334
43832	38236	21813	27309
43756	38198	21635	27273
44284	38585	21015	26732
44588	38832	21082	26892
44561	38519	20722	27270
44587	38218	21014	27172
44282	38494	21282	26686
44296	38868	21138	26800
44507	38721	21104	26577
44572	39272	21168	26275
44605	39320	20892	26562
44595	39018	20912	26642
44420	38880	21151	26756
44427	38564	21124	27021
44442	38304	20810	27327
44700	38099	20958	27571
44666	37873	20650	27874
44722	37508	20587	27934
44921	37699	20827	27913
44695	37627	20990	27890
44567	38008	21135	27589
44226	37789	21484	27789
44161	37606	21366	28119
44370	37534	21088	27950
44552	37670	21255	27674
44265	38032	21548	27185
43744	38681	21577	26633
43948	38731	21409	26897
43969	38607	21464	26834
44230	38691	21356	26810
44204	38782	21324	26792
44343	38593	21280	27059
44178	38306	20946	27628
44429	37889	21012	27694
44720	37813	21128	27721
44355	37744	21275	27886
44356	37712	21210	27935
44547	37495	20845	28059
44500	37212	21126	28537
44328	36856	21320	28734
44201	36909	21097	28676
44171	36887	21341	28452
44307	37131	21053	28484
44470	37163	21147	28520
44363	36807	21168	28824
44508	36819	21363	28816
44056	36548	21289	29050
44093	36486	21338	29080
44496	36342	21000	29237
44383	36376	21164	29043
44672	36482	20799	29070
45215	36239	20365	29351
44716	36139	20719	29648
44868	35729	20625	29912
44699	35463	20945	30087
44734	35452	20934	29703
44509	36021	20982	29290
44218	36588	21405	28472
44023	36943	21638	28559
44098	36970	21331	28979
44558	36388	20815	29209
44984	36325	20563	29141
45214	36199	20286	29424
45175	36275	20068	29015
45565	36304	19663	29066
45971	36362	19522	29276
46007	36280	19799	29417
45677	36044	19794	29858
45889	35544	19649	30210
46049	35044	19501	30487
46312	34964	19142	30734
46523	34870	18922	30614
46820	34986	18695	30624
46854	35370	18696	29904
46831	35509	18886	30029
46566	35842	18854	29575
46588	36350	19213	29109
46363	36461	19077	29009
46481	36721	18946	29006
46772	36643	18690	29224
46891	36347	18668	29162
46943	36342	18487	29172
47190	36393	18147	29108
47302	36466	18316	29230
47073	36141	18349	29507
47013	35969	18698	29384
46520	36368	19048	29017
46204	36760	19336	28585
46207	37150	19528	28453
45992	37164	19518	28609
46238	36866	19181	28999
46268	36507	19437	28808
46062	37070	19527	28598
46110	36843	19605	28729
45634	36911	20021	28693
45328	36759	20344	28656
44942	36716	21021	28816
44739	36777	20863	28555
44604	37143	20776	28561
45003	37100	20531	28345
45226	36883	20174	28657
45304	37109	20525	28513
45021	36957	20642	28747
45097	36895	20366	28305
45007	37340	20460	28232
44971	37407	20373	28256
45097	37099	20509	28620
45081	37080	20394	28255
45107	37252	20458	28127
44759	37717	20947	27782
44518	37605	20885	28078
44661	37533	20927	27997
44491	37496	21044	28204
44380	37275	21139	28234
44539	37318	20990	28330
44221	37233	21427	28203
44286	37092	21429	28415
44311	37206	21176	28188
44575	37262	21142	28449
44389	36769	21431	28558
43981	36940	21623	28688
43794	36760	21890	28936
43670	36828	21835	28600
43416	37128	22423	28603
42825	36962	23023	28487
42318	37000	23114	28691
42280	36828	23413	28878
42113	36670	23089	28917
42520	36580	22866	28885
42907	36655	22408	28854
43217	36570	22148	28793
43230	37095	22398	28414
43123	36950	22550	28382
43074	37087	22442	28404
43143	37288	22302	28216
43342	37170	22130	28549
43315	37071	22065	28227
43724	37455	22113	28123
43281	37042	22169	28438
43546	37187	21745	28320
43957	37629	21354	27840
44177	37706	21305	27621
44217	37776	21587	27500
44050	38346	21467	27132
43852	38467	21806	27197
43599	38424	21987	27039
43494	38547	21948	27105
43457	38431	22029	27090
43355	38292	22108	27230
43445	38308	22329	27295
43300	38128	22306	27393
43470	38194	22216	27780
43281	37553	22104	28131
43475	37442	22147	28334
43516	37189	22011	28278
43635	36915	22033	28744
43516	36494	21829	29140
43637	36293	21861	29330
43612	36362	21940	29147
43363	36209	21979	29155
43486	36211	22031	29203
43620	36514	21576	28860
44038	36732	21613	28617
43954	36905	21448	29048
44168	36282	21538	29098
44050	36376	21285	29424
44237	35850	21204	29695
43982	35701	21555	30041
43971	35603	21504	29800
44053	35988	21381	29504
44307	35997	21259	29402
44365	36164	21222	29092
44209	36567	21420	28897
44231	36785	21304	28803
44449	36656	21227	29052
44329	36182	21089	29293
44481	36318	21068	29244
44172	36169	21577	29432
43827	36355	21537	29056
44024	36417	21502	29068
43934	36728	21266	28917
44306	36518	21218	29259
44422	36159	20619	29492
45209	35868	20335	29668
45537	35601	20081	29922
45458	35550	20042	30007
45511	35654	20032	29904
45399	35789	20146	29639
45223	36008	20295	29521
45146	36295	20715	29308
44776	36092	20789	29264
44787	36189	20847	29337
44597	36266	21029	29121
44493	36453	21068	28820
44285	36610	21265	28783
44436	36677	21051	28802
44608	36754	20796	28715
44662	36729	20505	29041
45184	36399	20175	29363
45579	36410	19951	29042
45621	36542	20078	29034
45662	36363	19713	29377
45809	35988	19714	29592
45896	35922	19518	29940
45801	35165	19603	30453
46114	34944	19375	30814
46044	34403	19776	31269
45381	34116	20100	31506
45275	33853	20211	31765
45279	33839	20039	31834
45606	33740	19578	31775
46228	33721	19209	31826
46460	33338	19164	32254
46477	33279	19214	32375
46383	33177	19454	32313
46228	33346	19201	32275
46508	33233	18977	32390
46683	33279	18889	32076
46507	33597	18789	32081
46616	33575	19133	32302
46229	33352	19545	32369
45707	32922	20075	32765
45233	32504	20487	33196
44970	32071	20604	33643
45000	31781	20395	33692
45286	31976	20310	33378
45265	32175	20180	33343
45340	32174	20079	33378
45896	32072	19341	33584
46278	31788	19039	34132
46352	31238	19219	34257
46424	31147	18639	34356
46827	31265	18643	34403
47005	31247	18581	34130
47118	31347	18294	34189
47415	31362	18140	34110
47338	31585	18094	33845
47436	31820	18055	33634
47534	32042	18047	33302
47440	32075	18106	33549
47496	32000	18149	33552
47388	31746	18078	33885
47548	31756	17870	33542
47751	31727	17718	33830
47744	31885	18006	33814
47373	31688	18197	33815
47052	31687	18479	33904
46957	31697	18375	33841
47230	31605	18391	33964
47189	31542	18264	34236
47458	31148	18131	34290
47281	30993	18237	34640
47190	30997	18414	34394
47336	30989	18193	34623
47303	30825	18179	34728
47595	30647	17925	34695
47798	30393	18066	35302
47414	29863	18354	35722
47173	29747	18205	35761
47246	29540	18201	36079
47333	29387	18049	36314
47363	29070	18294	36605
47077	28567	18814	36908
46517	28612	19093	36883
46443	28552	19148	36894
46509	28581	19114	37129
46228	28355	19304	37236
46280	28337	18876	37246
46631	28237	18941	37482
46576	28187	19076	37314
46381	28727	19009	36378
46445	29226	19162	36100
46242	29516	19013	36032
46324	29423	19409	36093
45941	29404	19727	35873
45792	29779	19811	35793
45622	29990	19996	35776
45413	30046	19931	35299
45386	30224	20439	34977
44919	30484	20634	35091
45065	30240	20521	35477
45074	30019	20579	35629
44885	29696	20497	35927
45244	29265	20342	36567
45193	29018	20255	36458
45379	29094	20429	36583
45294	28846	20368	36817
45143	28948	20166	36549
45336	29018	20227	36515
45096	28756	20473	36849
44744	28695	20585	36720
44981	29042	20717	36410
44700	29175	20855	36572
44673	28826	20994	36975
44407	28593	21258	36956
44190	28515	21316	37047
44195	28530	21518	37271
43892	28154	21753	37703
43851	28008	21621	37763
43746	27609	21535	38171
44023	27419	21511	38146
43887	27451	21733	38304
43616	27095	21839	38590
43644	26895	21990	38620
43749	26948	21634	38521
44101	27315	21231	38011
44464	27823	20999	37625
44469	27835	20898	37698
44682	27767	20833	37814
44795	27927	20439	37524
45135	27997	20131	37556
45574	28165	20161	37513
45294	28187	20417	37280
45053	27944	20348	37761
45046	27914	20601	37775
44860	27693	20945	37874
44740	27693	20589	37848
45133	27562	20416	37835
45236	27900	20218	37674
45580	28051	19676	37260
46039	28267	19493	37156
46043	28446	19232	37313
46286	28394	19106	36850
46215	28819	19719	36810
45791	28612	19794	37119
45540	28194	20012	37443
45433	27970	20077	37867
45559	27758	20120	37895
45425	27655	19982	37865
45361	27656	20330	38117
45037	27154	20423	38548
45074	26958	20421	38730
44984	27049	20360	38466
45349	27076	19919	38177
45751	27093	19996	38537
45467	26888	20137	38324
45631	27434	20058	37975
45662	27416	19949	38261
45601	27354	20070	38126
45480	27490	20125	38111
45491	27485	19959	38025
45323	27615	20215	37581
45099	27804	20325	37896
45125	27614	20631	38255
44733	26972	20646	39126
44779	26366	20809	39450
44485	25898	21335	39640
44232	26071	21455	39411
44033	26408	21267	38843
44201	26769	21518	38577
43833	27268	21744	38109
43799	27465	21715	37971
43820	27534	21881	38042
43554	27518	21793	37972
43854	27735	21589	37575
43961	28262	21472	37253
44119	28053	21252	37323
44166	28293	21547	37277
43952	28224	21671	37303
43671	28359	21798	37322
43563	28073	22095	37410
43490	27926	22166	37750
43410	27779	21918	37965
43495	27219	22258	38587
43353	26950	22219	38498
43334	26953	22163	38279
43469	27081	21935	38518
43542	27088	21911	38666
43486	26923	21905	38705
43519	26712	21977	38994
43542	26345	22173	39254
43254	26224	22370	39490
43036	26128	22786	39377
42754	26197	22700	39395
42823	26439	22848	39030
42716	26270	22864	39512
42893	26048	22525	39487
43093	26017	22391	39563
43055	25755	22452	39941
43175	25715	22461	39873
43124	25729	22414	39646
43068	26144	22221	39484
43383	25944	22027	39609
43593	25984	21917	39790
43518	25649	22072	39899
43485	25651	21864	40126
43862	25762	21393	39631
44135	26113	20970	39259
44589	26535	20567	38901
45048	26998	20708	38224
44733	27549	20612	37728
45195	27830	20324	37720
45455	27770	19872	37808
45928	28009	19267	37549
46690	27838	18739	37926
46568	27606	18969	37790
46668	27946	18535	37729
47063	27795	18519	37520
47013	28073	18630	37384
47079	28410	18614	37070
46724	28480	18789	36952
47064	28696	18474	36790
46951	28806	18496	36696
47002	29011	18657	36618
46656	28919	18966	36673
46190	28968	19613	36580
45754	29047	19807	36554
45460	29027	20252	36527
45378	29243	20332	36142
45318	29597	20320	36063
44944	29407	20642	36050
44885	29445	20856	35947
44584	29419	21076	36348
44484	29163	21083	36393
44379	29227	21061	36536
44514	28629	21026	37125
44763	27858	20697	37730
45111	27548	20352	38119
45123	27292	20736	38270
44671	27308	20931	37901
44497	27588	21054	37763
44816	27756	20413	37646
45293	27801	20214	37567
45306	28143	20224	37424
45213	28465	20780	37048
44665	28586	20994	36931
44543	28479	21106	36701
44333	29130	21349	36274
44069	29454	21385	36040
44269	29819	21201	35698
44389	30002	21211	35351
44270	29993	21479	35986
43997	29421	21760	36081
43827	29788	21866	35537
43588	30111	21928	35476
43812	29968	21531	35683
44329	30016	21318	35482
44156	29934	21474	35547
43995	29892	21421	35588
44041	30286	21528	35213
44116	30161	21295	35294
44343	30048	21136	35286
44652	30412	20899	34932
44789	30809	20763	34541
44974	31030	20351	34684
45290	30815	20184	34718
45534	30730	19979	34655
45584	30878	20023	34473
45375	31094	19937	34663
45698	30776	19873	35093
45643	30258	19735	35343
46043	30104	19294	35393
46091	30005	19494	35595
46028	29849	19573	35995
45668	29626	19949	35910
45442	29960	20120	35519
45509	30106	20015	35446
45554	30069	19886	35583
45610	29981	20092	35766
45610	29799	19991	35798
45373	29515	20359	35992
45292	29684	20222	36148
45207	29429	20016	36127
45524	29139	19745	36315
46134	29184	19330	36556
46177	28881	19632	36734
46003	28845	19467	36883
45771	28289	19732	37504
46009	28108	19591	37380
45958	28587	19827	36973
46102	28754	19316	36540
46057	29087	19580	36272
45775	29356	20068	36249
45425	29120	19613	36444
45721	29117	19791	36174
46009	29317	19421	36408
46244	28954	19404	36916
46034	28640	19374	36831
45884	28727	19669	36849
46018	28567	19291	37062
46197	28438	19538	36920
45880	28588	19837	36908
45575	28821	20069	36521
45549	29050	20100	36426
45471	29057	19947	36639
45256	28789	20363	36846
45134	28650	20282	36849
45221	28828	20167	36572
45322	29129	20358	36220
44849	29382	21007	36105
44488	29333	21112	36360
44447	29100	21048	36494
44372	28891	21061	36683
44276	28809	21048	36855
44724	28795	20706	36654
44839	28891	20585	36675
45001	28717	20675	37222
45182	27763	20301	38041
45035	27374	20579	38193
44845	27182	20506	38482
44855	27150	20752	38367
44743	27192	20643	37862
44875	27818	20275	37700
45340	27870	20147	37477
45493	28075	19834	37359
45815	28088	19676	37403
45996	28069	19672	37521
45824	28036	19749	37580
45973	27906	19415	37567
46236	28208	19318	37285
46146	28302	19322	37379
46051	28052	19512	37273
46284	28148	19246	37525
46335	28126	19167	37271
46608	28435	18991	37317
46629	28318	18841	37153
46593	28332	18908	37103
46450	28444	19156	37333
46482	28026	18951	37412
46726	28047	18631	37416
47137	28038	18429	37236
47043	28262	18579	37299
46762	28144	18763	37177
46744	28309	18856	37457
46686	28043	19088	37434
46417	28145	19080	37269
46546	28037	19071	37833
46567	27687	18823	37975
46694	27475	19110	38123
46108	27610	19488	37729
45754	27931	19536	37898
45937	27589	19708	37848
45683	27583	19788	38032
45747	27441	20010	38178
45455	27166	19918	38455
45696	27024	19983	38340
45412	27287	20077	38127
45426	27528	19876	38158
45570	27301	19870	38591
45495	26777	20377	39173
44774	26367	20742	39128
44591	26322	20756	39171
44572	26351	21129	39558
44234	26221	21204	39419
44300	25729	21272	39774
44232	25662	21648	39978
43814	25268	21782	40323
43783	25072	21861	40702
43463	24715	22216	41209
42975	24099	22580	41301
42976	24294	22585	41124
42895	24286	22660	41358
42688	23961	23087	41386
42426	24375	23152	41152
42574	24483	23015	40806
42633	24704	22807	40803
42732	24509	22614	41475
43174	23885	22357	41502
43401	23770	22204	41711
43233	23760	22466	41674
42659	23973	23090	41312
42405	24521	22912	41038
42768	24506	22554	40822
42962	24741	22505	41335
43125	23992	22292	41513
43282	24145	22507	41254
43075	24518	22396	40940
43044	24629	22536	40636
43051	25231	22839	39949
42615	25579	22821	39944
42544	25128	22972	40257
42745	25227	23071	40343
42361	25399	23200	40010
42109	25417	23242	40211
42385	25080	23232	40516
42457	24802	23108	41000
42426	24434	23187	41162
42533	24448	23144	41235
42325	24272	23095	41338
42441	24071	22944	41451
42887	24163	22409	41409
43371	24037	22271	41728
43339	23846	22300	41862
43466	23627	22081	42072
43645	23225	21874	42271
43717	23255	22113	42167
43386	23228	22339	42226
43260	23178	22315	42449
43367	22804	22300	42908
43482	22635	22087	42825
43496	22838	22085	42730
43374	22625	21945	42678
43807	22950	21464	42416
44273	23380	21223	41997
44111	23527	21595	42006
43787	23666	21620	41687
43722	23729	21865	41761
43583	23954	22015	41583
43587	23827	21878	41784
43395	23722	22267	41988
43313	23305	21976	42021
43615	23149	22032	42644
43446	22896	21929	42679
43307	22710	22310	42666
43230	22977	22103	42453
43563	22984	21957	42744
43674	22566	21953	43149
43732	22616	21846	42756
43576	22691	22227	42663
43171	22975	22310	42377
43016	23120	22627	42343
42733	22896	22885	42632
42709	22907	22987	42834
42333	22702	23211	42894
42068	22563	23563	42969
42005	22636	23370	42970
42082	22668	23508	42751
42078	22742	23421	42855
42252	22570	23063	43121
42793	22244	22820	43366
42645	22221	22986	43218
42541	22326	23308	43253
41924	22126	24118	43370
41303	22349	24419	42797
41282	22803	24241	42560
41460	22892	24163	42605
41198	23041	24254	42534
41180	23218	24021	42366
41779	23036	23501	42602
42318	23087	22991	42386
42703	23313	22649	42046
42924	23318	22629	42286
43038	23529	22425	42144
43186	23522	22308	41768
43194	23894	22424	41795
42880	23728	22641	41880
42855	23485	22852	41968
42774	23668	22794	41868
42689	24094	22705	41410
43089	24089	22658	41431
42774	24003	23064	41767
42512	23645	22965	42230
42507	23132	23194	42311
42313	23234	23156	42627
42329	22953	23242	42439
42185	23218	23415	42249
42014	23150	23724	42447
41788	22869	23935	42892
41666	22542	23695	42651
42160	22653	23499	42839
41910	22791	23753	42800
41946	22655	23535	42908
41898	22693	23279	42777
42322	22698	22911	42902
42504	22697	22958	42826
42657	22876	22741	42663
43089	22665	22179	42661
43490	22798	21913	42414
43669	23185	22049	42194
43439	23498	21827	42229
43558	23317	21984	42136
43636	23376	21942	42160
43525	23267	22200	42426
43232	22910	22200	42745
43188	22624	22656	43127
42973	22107	22717	43256
42907	22242	22493	42984
43026	22641	22376	42866
43261	22688	22327	42725
43354	22940	22026	42599
43655	22708	21875	42589
43690	23053	21939	42607
43846	23130	21697	42401
43977	22988	21753	42467
43863	23124	21622	42226
44088	23410	21597	41958
44285	23617	20800	41888
44766	23622	20781	41935
44667	23631	20724	41708
44631	23701	20917	41842
44467	23552	21068	41689
44242	24024	21420	41198
44142	24499	21444	41007
43785	24437	21834	41068
43699	24441	21822	41083
43781	24538	21810	40891
43920	24753	21663	40833
44075	24972	21645	40455
43848	25116	21568	40118
44007	25591	21436	39663
44052	25809	21287	39471
44162	26170	21332	39157
44184	26298	21145	39092
44400	26797	21236	38566
44268	27138	21255	38284
44068	27403	21450	38072
44076	27584	21611	38106
44033	27385	21414	38244
43868	27169	21415	38660
44024	26968	21549	38378
44108	26924	21390	38601
43865	26764	21672	38642
43854	26568	21789	39179
43690	26123	21798	39562
43765	25968	21699	39289
43708	26599	21867	38970
43685	26889	22028	38940
43433	26666	22377	38907
42939	26446	22731	39254
42684	26318	22670	39132
42866	26500	22469	39049
43214	26465	22188	38974
43674	26651	21668	39040
44040	26386	21934	39169
43725	26383	21563	39313
44331	26000	21435	39910
44322	25660	20949	39955
44479	25819	20995	39848
44973	25412	20383	40247
45259	25262	20296	40264
45062	25158	20569	40373
45071	25082	20498	40178
44963	25444	20563	39808
44969	26054	20830	39281
44810	26237	20759	39342
44829	26051	20698	39575
44792	25879	20876	40103
44531	25450	21000	39929
44597	25603	20978	39848
44504	25736	21020	39494
44473	25985	21015	39645
44620	26064	21063	39484
44413	26082	21145	39650
44371	25910	21377	39487
44302	26124	20971	39608
44611	25806	20840	39762
44716	25801	20660	39829
44848	25514	20735	40173
44428	25180	21429	40568
44028	24898	21547	40649
43850	25023	21716	40631
43920	24688	21929	40983
43492	24645	22102	40923
43459	24519	22261	41075
43332	24184	22111	41634
43380	24114	21943	41314
43963	24277	21593	41271
43845	24481	21652	40870
43780	24823	21785	40615
43668	25015	21943	40783
43471	25045	22023	40328
43731	25334	21911	40197
43706	25211	21856	40530
43491	24858	22064	40896
43507	24601	22033	41128
43775	24286	21679	41230
43625	24167	21984	41032
43561	24508	22220	41004
43117	24502	22284	41196
43265	24407	22526	41208
42667	24298	23041	41169
42311	24187	23377	41104
42148	24354	23430	41151
42041	24401	23548	41071
41924	24566	23616	40854
41914	24653	23881	40704
41463	24770	24205	40852
41309	24579	24247	41055
41251	24299	24355	41190
41189	24154	24652	41562
40699	24015	24727	41421
40658	24357	25164	41023
40502	24753	25030	40559
40435	25151	24743	40448
40885	25171	24685	40383
40710	25281	24673	40473
40770	25042	24650	40240
40606	25397	24920	40040
40541	25670	25042	39787
40596	26007	24560	39584
41307	25958	24147	39559
41335	25984	24243	39488
41086	25790	24297	39833
41212	25406	23960	39961
41861	25383	23613	40245
41898	24974	23450	40629
42343	24754	23166	40811
42213	24740	23328	40838
42210	24644	23201	40931
42446	24714	23050	41022
42522	24576	22837	41099
42725	24616	22754	40812
42860	24763	22695	40848
42680	24837	23018	40726
42678	24884	22846	40419
42691	24936	23002	40833
42529	24742	22909	40725
42555	24897	22986	40805
42549	24746	22996	40763
42679	24544	22720	40861
42516	24738	23223	40989
42339	24611	23078	40746
42605	25062	23006	40286
42309	25184	23253	40547
42313	24928	23294	40564
42293	24902	23183	40636
42336	24891	23247	40423
42417	25116	22950	40552
42552	25009	23186	40697
42441	24807	23314	40852
42324	24735	23169	40937
42480	24539	23167	40983
42260	24364	23281	41269
42272	24293	23452	41316
41819	24180	23703	41297
41707	24370	24091	41263
41472	24196	24041	41394
41484	24226	24381	41154
41172	24216	24484	41217
40919	24342	24911	40884
40373	24965	25527	40537
40118	25107	25703	40227
39765	25268	25854	40512
39788	24878	25614	40693
40130	24699	25402	40931
40490	24654	24902	40813
40815	24682	24867	40753
40753	24806	24721	40762
40877	24495	24649	41113
40781	24190	24871	41242
40716	24397	24995	41318
40301	24147	25546	41316
40045	24044	25564	41592
39768	23870	26128	41508
39251	24019	26319	41473
39022	24138	26867	40982
38399	24949	27204	40587
38233	24646	27189	40966
38199	24639	27501	40940
37979	24450	27787	41223
38127	24470	27205	41026
38540	24395	27089	41086
38486	24460	27142	41019
38498	24350	27056	41372
38690	24016	26727	41650
38798	23776	26523	41804
38933	23735	26583	41880
38844	23788	26689	42061
38840	23498	26199	42292
39478	23330	25770	42259
39839	23149	25579	42543
40165	23037	25131	42421
40383	23123	25113	42377
40733	23115	24881	42585
40746	22866	24827	42740
40878	22879	24709	42822
40556	22920	25144	42655
40221	22957	25459	42545
40101	23101	25320	42294
39944	23250	26008	42033
39071	23324	26541	42226
38875	23288	26933	42565
38354	23074	27416	42753
38172	22776	27290	42606
38491	23206	27244	41895
38366	23698	26973	41981
38528	23433	27063	42226
38553	23194	26954	42347
38605	22765	26795	42687
38483	22588	27083	43017
38072	22488	27424	43037
38115	22369	27432	43071
38126	22463	27314	42579
38399	22738	27107	42876
38324	22734	27367	42470
38202	22982	27270	42568
38318	22939	27163	42617
38444	23076	26909	42406
38658	23218	27194	42313
38237	23150	27466	42248
38174	23368	27272	42065
37943	23454	27497	42285
38188	23018	27252	42765
38153	22643	27439	43056
38283	22365	26957	43377
38473	22093	27136	43440
38425	22058	26763	43411
38671	22573	26537	43107
38819	22446	26674	43080
38896	22573	26548	42630
38856	22977	26643	42090
38935	23561	26625	41982
39039	23746	26725	41964
38678	23392	27077	42064
38389	23387	27450	42185
37846	23595	27611	41997
37931	23502	27921	42032
37426	23696	28270	41906
37469	23670	28282	41992
37270	23540	28241	42052
37273	23292	28166	42382
37620	22988	27842	42484
37996	23147	27386	42568
38115	22860	27303	42953
38050	22681	27643	42850
38049	22746	27461	42968
38192	22586	27427	43137
38127	22318	27379	43376
37916	21751	27472	43904
38116	21347	27363	44031
38067	21541	27342	44025
38300	21007	27234	44507
38155	20948	27573	44605
37526	21088	28265	44378
36920	20956	28683	44586
36709	20988	29073	44237
36515	21247	29131	44497
36196	21002	29253	44379
36482	21225	28823	44511
36965	20859	28720	44791
36729	20713	28722	44976
36419	20429	29103	44892
36206	20588	29329	44948
36096	20677	29485	44817
36020	20594	29427	44815
36325	20795	28726	44767
37097	20439	28270	44982
37383	20460	28281	45248
37292	20104	28245	45293
37357	20284	28173	45509
37516	19992	28211	45517
37325	20139	28136	45215
37465	20534	28168	44971
37271	20330	28371	45384
37194	20065	28555	45736
36806	19658	28814	46178
36906	19189	28819	46383
36591	19063	29040	46230
36408	19354	29503	46048
36039	19774	29508	45589
35872	20141	29683	45559
35878	20201	29704	45553
35675	20009	29772	45366
35985	19951	29565	45646
35914	19951	29883	45512
35814	19945	29757	45683
35779	19840	29399	45510
36252	20096	29139	45294
36627	20405	28748	44823
36803	20854	28860	44419
36792	21217	28617	44197
36799	21393	28640	44303
36964	21309	28621	44292
36972	21343	28841	44269
36406	21438	29524	44222
35961	21554	29602	43819
36168	21431	29403	44144
36289	21668	28845	43909
36876	21490	28208	44253
37653	21231	27708	44165
38075	21594	27706	43794
37940	21625	27448	44078
38262	21442	27173	44155
38536	21288	27008	44364
38710	21020	26744	44659
38625	20623	26729	44699
38875	20928	26459	44302
38991	21098	26523	44301
38816	21457	26824	43746
38563	21669	26977	43906
38488	21757	26842	43778
38879	21772	26557	43611
39364	21864	26216	43990
39171	21547	26488	43878
38999	21575	26412	44014
39118	21466	26668	44339
38693	21344	26657	44135
38909	21542	26415	43874
39187	21497	26386	44039
39180	21218	26267	44442
39333	21119	26137	44347
39377	21226	25907	44263
39706	21514	25528	43867
40001	22166	25558	43468
39832	22118	25689	43371
39776	22303	25774	43163
39899	22636	25577	42814
40060	22598	25263	43010
40153	22435	25555	43273
39969	22085	25642	43536
39887	21820	25736	43682
39819	21845	25668	43590
39524	21825	26126	43718
39181	21676	26338	43972
39286	21496	26026	44163
40064	21454	25453	44024
40463	21541	25033	43981
40479	21709	24977	43563
40502	21731	25250	43896
40035	21225	25835	44323
39710	21381	26049	44080
39422	21577	26256	44036
39320	21378	25975	44450
39822	21170	25692	44371
39969	21240	25470	44160
39893	21542	25759	43746
39908	21542	25451	44104
40168	21828	25559	43554
40046	21798	25541	43770
40006	21651	25639	43758
39653	21603	25970	43944
39562	21454	26033	44437
39503	20975	25827	44805
39585	21194	25890	44272
39504	21301	25977	44242
39238	21078	26151	44309
39398	21250	26315	44251
38977	21176	26721	44215
38586	21512	26781	43861
38838	21930	26460	43684
38983	21792	26494	43942
38976	21388	26476	44180
38751	21382	27078	44303
38062	21322	27562	44347
38033	20991	27487	44791
38193	20505	27584	45009
37756	20448	28106	45210
37396	20138	28023	45433
37344	19980	28387	45557
36874	19716	28372	45820
37078	19679	28546	45700
36846	19533	28817	46139
36551	19361	28835	46195
36638	19437	28815	45832
36625	19817	29243	45541
36242	19986	29212	45402
36287	20214	29110	45350
36434	20261	28999	45134
36811	20436	28973	45191
36821	20199	28528	45181
36987	20548	28471	44816
37181	20762	28326	44944
37348	20853	28361	44915
37150	20556	28250	44749
37170	20740	28494	44853
36910	20845	28447	44782
37324	20909	27878	44684
37912	20918	27404	44726
38309	21004	27080	44614
38540	20820	26845	44649
38900	20797	26746	44803
38822	20607	26698	45128
38765	20431	26765	44741
38868	20929	26904	44343
38670	21242	26763	43827
38887	21832	26910	43563
38475	21967	27035	43522
38601	21932	27058	43697
38378	21928	27084	43292
38580	22444	26850	43174
38705	22208	26655	43262
38887	22273	26615	42996
39008	22845	26462	42660
39077	22835	26492	42976
39035	22893	26692	42712
38798	22747	26745	42676
38882	22841	26728	42654
38829	22682	26982	42922
38716	22570	26915	43070
38792	22382	27066	43155
38092	22415	27493	43236
38056	22165	27649	43261
37896	22453	27794	43020
37824	22707	27785	42850
37631	22957	27788	42278
37836	23347	27814	41916
37960	23689	27851	41783
37578	23817	28078	41931
37529	23357	27988	42462
37443	23030	28254	42700
37432	22362	27964	43169
37477	22503	28101	43029
37467	22603	28293	43026
37209	22271	28436	43312
36776	22028	28722	43579
36608	21694	28777	43819
36902	21622	28482	43970
36988	21256	28614	44384
36655	20963	29060	44594
36675	20734	28904	44768
36714	20859	28856	44470
36781	21170	28900	44501
36536	21006	29083	44738
36583	20622	28912	45170
36843	20358	28377	45442
37241	19878	28208	45807
37544	19679	28024	46010
37758	19737	28088	45736
37583	19991	28001	45738
37757	19632	27836	46156
38102	19317	27278	46108
38397	19523	27087	46081
38513	19555	27339	45547
38078	20138	27483	45493
38117	19911	27546	45728
37861	19988	27702	45689
37671	19687	27794	45978
37472	19213	28167	46492
37260	19026	28188	46532
37112	19098	28406	46418
36986	19023	28517	46578
37026	18985	28588	46691
36857	18942	28582	46638
37143	18991	28405	46455
37198	19193	28490	46508
36841	19009	28892	46662
36768	18727	29001	46969
36432	18241	28862	47152
36882	18646	28741	46985
36799	18880	28886	46556
36738	18997	28974	46307
36540	19201	28975	46425
36600	19112	28995	46242
36446	19374	29447	46136
35886	19317	29963	46420
35645	18980	29747	46743
35571	18601	29928	46818
35369	18429	30163	46970
35178	18636	30342	46992
35275	18619	30330	47002
35328	18571	30348	47103
35147	18375	30171	47196
35662	18326	29801	47265
35757	18631	29578	46815
36072	18793	29206	46751
36386	18983	28886	46496
36679	19208	28889	45933
36718	19597	28803	45920
36706	19547	28911	46133
36551	19541	29091	45672
36162	19951	29110	45505
36593	20060	29050	45572
36715	20050	28624	45266
36986	20419	28577	45238
36893	20102	28554	45639
37264	19771	28311	45728
37262	19832	28169	45733
37502	19904	27963	45475
37443	20090	27831	45763
37700	19787	27803	45787
37593	19879	27796	45555
37612	20254	27620	45186
38024	20313	27317	45097
38118	20782	27239	44618
38332	20964	26997	44391
38592	21457	26912	44182
38583	21351	26992	44120
38427	21694	27252	43667
38446	21936	26838	43396
38568	22165	27038	43295
38525	22340	26887	43110
38851	22478	26479	42988
39206	22626	26200	43283
39486	22225	25810	43354
40036	21983	25571	43664
39819	21732	25668	43793
39738	21894	25966	43790
39642	21682	26048	43900
39435	21618	26213	43807
39194	21556	26615	43922
38849	21553	26532	43888
39062	21746	26430	43533
39098	21986	26432	43572
39054	22176	26509	43363
38787	22060	26696	43300
38523	22374	27409	43083
37783	22471	28059	43056
37671	22807	27886	42675
37687	23000	28033	42503
37616	22801	27783	42766
37977	22910	27619	42943
38066	22527	27260	42920
38514	22329	27170	43579
38333	21773	27430	43753
38063	21680	27607	43769
38054	21611	27408	43963
38078	21571	27544	43850
38003	21489	27710	43850
37737	21602	27671	43944
38055	21678	27425	43690
37976	21803	27537	43866
38101	21684	27469	44067
37898	21507	27576	44039
38048	21731	27499	43923
38011	21722	27697	43788
37749	21769	27871	43722
37481	21798	27960	43836
37345	21835	28145	43707
37442	22179	28190	43017
37263	22818	28226	42755
37483	22721	28421	42721
37093	22971	28460	42326
36896	23146	28504	42424
36599	22971	29148	42767
36504	22539	29049	42851
36019	22609	29667	43148
35734	22178	29648	43447
35840	22153	29589	43422
35992	21990	29354	43776
36086	21717	29553	43945
36036	21566	29482	44310
35923	21019	29599	44630
35734	20848	29663	44759
35832	20932	29859	44415
35750	20993	29829	44550
35906	20928	29368	44447
35909	21342	29653	44096
35956	21366	29493	44155
36104	21444	29272	44300
36438	21318	29325	44047
36159	21340	29619	44228
35885	21356	29543	44550
36238	20876	29277	44541
36374	20890	29093	44801
36497	20622	29240	44969
36314	20752	29142	44553
36290	21181	29432	44355
36207	21275	29614	44306
35965	21291	29541	44432
36213	20866	29012	44758
36553	20843	28922	44880
36628	20773	29061	44898
36402	20519	28978	45203
36607	20301	29023	45162
36562	20390	29237	45096
36243	20329	29291	45353
36394	20143	29089	45545
36398	20063	28902	45501
36632	19876	28727	45515
36848	19963	28468	45540
36876	20054	28794	45558
36525	20033	29024	45682
36412	19708	29250	45899
36204	19570	29460	46293
36081	19065	29317	46489
36237	19036	29223	46278
36031	19253	29628	46266
35712	19255	29631	45967
36142	19716	29495	45605
36014	19984	29478	45409
36287	20316	28937	45073
36734	20553	29007	45005
36328	20292	29249	45318
36208	20079	29202	45477
36630	20159	28696	45448
36889	20266	28238	45286
37637	20322	27593	45179
38038	20439	27214	45052
38365	20173	27157	45026
38462	20448	27280	45104
38142	20152	27378	45504
38191	20011	27164	45461
38260	20089	27167	45539
38279	20042	27313	45690
38276	19817	27295	45958
38308	19685	27274	45883
38573	19749	26935	45688
38532	19805	27292	45595
38216	19928	27286	45601
38175	20060	27610	45216
37716	20318	28007	45388
37376	20025	28289	45605
37216	19843	28213	45778
37532	19977	28033	45514
37337	20204	28177	45199
37490	20320	28293	45315
37150	20030	28348	45421
36945	20121	28673	45731
36494	19434	28750	46194
36645	19611	29052	45934
36221	19813	29621	45700
35826	19609	29711	45851
35696	19435	29995	46321
35155	19076	30825	46461
34381	18943	31300	46556
34264	18999	31061	46509
34572	18926	30935	46365
34503	19236	31224	46162
34274	19451	31153	46230
34681	19284	30787	46333
34939	19108	30768	46516
34557	19049	30997	46603
34643	18876	30607	46765
34880	18982	30706	46594
34673	18921	30870	46793
34686	18593	30777	47280
34638	18233	31086	47195
34334	18235	31294	47398
34318	18108	31047	47293
34811	18510	30585	46746
34803	18621	30728	46859
35039	18924	30550	46374
35033	19132	30556	46426
35374	18918	30087	46575
35341	19319	30216	46340
35194	19076	30316	46604
35228	18819	30424	46648
34754	18501	31012	46804
34210	18934	31502	46366
34016	19570	31612	45755
33815	19995	31554	45623
34135	19811	31445	45852
34077	19592	31326	45947
34190	19660	31335	45687
34255	19958	31536	45479
33915	20183	31602	45187
33850	20341	31851	44889
33468	20657	32222	44797
33330	20744	32026	44743
33464	20833	32037	44503
33536	21104	32203	44392
33581	21211	31790	44392
33880	21192	31550	44291
34058	21573	31325	43648
34115	21882	31441	43846
34151	21669	31075	44043
34571	21407	30882	44124
34290	21287	31297	44298
34393	21052	31246	44901
33991	20705	32064	44778
33617	20514	31853	45073
33297	20294	32191	45227
33237	20343	32123	45397
33239	20026	32446	45363
33188	20369	32108	45207
33404	20159	31951	45656
33690	19746	31664	45987
34161	19452	31287	45966
34311	19762	31537	45759
34130	19891	31641	45699
33871	19806	31697	45498
33948	20249	31536	45472
34106	20053	31442	45061
34316	20555	31066	45104
34551	20515	31085	44957
33966	20687	31866	44960
33375	20682	32539	44894
32991	20562	32431	44827
33203	20612	32422	44956
33200	20810	32406	44738
33062	20591	32573	44796
32907	20624	32629	44979
32975	20522	32516	44936
33009	20590	32658	44800
32686	20664	32748	44975
32700	20587	32539	44906
33118	21174	32366	44062
33143	21851	32427	43715
33251	21663	32084	43939
33706	21489	31409	44099
34529	21588	30694	43923
34855	21590	30709	43881
34538	21550	31386	44055
33989	21440	31619	43965
33970	21751	31657	43864
33874	21534	31787	44024
33517	21439	32343	44164
33141	21333	32505	44393
32797	20725	32989	44954
32582	20187	32813	45331
32738	20127	32726	45307
32631	20296	33044	45641
32515	19832	32895	45742
32618	19605	32923	45870
32664	19768	32954	45553
32591	19816	32885	45696
32613	19879	32899	45730
32814	20018	32690	45501
32938	20219	32422	45424
33380	20029	32059	45635
33569	19741	31872	45858
33561	19643	32112	46034
33354	19172	32065	46375
33310	19070	32120	46374
33748	19119	32055	46590
33674	19113	31893	46378
33624	19047	31922	46386
33546	19243	31817	46287
33634	19214	32112	46255
33211	19296	32386	46398
33221	19009	32582	46398
33238	19189	32399	46444
33017	19159	32420	46265
33365	19115	32332	46320
33067	19108	32676	46401
32898	19034	32800	46326
32883	19465	32279	45900
33371	19436	32505	46152
32952	19322	32801	46045
32803	19692	32873	45741
32418	19420	33311	45886
32155	19885	33550	45554
31691	19996	33926	45413
31327	20066	34261	45467
31085	20090	34635	45859
30631	19802	34869	45573
30493	19807	34997	45770
30200	19361	35779	46572
29326	18918	36483	46653
28828	18833	36583	46601
28998	18807	36755	46554
28632	18872	37143	46705
27891	18770	37744	46785
27608	18795	37902	46697
27256	18957	38302	46675
27156	18698	38462	46724
26862	18908	38976	46777
26532	18940	39112	46452
26446	19082	38713	46256
27161	19104	38150	46602
27307	19020	38195	46505
27460	19196	38032	46185
27520	19497	37875	46088
27775	19578	37359	45974
28318	19675	37042	45877
28718	19648	36484	45865
29096	19644	36593	45692
28900	20063	36425	45214
29272	20247	36163	45261
29120	20260	36486	45421
29066	19734	36330	45749
29180	20007	36236	45459
29214	20197	36394	45186
29089	20240	36524	45342
29088	20298	36421	44955
29250	20643	36444	44495
29093	20980	36391	44527
29261	20945	36311	44563
29196	20805	36260	44877
29242	20549	36169	45329
29458	20386	36116	45352
29312	20596	36290	44817
29406	20738	35990	44664
29454	21093	36191	44524
29332	20800	36377	44750
29295	20921	36262	44573
29175	21047	36118	44342
29332	21264	36250	44172
29133	21281	36259	44372
29170	21290	36502	43874
28962	21904	36832	43460
28524	22129	37208	43421
28110	22030	37414	43440
27991	22089	37419	43279
28207	22204	37551	43402
28131	22207	37401	43298
28180	22074	37322	43794
28314	21575	37052	44260
28315	21357	37214	43877
28423	21656	36898	43990
28565	21750	36701	43677
28965	21770	36260	43764
29145	21902	36359	43433
29097	22315	36594	43271
28780	22399	36822	42919
28638	22550	36919	43239
28426	22058	37345	43651
28207	22080	37315	43438
28387	22025	37153	43457
28581	22337	36657	42955
29232	22525	36169	42904
29136	22563	36260	42856
29185	22536	36540	43111
28830	22375	36747	42906
28956	22554	36550	43064
28690	22495	37377	42930
28179	22669	37431	42651
28122	22732	37067	43011
28244	22548	37179	43202
28290	22255	37387	43162
27929	22434	37677	42984
27649	22907	37757	42418
27807	22968	37809	42387
27703	23082	37557	42422
28031	23183	37157	42483
28634	22974	36746	42591
28765	23053	36507	42173
28938	23464	36477	41956
28956	23546	36560	41933
28968	23690	36686	41586
28691	23955	36692	41459
28664	23895	36744	41909
28682	23383	36579	42057
29018	23566	36363	41894
29235	23898	36354	41756
29227	23771	36461	41777
29143	23821	36518	41999
29090	23875	36505	41803
28891	23815	36745	41764
28649	23558	37061	41968
28667	23805	36698	41691
28505	23723	37297	41606
28348	24197	37123	41150
28388	24167	37029	41017
28921	24559	36573	40897
28836	24528	36913	41115
28714	24357	36908	41040
28382	24506	37428	40888
28252	24651	37418	40799
28007	24867	37552	40497
28044	25078	37253	40347
28867	25199	36536	40278
28985	25132	36366	40460
29246	25215	36240	40275
29435	25284	36074	40345
29554	24979	35630	40483
30034	24983	35443	40697
29826	24508	35998	41251
29585	24153	35839	41666
29822	23547	35636	42147
29969	23298	35548	42188
29927	23179	35634	42469
30018	23148	35372	42183
30294	23326	35265	42242
30279	23538	35504	41915
29676	23580	36245	41651
29359	23862	36398	41523
29301	24004	36197	41583
29254	24150	36272	41436
28995	23837	36483	41746
29228	23731	36432	41894
29040	23460	36752	42070
28805	23602	36748	42050
29094	23457	36353	42290
29376	23219	36107	42228
29574	23306	35833	42380
29966	23106	35526	42266
30143	23374	35643	42441
29933	23131	35566	42638
29920	22974	35528	42659
30277	23078	35467	42320
30063	23054	35691	42532
29825	22953	35787	42536
29808	22973	35652	42354
29973	23395	35590	42291
29811	23626	35855	41855
29734	23646	35796	42102
29659	23349	35906	42257
29746	23405	35609	41875
29919	23948	35827	41450
29598	24126	36049	41215
29649	24315	36051	41357
29434	24088	36011	41447
29418	24240	35949	41359
29762	24594	35992	40699
29559	24790	36027	40806
29681	24680	35876	41098
29826	24344	35814	41165
29445	24255	36252	41245
29234	24136	36147	41557
29327	24065	36175	41447
29425	24343	36136	40883
29457	24748	35753	40849
29959	24881	35879	40648
29704	25147	36135	40203
29338	25408	36098	40060
29536	25501	36242	40015
29254	25579	36392	39850
28998	25754	36621	39684
28608	25840	36838	39603
28767	25966	36650	39895
28976	25349	36660	40449
28849	24945	36617	40660
28720	24785	36727	40795
28966	24646	36563	40858
28994	24443	36354	41218
29373	24196	36094	41629
29411	23807	36342	42068
29104	23354	36641	41928
28931	23624	36663	41999
28700	23526	36850	41873
28561	23781	37070	41746
28557	23685	36869	41908
28547	23669	37114	41927
28260	23778	37143	41802
28541	23929	37104	41646
28409	24390	37387	40861
28013	24860	37517	40690
27671	24742	38185	40485
27279	25117	38431	40443
27018	25128	38935	40326
26244	25184	39172	40443
26492	24927	38844	40525
26782	24917	38620	40719
26904	24721	38646	40725
26760	24985	38871	40833
26985	24600	38320	40929
27348	24502	38197	41035
27192	24355	38384	41294
26933	24380	38871	41300
26593	24128	39057	41443
26448	23921	39165	41681
26203	23814	39362	41797
26062	23665	39819	41803
25484	23702	40238	41977
25066	23388	40419	42029
25001	23439	40758	41892
24692	23743	40996	42113
24445	23429	40968	41898
24807	23594	40483	41948
25224	23645	40328	41708
25232	24034	40232	41851
25623	23494	39948	42184
25787	23423	39745	42469
25973	23155	39663	42369
25764	23547	39956	41912
25481	23491	40213	42153
25155	23447	40419	42021
25255	23684	40380	41596
25120	24192	40513	41205
25139	24203	40481	41241
25297	24397	40418	40924
24630	24740	40983	40992
24415	24307	41217	41292
24111	24395	41316	41247
24182	24451	41235	41089
24302	24543	41085	41278
24811	24098	40940	41577
24697	23507	41013	42254
24622	23203	40846	42171
24565	23170	40962	42094
24854	23504	40701	42241
24696	23311	40906	42363
24873	23309	40759	42451
24428	23156	41224	42283
24062	23320	41288	42328
24106	23153	41370	42349
24440	23174	40736	42444
24774	23095	40548	42450
25043	23197	40332	42201
25332	23187	40029	42154
25683	23655	39791	41729
25764	23641	40048	41939
25586	23436	39809	42014
25586	23767	39870	41719
25551	23707	40055	41765
25458	23910	40421	41580
25001	23629	40538	42097
24750	23438	40873	42183
24543	23454	40890	42050
24832	23415	40630	42006
24881	23377	40237	42404
25396	23250	40088	42230
25632	23272	39619	42220
26205	23349	39166	42054
26318	23426	39467	42055
26079	23425	39576	42261
25909	23494	39951	42126
25586	23431	40161	42156
25366	23329	40154	42100
25247	23382	40437	42348
25095	23170	40624	41977
25055	23630	40455	42079
25478	23677	39887	41921
25646	23571	39714	41929
25748	23414	39608	42160
25796	23383	39830	42071
25548	23660	40145	42000
25183	23710	40560	41879
24937	23499	40765	42010
24495	23544	41050	41867
24548	23808	40793	41888
24701	23831	40809	41607
24680	23748	40706	41854
24826	23856	40587	41689
25015	23723	40396	41843
25291	23781	40145	41496
25504	24354	39960	41105
25702	24562	39736	40787
25866	24830	39813	40964
25765	24671	39568	40782
26017	25198	39478	40391
25752	25041	39850	40605
25566	24826	40064	40699
25457	24784	40193	40733
25223	24913	40424	40837
25270	24544	40579	41130
24971	24139	40717	41285
25100	24451	40278	41184
25270	24163	40501	41483
25149	24101	40401	41621
25179	23957	40216	41886
25349	23402	40217	42122
25052	23580	40298	41944
24904	23490	40562	42010
25163	23770	40252	41709
25254	23786	40589	41771
24772	23786	40739	41888
24649	23295	40776	42117
24636	23298	40900	42345
24519	23129	41058	42233
24405	23233	41196	42292
23990	23169	41581	42549
23772	23007	41715	42409
23557	23182	42080	42172
23160	23315	42222	42096
23336	23640	42311	41703
23191	24226	42450	41380
23027	24082	42852	41399
22509	24367	43223	41226
22100	24263	43303	41270
22597	24054	42860	41498
22772	23706	42567	42133
23037	23125	42481	42524
22976	22886	42576	42753
22785	22546	42483	43300
23243	22425	42277	43029
23506	22605	41840	42913
23470	22420	42316	42961
23124	22705	42693	42924
22859	22437	42814	43327
22529	22103	43154	43610
22094	22218	43334	43348
22142	22506	43189	42912
22524	22544	42479	42976
22959	22702	42718	43096
22774	22524	42947	43040
22349	22361	43116	43033
22693	22508	43056	43235
22646	22324	43281	43192
22411	22362	43119	43322
22495	22213	42901	43183
22650	22334	42730	43131
22967	22578	42417	42687
23331	22864	42129	42785
23056	22792	42322	42795
23426	22743	42177	42866
23459	22739	41768	42841
23800	22516	41557	43098
23790	22355	41742	43133
23924	22221	41660	43650
24006	21852	41576	43892
23866	21359	41860	44182
23749	21431	41762	44064
23773	21428	41736	44483
23635	21161	41698	44554
23664	20924	41958	44372
23749	21302	41834	44319
23883	21150	41569	44714
24034	20934	41263	44578
24387	20920	41273	44568
24540	20989	41010	44730
24493	20860	41002	44398
24580	21194	41228	44229
24311	21448	41543	44170
23782	21456	42163	43850
23274	21489	42174	44139
23589	21298	41940	44376
23663	21216	41668	44137
23629	21614	41795	43865
23485	21698	42128	43586
23295	22001	42281	43610
23319	22057	42262	43234
23397	22225	42122	43158
23281	22302	41899	43269
23716	22496	41767	42956
23824	22507	41650	43312
24014	22334	41247	43167
24098	22768	41453	42622
24036	22986	41453	42557
23858	22971	41720	42377
24084	23320	41312	42265
24304	23138	41169	42818
24545	22722	40927	42724
24705	22810	40887	42981
24511	22235	40965	43467
24396	21649	40979	44214
24758	21246	40904	44230
24544	21351	41072	44172
24449	21381	40993	44267
24580	21340	41055	43827
24553	21986	40845	43602
24669	21751	40825	43851
24740	21806	41111	43783
24392	21854	41232	43705
24332	21720	41027	43901
24678	21523	40645	43962
24698	21611	41046	44217
24430	21525	40935	44072
24514	21540	40999	43699
24369	21814	41319	43792
24108	21736	41606	43732
23957	21834	41563	43693
23764	21675	41830	43970
23351	21445	42367	44041
23114	21905	42404	43677
23165	21918	42157	43396
23431	22350	42359	42934
23067	22467	42279	43190
23322	22035	42226	43411
23489	21971	42053	43916
23643	21612	41958	44219
23419	21196	42034	44177
23544	21574	41914	44037
23445	21441	42189	44267
23351	21489	42085	43815
23713	21823	41390	43860
24408	21702	41209	43777
24247	21779	41269	43538
24259	21859	41230	43977
24230	21541	41489	44014
24066	21606	41576	43580
24109	22027	41778	43438
23999	22266	41333	43257
24181	22157	41146	43561
24260	22010	41404	43392
24171	21938	41146	43585
24461	21800	41123	43873
24576	21818	41001	43779
24506	21689	41036	43856
24481	21820	41196	43774
24329	21878	41013	43588
24869	22134	40658	43494
25041	21959	40245	43614
25159	21591	40688	43968
24771	21235	40919	44480
24854	20895	40630	44705
25240	20619	40154	44955
25478	20454	40218	44964
25433	20990	40172	44331
25581	21118	40099	44388
25659	21125	39912	44275
25799	21402	40003	43954
25688	21740	40108	43949
25510	21478	40164	44157
25322	21137	40299	44641
25222	20974	40255	44844
25411	20432	39905	45055
25569	20445	39995	45291
25205	20292	40221	45323
25416	20181	39813	45774
26041	19615	39288	46041
26556	19597	38632	45731
26997	19833	38600	45381
26802	20200	38554	45563
27040	19873	38361	45620
27132	19663	38553	45741
26797	19844	38696	45951
26949	19375	38625	46143
26777	19581	38693	46485
26872	18976	38641	46579
26743	19014	38924	46379
26534	19064	38874	46384
26651	19263	38718	45991
26857	19610	38678	45575
26993	20012	38321	45571
27116	19931	38219	45751
27415	19590	38392	46372
27001	18961	38678	46765
26859	18713	38989	47005
26492	18655	39411	46966
26124	18411	39601	47302
26255	18331	39490	47136
26106	18428	39610	47019
25619	18666	39999	47035
25372	18665	39810	46762
25723	18964	39899	46542
25503	19405	40004	46041
25410	19795	40059	45560
25431	19974	40331	45614
24918	19901	40645	45339
25034	20034	40343	45538
25420	20000	39999	45589
25572	19610	39938	46120
25601	19613	40122	46067
25316	19629	40201	46005
25437	19421	39915	46550
25396	18952	40274	46492
25166	19241	40090	46153
25573	19658	39653	45973
25966	19512	39505	45790
25974	19723	39715	45604
25677	19819	39805	45876
25825	19460	39738	46011
25735	19772	39817	45767
25656	20133	39964	45277
25400	20174	40273	45473
25250	20063	40462	45540
25214	19941	40499	45490
24724	19948	40793	45830
24675	19626	40749	46175
24706	19243	40957	46430
24678	19169	41164	46189
24147	19239	41818	46114
24055	19638	41563	46027
23907	19688	41467	45700
23934	19955	41724	45614
23832	19893	41908	45529
23870	19980	41629	45791
23846	19900	41628	45600
23790	19995	41749	45480
23918	20051	41521	45359
24015	20147	41541	45336
23871	20160	41701	45314
23670	20332	41861	45273
23530	20323	42340	45209
23382	20341	42364	44932
23057	20796	42811	44740
22863	21004	42530	44511
22950	20957	42438	44639
23158	20824	42235	44779
23284	20568	42011	45028
23635	20635	42025	44935
23758	20558	41601	45094
24106	20461	41361	45071
24244	20511	41356	45312
24318	20471	41253	44993
24070	20550	41549	44992
23901	20648	41712	44581
23951	21165	41713	44473
23791	21166	41887	44455
23528	21009	42139	44361
23744	21183	41492	44386
24145	21069	41094	44611
24405	21026	41185	44475
24290	21074	40950	44464
24874	21304	40510	44330
24918	21301	40722	44493
24812	21002	40692	44714
24969	20925	40810	44616
24741	20862	40918	44651
24544	21174	41138	44453
24423	20905	41084	44688
24817	20953	40517	44179
24998	21166	40162	44315
25538	21155	40023	44409
25684	20920	39848	44546
25620	21105	39880	44350
25592	21229	39921	44167
25347	21339	40038	44223
25476	21625	39963	43754
25686	21934	39918	43525
25305	22110	40281	43344
25315	22294	39984	43174
25658	22699	40003	43078
25320	22397	40357	43233
25101	22243	40287	43407
25320	22120	40213	43587
25414	21927	39814	43389
25803	22472	39710	43109
25519	22209	39818	43473
25850	21984	39693	43292
26226	22072	39144	43481
26331	22031	39010	43360
26401	22124	39182	43467
26179	22076	39475	43122
25968	22415	39898	43268
25468	22343	40251	43012
25013	22732	40709	42935
24987	22526	40460	43010
25170	22385	40524	42979
24799	22476	40729	42741
24851	22555	40714	43132
24972	22321	40580	43014
25064	22380	40566	43168
25041	22213	40543	43372
24858	22165	40833	43445
24543	22191	41174	43517
24477	21953	41231	43729
24118	21943	41474	43579
24060	21723	41796	43835
23836	21628	41795	44151
23917	21462	41870	44289
23590	21401	41923	43912
23534	21585	41774	43857
23756	21606	41965	43981
23452	21273	42212	43949
23193	21473	42470	43967
22982	21583	42369	44235
23247	21352	42052	44191
23276	21373	42264	44387
23126	21051	42628	44270
22925	21520	42597	43856
22903	21818	42888	43831
22530	21425	42866	44006
22380	21506	42970	44094
22512	21456	43145	44290
22177	21189	43560	44138
21817	21630	43768	43504
21824	22359	43592	42957
21624	22662	43690	42972
21986	22745	43407	42707
22029	22899	43493	42520
22081	23025	43771	42359
21694	23343	43881	42254
21670	23204	43832	42031
21803	23605	43457	42105
22383	23282	42955	42274
22828	23273	43000	42317
22322	22937	43192	42411
22427	22911	42970	42537
22641	23192	42839	42120
22640	23516	42826	42005
22803	23283	42704	42167
22890	23336	42529	42376
23077	23160	42705	42624
23067	23005	42525	42728
22964	22574	42510	42896
23221	22971	42054	42216
23524	23336	42245	42126
23658	23459	41705	42172
23807	23473	41728	42145
24100	23333	41067	42353
24492	22974	40508	42780
25408	22479	40170	43174
25322	22066	40040	43715
25688	21640	39563	43988
26067	21602	39558	43912
26269	21710	38986	43813
26611	21750	38748	43945
26741	21512	38977	44112
26515	21199	38939	44039
26476	21535	39331	43944
26039	21537	39443	43795
25958	22052	39718	43366
25557	22367	40045	43053
25196	22498	40516	42919
24869	22662	40996	42924
24443	22783	41108	42725
24317	22695	41132	42976
24255	22270	41301	43451
24330	21911	41459	43644
23641	21741	42206	43966
23274	21413	42060	44069
23642	21484	42026	44104
23527	21346	42351	44472
23028	21059	42652	44488
22704	21047	42612	44573
22748	20842	42717	44598
22954	20837	42575	44686
23179	20801	42212	44551
23452	20882	41922	44763
23854	20782	41466	44533
23971	20978	41164	44580
24772	21153	40401	44120
25153	21429	40360	43996
25254	21492	40169	44159
25124	21357	40681	44229
24701	21327	40602	44287
25217	21336	40196	44231
25316	21200	40409	44616
25108	20947	40413	44703
25068	20973	40610	44859
25005	20445	40358	45071
25133	20164	40688	45383
24749	20133	40856	45426
24877	20070	40783	45415
24657	20216	40888	45488
24635	20196	40943	45448
24469	20248	40976	45038
24508	20685	41089	44528
24339	21127	41120	44393
24269	21228	41325	44407
24330	21232	41315	44159
24270	21525	41366	43820
24145	21559	41059	44089
24604	21683	40840	43582
24587	22271	41004	43050
24501	22676	41101	42904
24496	22652	40617	42945
25199	22637	39980	42784
25426	22871	40404	42793
25205	22748	40162	42916
25426	22552	40017	43165
25778	22303	39619	43430
25755	22277	39752	43371
25776	21986	40172	43480
25326	22116	40515	43416
25121	22351	40781	43458
24399	22177	41403	43379
23856	22213	41841	43161
23746	22182	41743	43199
23594	22652	42217	42829
23252	22779	42305	42748
22997	22693	42551	43014
23012	22689	42583	43099
23033	22317	42604	43223
22572	22393	43186	43024
22441	22900	43030	42476
22605	23039	43000	42692
22408	23097	43016	42552
22426	22901	43344	42612
21751	22995	43975	42442
21409	22992	44119	42432
21377	23021	44157	42344
21574	23401	44087	42078
21433	23628	43982	41717
21506	24041	44193	41466
21408	24110	44113	41182
21460	24324	43880	41110
21663	24347	43857	41176
21952	24390	43659	41059
21695	24416	43650	40797
22048	25004	43455	40536
22058	24915	43341	40444
22288	24990	43246	40648
22130	24812	43521	41023
22142	24567	43248	40993
22090	24649	43411	41204
22180	24375	43389	41129
22193	24290	43169	41411
22212	24225	43376	41356
22005	24362	43571	41120
22006	24361	43587	41266
21719	24235	43834	41178
21599	24450	43959	40910
21613	24661	44054	40646
21547	24688	43831	40893
21478	24750	44075	40865
21429	24664	44070	40869
21598	24712	43816	40557
21715	25395	44122	40041
21514	25612	44032	39612
21538	26030	44135	39208
21368	26327	44193	38905
21305	26625	44103	38897
21238	26806	44301	38332
21310	27171	44494	38249
20989	27272	44517	37776
21157	27949	44307	37474
21337	28318	44313	37054
21008	28508	44428	36880
21210	28763	44363	36606
21054	28948	44721	36470
20739	29219	44791	36273
20628	29485	44959	35823
20632	29816	44992	35614
20822	29851	44758	35861
20755	29972	44903	35585
20521	30133	45389	35573
19845	29799	45433	35924
20110	29605	45337	35983
20305	29361	45169	36383
20563	29034	44959	36740
20661	28554	44949	37154
20469	28567	45017	37007
20469	28394	45039	37244
20484	28364	45145	37101
20363	28530	45410	36833
19755	28685	45857	36594
19670	28973	46060	36316
19537	29779	46164	35244
19272	30485	46621	34993
18910	30535	46593	35193
19056	30364	46338	35261
19048	30637	46276	34998
19557	30575	45828	35207
19313	29968	46189	35872
19092	29271	46680	36407
18657	29079	46725	36565
18867	28693	46671	36854
18677	28962	47033	36555
18546	28828	46891	36659
18453	28725	46935	36745
18586	29094	46842	36463
18693	28983	46748	36670
18912	28647	46407	37076
19155	28299	46310	37440
19170	28045	46420	37549
18935	28071	46442	37657
19067	27638	46525	38088
19056	27368	46493	38331
19120	27164	46430	38515
19162	27017	46317	38337
19197	27457	46592	38073
19336	27446	46138	37819
19366	27652	46457	37815
19274	27852	46149	37647
19220	27739	46374	37447
18950	28132	46751	37344
18634	28011	46981	37458
18529	27745	47113	37900
18450	27587	47379	38098
18291	27215	47524	38527
18196	26795	47387	39034
17903	26524	47434	39007
17983	26693	47310	38736
18252	26774	47311	38650
18196	26904	47168	38639
18234	27299	47245	37972
18447	27935	47053	37485
18682	28092	46698	37655
18688	27820	46833	37824
18588	27714	46654	37749
19049	27772	46301	37589
19227	27925	46342	37721
18968	27802	46461	37755
19144	27773	46542	37920
19131	27370	46389	38079
19308	27483	46176	38195
19198	27268	46441	38234
18996	27336	46518	38413
18978	26684	46563	38765
18836	26653	46667	39013
18707	26537	46890	39174
18794	26436	46645	39105
18995	26563	46566	38730
18914	26901	46526	38244
19236	27341	46204	38214
19317	27385	46247	38060
18997	27677	46403	37886
19004	27904	46544	37432
19119	28393	46469	37158
19117	28175	45855	37415
20008	27920	45152	37599
20352	27879	45123	37433
20567	27816	44728	37501
20895	27885	44471	37694
20953	27787	44590	37584
20821	28226	44769	37224
20571	28295	44806	37446
20513	28009	44969	37645
20547	28178	44992	37353
20509	28248	45143	37103
20363	28414	45026	37389
20784	27898	44962	37648
20867	27916	44451	37670
21118	27912	44647	37637
20748	27967	44953	37484
20591	28097	44744	37407
20766	28184	44841	37409
20881	28348	44391	37022
21066	28558	44259	37114
21267	28581	44359	36936
21234	28480	44265	37317
21086	27714	44584	37716
21001	27724	44583	37751
20834	27627	44580	38225
20908	27242	44560	38537
21021	26964	44637	38583
20922	26712	44558	38794
20991	26759	44544	38634
21256	26823	44176	38744
21167	26503	44574	38946
21020	26296	44503	39314
21024	25894	44360	39657
21339	25859	44188	39649
21477	25923	44254	39612
20991	26016	44680	39447
20831	25910	44734	39398
20972	26187	44638	39575
20777	25991	44804	39570
20639	25809	44977	39859
20520	25753	44810	39849
20908	25660	44407	39897
21195	25828	44634	39769
20939	25608	44586	40003
21062	25769	44658	39799
20838	25600	44483	40022
20991	25762	44482	39395
20967	26392	44411	38855
20928	26581	44499	39069
20815	26691	44890	38990
20516	26547	45119	39199
20232	26592	45379	39076
20190	26599	45125	38962
20148	26688	45401	39067
20150	26514	45437	39010
20060	26557	45371	39027
20419	26253	45180	39331
20530	26109	44791	39547
20930	25642	44552	39983
21178	25465	44273	39913
21281	25679	44304	39885
21210	25503	44586	40170
20987	24947	44434	40574
21114	24738	44491	40772
21113	24703	44330	40835
21447	24754	44204	40503
21370	24842	44217	40844
21191	24348	44396	41173
21366	24102	44234	41736
21502	23751	43987	41618
21650	24271	43937	41156
21428	24638	44074	40673
21458	25019	43786	40661
21883	25130	43573	40372
22031	25131	43481	40364
22052	25226	43533	40021
21844	25704	43938	39830
21327	25717	44608	39477
20530	26175	45292	39076
20029	26509	45669	38844
19624	26646	45704	38974
19916	26632	45567	38704
19983	26547	45949	38874
19480	26916	46328	38566
19287	26879	46155	38551
19576	27033	45856	38430
19566	27034	46051	38354
19482	27095	46034	38279
19674	27170	45700	38489
19802	26614	45662	38831
19823	26633	45390	38706
20348	26800	45108	38868
20178	26682	45232	38957
20123	26629	45284	38540
20352	27094	45050	38046
20686	27491	44617	37974
21065	27723	44628	37491
20645	28129	45200	37102
20344	28573	45377	36600
20091	28927	45520	36311
19941	29250	45472	36313
20062	29479	45332	36106
20314	29470	45204	36115
20204	29538	45540	36100
19894	29289	45458	36339
20174	28829	45517	36817
19992	28751	45433	36422
20027	29073	45633	36290
19690	29194	45499	36263
20048	29474	45619	36301
19689	29170	45801	36421
19980	29034	45329	36583
20213	29015	45352	36385
20073	29190	45801	36159
19511	29287	45941	36273
19524	29374	45989	36230
19127	29187	46554	36111
18928	29531	46485	36186
18839	29296	47112	36062
18375	29508	47181	36011
18342	29575	47154	35818
18508	29802	46652	35689
18887	30222	46787	35331
18621	30345	46876	34867
18586	30752	47093	34668
18174	30941	47689	34833
17829	30758	47849	34672
17686	30697	47818	35040
17864	30413	47530	35327
18137	30017	47651	35583
17915	29969	47397	35567
18208	30315	47151	34951
18472	30585	47025	35122
18725	30267	46595	35430
18890	30066	46768	35712
18799	29803	46665	35658
18874	29813	46725	35696
18896	29946	46615	35527
19172	29776	46210	35451
19689	30161	45609	35532
20064	29688	45447	35755
20281	29647	45501	35977
19961	29792	45752	35787
19904	29924	45498	35755
19886	29751	45436	36047
20108	29642	45165	36306
20520	29392	45412	36270
19671	29086	46041	36532
19569	28946	45736	36563
19895	28937	45456	36580
19895	28949	45942	36419
19408	28896	46129	36520
19383	28844	45893	36745
19702	28556	45793	37088
19560	28347	46121	37094
19346	28074	46209	37655
19370	27941	46166	37515
19728	28105	45957	37281
19564	28179	46031	37616
19529	27800	46211	37648
19287	27772	46233	37856
19620	27679	45889	37921
19407	27310	45975	38407
19197	27003	46548	38416
19034	27169	46180	38508
19206	27209	46229	38413
19355	27166	46177	38288
19550	27385	45950	38068
19527	27369	46160	38034
19243	27655	46457	37869
19025	27696	46586	37705
19153	27945	46630	37532
18780	28012	46896	37383
18709	28414	46631	36930
19249	28772	46287	36835
19267	28714	46121	36625
19430	28985	46096	36509
19552	28710	45583	36925
20360	28343	45108	37251
20208	28374	45448	37142
19897	28371	45639	37131
20014	28292	45450	37350
19980	28141	45691	37632
19741	27944	45509	37633
20131	27700	45333	37857
20435	27554	45170	37859
20511	27605	44934	38154
20238	27369	45211	38226
20390	27581	45372	37968
20067	27817	45288	37724
20142	28046	45220	37388
20273	27967	45403	37512
20373	27819	45012	37697
20596	28011	44894	37614
20637	28014	44760	37349
20877	28300	44542	37271
21101	28442	44393	37214
20982	28225	44824	37231
20571	28539	44802	36999
20679	28518	44778	37173
20791	28525	44530	36984
20847	28371	44806	37277
20807	28153	44578	37386
21106	28138	44457	37474
21116	27937	44265	37719
21284	27809	44172	37677
21509	27835	44132	37515
21503	28223	44041	37434
21364	28071	44180	37593
21378	28015	43949	37733
21698	27908	43627	37467
21825	28230	43853	37138
21611	28307	43911	37253
21606	28128	43858	37319
21492	28252	44133	37195
21074	28292	44449	37533
21185	27827	44258	37735
21576	27711	43737	37607
22056	28165	43419	37636
22407	27818	43296	37597
22282	28090	43227	37533
22176	28013	43638	37697
21638	27898	43780	37416
21565	28107	43915	37588
21672	27827	43452	37624
22236	27882	43127	37846
22479	27662	42881	37932
22589	27482	43047	38121
22535	27383	43094	38624
22024	26876	43641	38531
21694	27282	43980	38035
21137	27572	44323	37731
21093	27524	44606	38006
20962	27829	44107	37630
21729	27730	43855	37960
22055	27379	43374	38026
21971	27396	43475	38027
22294	27563	43224	37851
22064	27484	43600	37938
22004	27448	43549	37939
21878	27513	43679	38089
21824	27272	43837	38237
21738	27182	44283	38240
21245	27193	44457	38248
20929	27361	44520	38301
21155	27301	44379	38095
21047	27270	44257	38277
21591	27232	43880	38413
21686	27031	43762	38464
21550	27272	43715	38344
21721	27357	43600	38412
22073	26766	43208	38725
22571	26476	42924	39177
22900	26297	42627	39054
22803	26406	42506	39178
23053	26564	42458	38709
23027	26931	42600	38333
22845	27238	42740	38326
22775	27392	42721	37967
22627	27712	43054	37832
22168	27796	43433	37654
21811	27754	43939	37781
21670	27751	43854	37773
21700	27412	43739	38267
21785	27266	44100	38259
21647	27247	44020	38190
21559	27050	43751	38651
21762	26740	43907	38979
21732	26486	43811	38894
21685	26693	43870	38815
21446	26512	44015	39046
21440	26611	44183	38791
21305	26453	44288	39166
20859	26134	44574	39232
21086	26507	44398	39069
21264	26496	44308	39212
21653	26221	43852	39305
21576	26363	43867	38826
21671	26743	43794	38596
21830	26924	43690	38587
21709	26822	43888	38749
21473	26777	44129	38669
21268	26954	44398	38453
21101	26916	44672	38661
20891	26508	44939	38803
20753	27072	44716	38226
20706	27506	44670	37813
20772	27655	44767	37650
20992	27895	44461	37393
21365	28314	44319	37384
21485	28005	43939	37149
21958	28155	43602	37367
22390	27935	43111	37533
22603	28121	42899	37681
22472	27836	43054	37696
22617	27633	43039	37850
22452	27471	43210	38002
22207	27568	43263	38122
22388	27450	43058	38065
22517	27525	43116	37743
22368	27849	43443	37541
22090	28014	43344	37475
22289	28087	43408	37231
22212	28273	43557	37129
21916	28450	43695	37065
21884	28500	43791	37014
21534	28657	44294	36683
21061	29044	44314	36272
21378	29246	43871	36347
21735	28933	43635	36864
21725	28642	43780	36529
21835	28970	43614	36818
21560	28583	43701	36879
21786	28617	43813	36819
21713	28658	43892	37107
21386	28291	44110	37351
21493	28300	43943	37058
21630	28416	43673	37220
22055	28069	43317	37186
22037	28322	43407	37217
22021	28543	43552	37032
21897	28594	43489	36745
22093	28480	43364	37039
22141	28506	43397	37039
21913	28573	43617	36884
21921	28663	43698	36629
21668	29215	43655	36297
21838	29323	43954	36185
21463	29064	43976	36763
21468	28678	44156	36910
21231	28656	44088	36985
21577	28638	43938	36840
21715	28595	43924	36943
21651	28426	43929	37214
21263	28341	44378	37221
20800	28169	45165	37227
20082	28497	45541	37192
19905	28500	45992	37186
19421	28313	46124	37201
19428	28363	46091	36761
19771	28831	45712	36661
19875	28872	45838	36618
19563	29049	45627	36402
20114	29324	45348	36128
20070	29235	45633	36502
19838	28916	45746	36972
19946	28579	45620	37002
20120	28033	45291	37485
20522	27776	45030	37468
20568	28076	45047	37391
20677	28152	44820	37286
20808	28781	44761	36645
20539	29127	45058	36441
20336	29392	45359	36046
20172	29643	45513	35642
20147	29804	45225	35530
20290	30186	45259	35343
20115	30326	45530	35263
19973	30160	45469	35571
20095	29771	45556	35401
20009	30306	45510	35040
20049	30608	45479	34979
20039	30540	45418	34967
20272	30692	45377	34696
20040	30850	45487	34831
19760	30721	45694	34646
19976	30907	45371	34716
20209	30835	45396	34627
20277	30813	45238	34675
20561	31008	44719	34394
20938	31117	44543	34307
21011	31017	44429	34826
21124	30467	44270	35098
21530	30576	43864	35014
21898	30685	43980	34860
21643	30459	44125	35090
21278	30602	44098	34651
21464	30902	43816	34476
21823	31327	43647	34097
21898	31636	43494	33558
22271	32182	43362	33322
22079	32182	43737	33179
21482	32428	44206	33215
21104	32223	44508	33382
20986	32177	44886	33356
20365	32009	45101	33845
20405	31889	45126	34176
20441	31270	45363	33978
20134	31522	45643	34058
19564	31426	46051	34137
19744	31293	45730	34120
19849	31423	45569	34197
20117	31485	45117	33981
20349	31419	45254	34251
20343	31107	45010	34530
20633	30803	44913	34759
20647	30877	45017	34253
20130	31407	45579	33979
19695	31630	45677	33902
19512	31537	46064	33988
19361	31704	46122	33638
19222	31838	46276	33873
19247	31712	46246	33836
19187	31655	46284	34018
19383	31372	46278	34157
19233	31243	46375	34432
18887	30822	46624	34915
18709	30340	46827	35158
18702	30543	46601	34661
18770	30749	46619	34837
18815	30788	46839	34570
18827	31088	46495	34228
18856	31481	46853	34118
18517	31495	46941	34155
18425	31245	47166	34409
18222	31449	47252	34214
18301	31256	47235	34310
18359	31085	47153	34219
18571	31536	46658	34006
18750	31713	46816	33887
18679	31687	47004	33772
18678	31907	46882	33695
18677	31925	46786	33652
18765	31634	46658	33870
19149	31416	46076	33951
19467	31724	45988	33791
19670	31605	45889	33837
19619	31783	45946	33717
19764	31754	45595	33594
20081	32009	45259	33715
20248	31596	45269	33992
20050	31433	45630	33901
20011	31636	45584	33821
19875	32135	45733	33403
19574	31956	46189	34057
19399	31348	46129	34512
19470	30634	46016	35118
19554	30247	45924	35255
19687	30315	45580	35245
20127	30156	45542	35548
20033	29919	45670	35716
19784	29824	45493	35749
20194	29668	45021	35838
20435	29858	45224	35635
20480	29756	44881	35704
20989	29796	44390	35853
21377	29524	43953	36312
21657	29475	43978	35930
21516	29546	43624	35816
21938	29827	43524	35228
22148	30445	43636	34907
21628	30723	44118	34654
21623	31041	43927	34428
21687	31184	43743	34288
21829	31224	43775	34440
21651	30999	43882	34545
21578	30839	43965	34836
21479	30610	44081	34880
21342	30731	44155	34937
21482	30511	43845	35028
21968	30357	43432	35482
22068	29607	43468	36098
22207	29641	43221	35804
22557	29687	43052	35947
22453	29850	43251	35689
21995	29877	43933	35597
21344	29815	44219	35879
21377	29383	44188	36025
21120	29327	44108	36272
21649	29240	43717	36224
22188	29450	43194	36000
22767	29406	42490	35963
23384	29584	42132	36082
23542	29394	41926	36000
23733	29817	42007	35639
23241	29913	42310	35700
23264	29959	42261	35408
23097	30007	42436	35476
23120	29962	42331	35592
22904	29807	42954	35663
22458	29935	43005	35582
22472	30171	43187	35428
22482	30037	42650	35552
22924	30065	42860	35540
22724	30008	42981	35565
22600	29815	43191	35572
22017	29806	43803	35902
21468	29370	44141	36312
21486	29126	44039	36461
21320	29099	44370	36458
20961	29045	44510	36690
21017	28915	44535	36592
20807	28837	44696	36851
20841	28648	44515	37072
21014	28319	44564	37429
20695	27918	44588	37518
21052	27787	44413	37762
20859	27807	44610	37602
20935	27840	44710	37665
20866	27845	44898	37989
20720	27431	44897	38238
20669	27028	44662	38610
20975	27034	44568	38275
21104	27611	44173	37958
21608	27457	43701	38043
21842	27259	43972	38061
21351	27602	44235	37748
21285	27844	44037	37569
21610	28117	44022	37443
21542	28325	43956	37031
21520	28536	44058	37010
21387	28371	44161	37179
21257	28424	44338	36962
21317	28213	44254	37306
21168	28032	44435	37503
20886	28029	44755	37203
20841	28769	44591	36804
21089	28824	44401	36752
20916	28802	44655	36513
20779	29115	44621	36610
20996	29019	44476	36426
20734	29325	44698	36201
21124	29368	44273	36248
21508	29841	44104	35789
21692	29640	43854	35984
21758	29500	43665	35983
21920	29568	43818	35864
21775	29891	43630	35576
21926	29897	43758	35729
21630	29855	43866	35897
21715	29662	43741	35850
21631	29883	43793	35881
21821	29497	43716	36266
21804	29144	43770	36560
21755	28781	43840	37065
21431	28601	43988	36501
21641	29246	43991	36191
21571	29553	43607	35993
21834	30044	43928	35404
21811	30568	43828	34957
21832	30736	44127	34685
21139	30958	44556	34346
21010	31244	44680	34249
20798	31299	44727	34169
20923	31485	44673	33767
20640	31776	45051	33798
20380	31817	45351	33769
20050	31822	45553	33990
20203	31451	45286	34159
20132	31315	45327	34601
20337	31022	45306	35037
20392	30151	45322	35792
20235	29762	45526	35761
19755	29662	45836	35977
19734	29611	45592	36154
19870	29409	45244	36399
20395	28735	44950	37008
20702	28464	44995	37018
20517	28597	45231	36726
20214	28705	45442	36899
20099	28310	45301	37351
20285	28208	45308	37324
20216	28219	45338	37422
20348	28364	45290	37516
20267	28001	45467	37528
20431	28107	45335	37413
20047	28279	45574	36946
20014	28515	45679	36991
19873	28717	45732	36653
19900	28707	45369	36903
20450	28772	44846	36806
20895	28539	44578	37049
20802	28457	44829	37059
20711	28590	44943	36908
20887	28747	44512	36622
20670	28934	45164	36706
20297	28904	45564	36546
19914	29171	45949	36400
19350	29167	46080	36505
19108	29265	46404	36203
19230	28997	46305	36484
19110	28629	46367	36848
19061	28835	46179	36917
19271	28818	46069	36542
19545	29047	45950	36523
19621	29035	46125	36435
19350	28883	46242	36436
19475	29194	46188	36185
19154	29328	46510	35779
19060	29808	46511	35728
19333	29511	46146	35937
19462	29644	46154	35399
19394	30190	46107	35260
19278	30451	46144	34944
19576	30661	45847	34699
19605	30968	45823	34556
19718	30968	45761	34567
19850	31225	45779	34035
19523	31841	45770	33687
19974	32162	45552	33170
20181	32448	45231	33384
20109	32265	45210	33262
20313	32304	45144	33573
20220	31999	45117	33549
20295	31940	45046	33649
20329	32076	44970	33393
20710	32403	44888	32965
20779	32580	44561	32767
21496	32698	44323	32697
21324	32663	44410	32715
21207	32722	44218	32712
21451	32724	44219	32641
21143	32675	44304	33132
21244	32299	44306	33193
21147	32352	44144	32983
21293	32536	44374	33037
20985	32552	44724	33065
20534	32403	44878	33196
20555	32325	45129	33228
20329	32161	44999	33456
20797	31816	44912	33782
20681	31640	44983	33964
20550	31357	45176	34322
20466	31428	45287	34015
20189	31441	45293	34182
19897	31219	45621	34475
19855	31178	45773	34234
19774	31464	45943	33905
19440	31699	46237	33946
18994	31650	46395	33848
19106	31690	46478	33814
19261	32027	46047	33272
19746	32341	45775	33255
19699	32214	45895	33529
19706	31906	45578	33464
20118	32216	45562	33680
19938	31678	45724	34007
19795	31435	45863	34124
19642	31264	45713	34367
20014	31175	45502	34363
20107	31195	45479	34243
19921	31383	46084	34072
19322	31678	46293	33776
19168	31913	46572	33600
18813	32258	46669	33261
18811	32227	46637	33396
19128	32101	46201	33640
19413	31676	46095	33866
19887	31645	45691	34259
19751	31100	45618	34506
19618	31172	45788	34502
19781	31493	45787	34127
19683	31693	45931	33914
19517	31446	45930	34008
19887	31460	45863	33944
19592	31967	46004	33418
19628	31929	46271	33760
19388	31816	46125	33919
19357	31700	46263	33461
19315	31889	46309	33870
19378	31603	46026	34164
19399	31323	46127	34252
19560	31243	46075	34243
19410	31445	46073	34048
19505	31352	46001	34175
19614	31603	45842	33606
19963	31923	45307	33649
20462	31895	45143	33579
20431	32386	45200	33132
20483	32597	44812	33034
20916	32488	44725	33141
20853	32335	44689	33129
20601	32285	45103	33223
20010	32377	45450	33047
20161	32383	45274	33005
20176	32332	45442	33133
19927	32338	45691	33154
19744	32402	45813	33115
19564	32206	46232	33512
19441	31869	45948	33823
19676	31804	45624	33778
20005	31587	45296	33830
20351	31488	45168	34139
20466	31341	45079	34204
20380	31426	44986	34528
20621	30955	44893	34882
20737	30554	44601	35012
20850	30285	44436	35578
21066	29825	44361	35846
21070	29404	44575	36168
20919	29469	44575	36209
20726	29269	45077	36068
20247	29634	45326	35739
20351	29696	45390	35982
20187	29555	45511	36082
19869	29459	45659	36192
19990	29232	45445	36003
20084	29709	45314	35430
20322	30294	45096	35207
20541	30344	44818	35107
20918	30498	44451	35266
21318	30296	43985	35104
21382	30203	44059	35515
21763	29887	43740	35718
21699	29992	43876	35553
21608	29907	43912	35773
21428	29826	43996	35777
21525	29743	44050	35911
21450	29602	44357	36199
21213	29097	44167	36324
21386	29112	44113	36298
21664	29145	43701	36408
21775	29095	43813	36405
21815	29269	43591	36315
21980	29182	43634	36402
21804	29333	43834	36318
21712	29098	43908	36437
21579	29132	43873	36462
21473	29154	44270	36379
21106	29094	44386	36692
21009	28553	44765	37461
20638	27751	44650	38003
20874	27196	44681	38391
20551	27484	44810	37907
21094	27585	44069	38007
21478	27603	43948	37893
21682	27870	43747	37686
21570	27832	43869	37527
22030	28252	43478	37459
22124	28396	43653	37098
21667	28394	43920	36802
21638	28633	43833	37179
21839	28197	43736	37406
22053	28095	43430	37599
22179	27876	42875	37739
23035	27481	42400	38043
23489	27403	41902	38063
23571	27391	41914	38202
23738	27299	41875	38048
23654	27732	41589	37548
23777	28138	41573	37359
23807	28393	42124	37192
23261	27997	42325	37820
22932	27484	43013	38323
22366	27145	43243	38407
22497	26934	43273	38527
22117	26706	43304	38881
22342	26663	43157	38776
22381	26702	43268	38853
21985	26484	43776	39142
21560	26451	43878	39097
21601	26152	43795	39413
21666	25781	43685	39588
21915	25820	43701	39853
21855	25530	44050	39936
21428	25430	44240	40311
21255	24904	44472	40906
20877	24325	44325	41446
21106	23977	44382	41497
21331	23896	44261	41975
21214	23502	44479	41972
21157	23683	44326	41905
21391	23733	44095	41591
21581	23898	43891	41343
21829	24528	43562	40721
22024	25229	43473	40104
21915	25596	43671	39937
21847	25633	43963	39666
21795	25929	43809	39478
21948	26033	43607	39518
21831	26312	43900	38938
21676	26730	43887	38750
21428	26599	43880	38875
21718	26497	43591	39136
21995	26364	43641	39130
21998	26498	43558	39136
21725	26093	44006	39691
21569	25680	44134	40042
21610	25454	44088	40143
21408	25238	44060	40348
21670	25114	43815	40391
21647	25191	44076	40374
21400	25080	44424	40290
20776	25205	44769	40444
20586	25190	45150	40065
20126	25780	45664	39755
19984	25481	45521	40000
20077	25809	45634	39770
19450	25869	45974	39548
19770	26143	45516	39570
19900	26209	45554	39308
19984	26597	45602	38801
20005	26549	45712	38991
19671	26409	45882	39407
19934	26145	45316	39239
20326	26315	45274	39166
20341	26546	45136	39075
20316	26419	45257	39113
20225	26282	45587	39277
19945	26413	45477	39176
20081	26199	45415	39501
20054	25895	45475	39683
19809	25701	45858	40006
19698	25456	46012	39988
19597	25596	45979	39827
19668	25671	45680	39917
20080	25716	45605	39817
19713	25574	45873	40060
19885	25630	45757	39955
19790	25481	45631	40028
19765	25509	45935	40043
19336	25713	46215	39677
19484	26028	45926	39509
19635	26324	45802	39387
19690	26062	45919	39361
19787	26446	45812	39064
19788	26349	45666	39202
19891	26152	45490	39332
20205	26207	45366	39320
20039	26259	45170	39354
20585	26272	45002	39376
20660	25780	44880	39711
20707	25849	44553	39850
21173	25443	44420	40103
21122	25733	44553	39779
21138	25760	44333	39727
20988	25932	44490	39644
21105	25487	44193	40352
21535	25173	43775	40310
21718	25401	43804	39991
21697	25548	43967	39800
21539	25712	44009	39760
21497	25868	43715	39418
21813	26047	43454	39530
22246	26275	43527	39152
21804	26269	43965	39222
21361	26434	44061	39049
21332	26222	44253	39190
21268	26332	44100	39222
21633	26244	44354	39320
21043	26307	44440	39127
21102	26341	44401	39120
20968	26319	44479	39344
20907	26187	44587	39077
21041	26525	44449	39009
21475	26438	44016	39088
21430	26608	44217	38850
21283	26659	44524	39021
20936	26512	44578	39142
21100	26421	44128	39177
21374	26089	44176	39491
21143	26004	44463	39629
20955	26221	44735	39212
20682	26461	44843	39156
20738	26341	44708	38641
20887	27041	44528	38577
20962	27155	44556	38351
21106	27365	44668	38129
20924	27500	44508	37840
21073	27632	44232	37818
21311	27696	44055	37776
21561	27842	43805	37953
21547	27656	44099	37795
21213	27512	44518	37686
21042	27605	44395	37692
21059	27788	44354	37824
21401	27502	44038	38051
21738	27452	43673	38107
21965	27305	43487	38271
22140	26994	43452	38593
21900	26888	43509	39050
22226	26621	43540	38653
21958	26987	43280	38719
22234	26707	43451	39083
22152	26265	42999	39511
22657	25946	42640	39761
22909	25801	42402	39965
23313	25594	42110	39933
23506	25605	41881	40290
23818	25634	41569	40049
24110	25441	41216	40114
24280	25411	41336	40018
24335	25434	40980	39997
24688	25642	40832	39765
24665	25931	41095	39370
24129	26155	41728	39323
23493	26167	42112	39253
23231	26246	42329	39533
23409	25979	41964	39546
23579	26050	41658	39626
23833	25695	41397	39797
24351	25762	41064	39506
24386	26122	41228	39382
24088	26137	41762	39449
23694	26110	41885	39423
23789	26037	41726	39659
23840	25652	41822	39848
23672	25619	41861	39930
23659	25508	42021	40153
23318	25208	42355	40301
22828	25205	42844	40437
22607	25327	43022	40289
22188	25263	43282	40579
22265	24878	43291	40750
22363	24840	43122	40764
22147	24393	43180	41251
22425	24400	43007	41215
22637	24302	43059	41019
22250	24560	43025	40824
22541	24680	43069	40951
22373	24667	43096	41029
22461	24507	42868	41326
22551	24006	42943	41623
22535	23591	42846	41874
22727	23657	42666	41907
22560	23559	43047	42179
22623	23288	42634	42299
22926	23295	42754	42238
22637	23401	43112	42500
22177	22849	43579	43021
22025	22311	43490	43367
21975	22028	43408	43416
22441	21890	43019	43634
22468	21850	43253	43668
22190	21791	43432	43887
22138	21479	43284	43936
22429	21463	43021	43993
22581	21507	42925	43894
22710	21786	42932	43765
22492	21721	43229	43813
22389	21745	43113	43774
22503	21688	42782	43753
22499	21949	43082	43469
22582	22110	42793	43213
22866	22376	42578	43258
22803	22242	42645	42953
23087	22536	42528	42924
22987	22775	42628	42831
22741	22974	42603	42197
22601	23487	42772	42105
22666	23474	42989	41757
22507	23850	42983	41435
22809	24160	42627	41255
22806	24043	42467	41439
22924	24386	43185	41000
21922	24481	43889	41181
21758	24414	43698	41071
21762	24424	43602	41377
22086	23998	43543	41168
22161	24234	43224	41165
22446	24198	43158	41212
22140	24464	43360	40821
21960	25068	43460	40354
22081	25328	43599	39719
21628	26096	44097	39264
21240	26589	44531	39025
20921	26402	44794	39029
20561	26862	45103	38817
20483	26838	45187	38703
20540	26877	44871	38866
20642	26696	45109	38861
20201	26720	45255	38707
20397	26652	45119	38937
20325	26446	45297	39298
20258	26201	45413	39516
20143	26113	45391	39482
20256	25727	45262	39808
20572	25880	44844	39608
20856	25794	44428	39443
21163	25855	44376	39835
21284	25509	44344	40216
21010	25158	44463	40533
21191	25074	44743	40438
20844	25052	44634	40361
20927	25152	44951	40559
20372	24871	45177	40768
20137	24650	45604	40755
20001	25015	45476	40360
20132	25144	45119	40096
20745	25243	44774	40232
20615	25376	44912	40051
20640	25573	44671	39775
20652	25991	44942	39577
20355	26066	45254	39521
20413	26216	45131	39146
20340	26637	45340	38820
20261	26780	45407	38672
20116	27082	45336	38393
20201	26904	45323	38763
20368	26862	45284	38582
20297	26931	45001	38558
20726	27237	44751	38389
20852	27334	44525	38031
21257	27268	44160	38301
21732	27155	43593	38385
21849	27101	43406	38255
22262	27356	42975	38075
22578	27470	42648	38177
23014	27108	42653	38311
22729	27108	42901	38629
22925	27140	42267	38340
23390	27366	42253	38026
23413	27461	42186	38009
23484	27663	42170	37833
23450	27962	42164	37331
23345	28076	42507	37505
22936	28158	42813	37375
22549	28096	42923	37396
22736	27962	42897	37870
22513	27437	42928	38169
22136	27216	43662	38646
21918	26937	43396	38719
22358	26797	43188	38547
22434	27244	43156	38284
22245	27129	43208	38461
22538	27156	43209	38465
22310	27199	43095	38042
22307	27655	43174	37686
22577	27734	42983	37628
22526	28122	42845	37185
22784	28381	42893	37336
22566	28249	43192	37470
22319	27844	42976	37717
22809	27629	42766	37876
23081	27778	42422	37762
23056	27786	42271	37709
23386	27768	42010	37984
23652	27698	41929	37869
23695	27708	41536	37654
23980	28170	41305	37446
24293	28277	41219	37000
24230	28872	41276	36675
24141	29057	41609	36575
23983	29140	41468	36604
24166	29037	41427	36651
24176	29183	41369	36562
23953	29002	41914	36589
23494	29093	42021	36614
23405	28982	41975	36635
23764	28934	41720	36660
23662	28543	41931	37077
23740	28126	42164	37697
23446	27776	41744	38240
23758	27194	41407	38675
24240	26736	41012	39043
24624	26803	40905	39079
24684	26129	40876	39929
24598	25567	40997	40002
24340	25561	41434	39768
23940	25742	41916	39599
23514	25989	41787	39280
23963	26418	41381	39073
23941	26382	41523	39076
23970	26704	41355	38590
24530	27196	40656	38323
25126	27377	40265	38072
25560	27550	39705	38074
25810	27482	39953	38044
25604	27628	39916	37899
25570	27735	40036	37586
25614	28051	40012	37619
25488	27869	40008	37608
25661	27947	40005	37543
25532	27793	39963	37831
25458	27678	40271	38198
25200	27377	40523	38077
24707	27208	41043	38448
24308	27011	41267	38645
24283	27046	41472	38562
24029	26912	41495	38685
23771	26763	41910	38873
23739	26666	41749	38600
23677	26979	41914	38134
23662	27448	41976	37858
23498	27606	42134	38148
23343	27442	42149	37812
23596	27662	41942	37810
23550	27923	41926	37513
23607	28009	42023	37405
23377	28323	42213	37240
23347	28511	42179	36768
23267	28657	42333	37029
23270	28667	42355	36758
23163	28505	42455	36803
23197	28700	42516	36861
22971	28912	42838	36553
22862	29069	42833	36372
22891	29268	42834	36147
22676	29709	43092	35597
22138	29976	43408	35341
22011	30262	43398	35046
22032	30405	43548	35247
21948	30494	43457	35089
22119	30563	43275	35117
22374	30361	42898	35290
23028	30077	42442	35698
23313	29848	42520	35788
22966	29876	42595	35514
22771	30064	43170	35551
22170	29744	43341	36022
22390	29196	43086	36556
22615	28855	42890	36529
22781	28591	42612	37301
23051	28001	42236	37642
23561	27733	41781	37765
23863	27936	41653	37582
23957	27984	41414	37831
24122	27442	41392	38343
24344	27373	40996	37962
24891	27983	40390	37645
25060	27699	40484	37836
25131	27729	40398	37845
25055	27659	40332	37978
25145	27551	40143	37938
25459	27551	40152	38045
25400	27366	40110	38211
25577	27215	40121	38621
25512	26858	40075	38455
25321	27110	40199	38351
25338	27029	40096	38641
25358	26827	40142	39103
25524	26697	39876	38792
25519	27022	40308	38514
25295	26920	40035	38870
25537	26657	40096	38700
25434	26769	40193	38832
25163	26778	40270	38653
25221	26959	40179	38509
25502	26758	39989	38959
25346	26615	40389	38977
25103	26454	40562	39246
25130	26226	40471	39439
25079	26101	40503	39308
25475	26099	39993	39400
25733	25829	39655	39816
26168	25611	39469	39891
26152	25848	39840	39630
25455	25900	40155	39590
25284	25983	40462	39297
24688	26129	41015	39433
24313	26136	41320	39050
24092	26700	41383	38776
24117	26742	41367	39080
24267	26495	41346	38798
24261	26756	41187	39019
24415	26345	41054	39184
24281	26475	41409	39037
23935	26795	41480	38712
24026	26812	41393	38840
23955	26465	41433	38990
24062	26605	41687	38866
23761	26786	41751	38471
23716	27013	41826	38727
23625	27080	42317	38473
23132	26988	42299	38563
23341	27128	42097	38507
23563	27123	42105	38328
23473	27291	42174	38103
23519	27648	42217	37953
23231	27585	42324	38203
23288	27238	42375	38504
22990	26829	42818	38684
22677	26769	42867	38803
22642	26718	42884	38620
22702	26895	42773	38592
22641	26893	42767	38512
22866	26808	42354	39092
23370	26328	41899	39331
23739	26201	41842	39580
23771	25770	41763	39709
23848	25896	41950	39763
23520	25731	42132	39731
23277	25876	42241	39761
23251	25686	41913	39998
23429	25618	42248	39765
23429	25858	42016	39498
23503	25892	42233	39581
23178	25776	42383	39988
23272	25639	42242	40010
23168	25611	42355	39932
23013	25462	42807	40545
22875	24918	42694	40649
22905	24945	42684	40422
22804	25012	42680	40558
22611	25018	43003	40553
22484	25249	43142	40097
22397	25582	43372	39830
22311	25698	43228	39708
22366	26046	42993	39154
22817	26693	42594	38767
22868	26768	42543	38828
23141	26944	42478	38634
23132	26992	42269	38662
23365	26839	42102	38925
23690	26378	42002	39477
23572	25903	42011	39740
23783	25846	41679	39588
24006	25890	41630	39694
23885	25796	41560	39811
23880	25561	41440	39817
24071	25670	41587	39892
23896	25643	41459	39889
24077	25420	41666	40133
23544	25775	41824	39587
23796	25920	41705	39528
23790	26085	41643	39310
23782	26304	41956	39346
23417	26256	42361	39336
23031	26614	42479	38965
23082	26727	42362	38766
23081	27004	42358	38423
23338	27129	42229	38379
23402	27303	41916	38121
23579	27408	42009	37941
23301	27572	42405	37866
22803	27761	42611	37835
22808	27633	42973	38243
22527	27254	43018	38166
22195	27403	43529	37838
22168	27734	43145	37933
22416	27733	43134	37703
22687	28042	43054	37341
22136	28486	43538	37170
21593	28287	44084	37418
21265	28066	44373	37697
21296	27821	44216	37761
21310	27935	44025	37422
21328	28200	44197	37326
21488	28200	44072	37292
21342	28217	44453	37187
20941	28162	44532	37502
21136	27887	44253	37846
21248	27686	44268	37898
21227	27426	44515	38129
21120	27382	44396	38349
21295	26973	44506	38550
21156	26763	44289	38884
21405	26357	43897	39003
21955	26603	43380	38807
22021	26946	43355	38772
22044	26762	43678	38895
21947	26365	43523	39235
22226	26282	43060	39368
22240	26033	43399	39495
21859	26141	44218	39368
21129	26019	44335	39716
21219	25370	44192	40155
21296	25608	44214	40027
21432	25175	44028	40383
21688	25260	43477	40416
22096	24902	43359	40673
22006	24972	43629	40868
21844	24755	43882	40647
21888	24906	43850	40606
21380	25095	44326	40377
21169	25008	44618	40206
21102	25458	44370	39842
21425	25994	43904	39208
21604	26336	43774	39185
21933	26005	43555	39626
22171	25883	43174	39554
22592	26001	43198	39585
22478	25946	43148	39411
22476	26066	43033	39422
22480	26157	42931	39301
22440	26081	43053	39567
22614	26078	42965	39318
22680	26469	42911	39010
22717	26233	42672	39713
22720	25854	42865	39807
22528	25829	43159	39711
22539	25877	42923	39606
22908	25842	42474	39431
23185	26064	42443	39537
23015	25972	42756	39848
22629	25828	42984	39617
22548	25892	42872	39680
22698	25995	42787	39584
22670	26084	42782	39549
22944	25986	42641	39613
22955	26084	42343	39356
23261	26264	42070	39148
23337	26613	41997	38887
23785	26536	41820	38968
23872	26866	41476	38317
24347	27024	40714	38442
24663	27241	40752	38111
24683	27586	41050	38052
24258	27336	41352	38170
24361	27562	41285	38009
24252	27581	41449	37951
23918	27805	41688	37765
23623	27618	42118	38116
23421	27348	42061	38112
23271	27250	42103	38443
23239	26937	42424	38920
23158	26703	42533	38857
23026	26539	42435	39272
22908	25957	43124	39589
22459	25990	43112	39605
22530	26212	43344	39128
21973	26635	43829	38687
21458	27077	44325	38264
21178	27544	44095	37918
21414	27600	43829	37519
21883	28047	43604	37248
22075	28352	43436	37214
22006	28417	43663	37245
21897	28276	43512	37312
22035	28199	43279	37516
22279	27874	43046	37570
22498	28013	42728	37409
22925	28081	42698	37586
23018	27908	42649	37667
22970	27892	42644	37408
22846	27744	42585	37918
22810	27859	42662	37621
22643	27851	42846	37554
22776	27818	42672	37921
22844	27629	42521	37694
23128	27839	42466	37622
22586	27920	43204	37582
22174	27735	43441	37869
22227	27819	43615	37513
22056	27958	43630	37743
21781	27802	43861	37999
21292	27544	44556	37868
20896	27842	44637	37523
20989	27855	44546	37631
20945	28136	44739	37586
20934	28096	44478	37149
21092	28283	44433	37244
21258	28401	44299	37059
21510	28369	43689	37141
21568	28183	44188	37706
21584	27626	44086	38056
21555	27111	43776	38647
21821	26746	43770	39027
21657	26586	43832	38805
21927	26548	43447	39468
22097	26032	43486	39551
21996	25999	43458	39360
21990	26588	43401	38994
22023	26551	43257	38885
22227	26803	42957	38847
22505	26794	42857	38712
22472	26787	42659	38765
22846	26679	42520	38947
22982	26593	42438	38822
23034	26723	42663	38933
23048	26668	42503	38907
23582	26719	41954	38573
23461	26936	42014	39075
23358	26363	42200	39221
23110	26250	42565	39355
22863	26133	42570	39476
22837	26115	42746	39126
22851	26527	42738	39164
22918	26539	42671	39022
22965	26725	42831	38754
22721	26984	42671	38369
23104	27050	42433	38700
23008	26967	42514	38511
22966	26952	42703	38427
22507	26959	43142	38681
22289	26774	43422	38984
21644	26402	43635	39527
22101	25763	43272	39920
22334	25617	43243	39895
22010	25391	43285	40173
22589	25117	42699	40379
22858	25194	42651	40246
23165	25403	42155	40098
23291	25304	42093	40270
23296	25185	42314	40195
23416	25527	42053	40132
23367	25365	42059	39842
23415	25872	42022	39648
23308	26112	42093	39498
23300	25924	42183	39707
23452	25693	42039	39940
23357	25638	42311	40156
23356	25305	42084	40215
23325	25354	42246	40151
23002	25680	42612	39883
23079	25572	42544	39785
22980	25680	42675	39924
23048	25492	42415	39904
23314	25684	41977	39956
23534	25876	41954	39862
23519	25418	42097	40201
23653	25435	42134	40284
23620	25353	42168	40160
23422	25277	41860	40435
23716	25130	41764	40372
23820	25376	41850	40073
23729	25398	41759	40464
23885	24894	41787	40839
23868	24667	41588	40865
24023	24523	41595	40802
23960	24828	41446	40609
23979	24814	41642	40819
23667	24543	42075	41046
23391	24754	42120	40737
23277	25034	42362	40509
23032	25019	42682	40438
22708	25284	43112	40445
22392	25152	43138	40609
22510	25191	43004	40324
22759	24958	42601	40529
22958	25227	42580	40351
22823	25218	42824	40255
22485	25351	43021	40372
22454	25391	42907	39936
22509	25840	42842	39516
23079	26180	42453	38953
23151	26518	42251	39175
23184	26356	42244	39457
23234	26076	42222	39425
23294	26044	42299	39624
23614	25802	42072	40268
23117	24968	42486	40767
23012	24660	42307	41051
23645	24419	41958	41372
23593	24001	41942	41478
23775	24291	41738	41151
23742	24409	42140	41265
23416	24277	42227	41246
23295	24167	42083	41525
23646	23944	41700	41613
23815	24093	41814	41299
23667	24169	41736	41130
23646	24205	41751	41360
23468	24260	42104	41182
23308	24594	42538	40928
23138	24649	42270	41060
23329	24535	42142	40874
23387	24714	42302	40925
23321	24392	42247	41021
23180	24494	42469	40996
23113	24689	42386	40810
23099	24798	42661	40545
22799	25060	42827	40582
22714	25112	43084	40441
22637	25291	42424	40546
23247	25096	42112	40397
23613	25146	41648	40486
23954	25164	41635	40266
23774	25329	41882	40266
23789	25133	41578	40256
23920	25289	41774	40012
23496	25649	42217	39966
22881	25360	42754	40125
22575	25566	43096	39871
22578	25938	42893	39501
22496	26057	43096	39596
22448	25924	43266	39781
22081	25881	43806	39553
21546	25822	44159	39981
21306	25648	44112	40079
21189	25455	44417	40356
20892	25254	44657	40568
20790	24792	44846	40499
21056	25297	44353	40162
21229	25622	44351	40003
21051	25623	44536	39648
20802	26088	44720	39438
20608	26461	44774	38877
20654	26971	45199	38189
20058	27597	45453	37968
20076	27498	45651	38245
20017	27296	45181	38054
20462	27303	44983	38043
20607	27341	45133	38141
20286	27422	45302	38121
20222	27509	45467	38239
20020	27412	45173	38261
20557	27386	45019	38004
20639	27851	45203	37171
20394	28518	44839	36568
20904	28979	44488	36490
21252	28984	44234	36725
21147	28942	44347	36788
21410	28582	43831	36737
21679	28916	43681	36752
21846	28913	43827	36544
21646	29052	43757	36500
21649	29151	43947	36042
21435	29522	44050	35930
21330	29515	44447	36200
21213	29439	44471	36227
20849	29211	44886	36095
20748	29141	44626	36270
21218	29287	44232	36209
21091	29510	44461	35897
21086	29672	44308	35734
21649	29973	43573	35654
22065	29950	43652	35503
21818	30292	43805	35358
21674	30422	43795	35022
21833	30635	43697	34511
21902	31481	43605	33843
22158	31867	43204	33747
22481	31685	43288	33705
22156	31877	43589	33818
21758	31710	43860	33924
21532	31325	44091	34292
21296	30919	44268	34815
21089	30740	44264	34835
21058	30816	44568	34576
21020	31026	44400	34316
21323	31326	44202	34252
21300	31446	44312	34105
21238	31173	44504	34207
21269	31624	44262	34218
21393	31427	44055	34341
21632	31077	43821	34572
21738	30894	43975	34308
21389	31511	44214	33906
21358	31802	44219	33703
21162	31986	44351	33635
21199	31962	44265	33362
21384	32187	44134	33284
21397	32471	44074	32773
21566	32875	43432	32473
22373	33110	43002	32416
22540	33460	42983	31910
22041	33426	43380	32029
22359	33659	43278	31859
22515	33526	42852	31716
22721	33819	42747	31564
22831	34087	42443	31389
23074	34315	42239	31056
23373	34564	42116	30912
23433	34241	42157	31205
23648	34219	42063	31311
23409	34119	42204	31363
23440	33977	42179	31843
23390	33657	42133	31716
23291	33873	42363	31655
23132	33800	42488	31805
23019	33670	42558	32045
22918	33307	42715	32182
22862	33397	42608	31868
22947	33679	42677	31827
22638	33712	42856	32000
22800	33317	42559	32546
22749	32669	42885	33296
22867	32105	42852	33560
22810	31795	42580	33890
22926	31391	42923	34122
22393	31153	43052	34505
22588	30846	43084	34848
22247	30562	43052	35179
22583	30406	42937	35191
22968	30399	42788	35143
22697	30349	42774	34890
22644	30762	42886	34472
22445	31269	43087	34170
22285	31267	43109	34486
22528	30936	43345	34423
22151	31131	43373	34350
22172	31215	43278	34190
22365	31478	43150	33932
22314	31497	42974	34079
22461	31625	42855	33761
22977	31856	42092	33640
23375	32147	42105	33380
23545	32207	41848	33318
23780	32515	41637	33179
24227	32286	41216	33485
24432	31926	41082	33724
24629	31703	40641	33558
24962	32064	40501	33575
24917	32112	40604	33450
24964	31938	40447	33786
25406	31728	40031	34038
25816	30925	39577	34878
25737	30470	39775	34883
25336	30856	40451	34680
24937	31061	40594	34464
24664	31278	41166	34303
24210	31712	41160	33485
24138	32197	41392	33642
24228	31742	41517	33887
24185	31590	41452	34389
24069	30923	41221	34902
24168	30627	41484	34944
23922	30730	41636	34811
23888	30878	41901	34762
23520	30567	42173	35011
23308	30284	42044	35527
23535	30029	42018	35631
23470	29618	42219	35973
23279	29641	42346	36150
23143	29373	42513	36095
22831	29290	42703	36185
22497	29286	43169	36505
22229	28675	43465	36818
21730	28633	43738	36786
21922	28730	43391	36665
22134	29152	43191	36337
22475	29293	42907	36003
22541	29659	42962	35911
22800	29538	42474	35471
23375	30243	41923	35512
24083	30014	41217	35755
24363	29730	41209	35971
24290	29427	41374	36476
23990	29134	41591	36340
23928	29302	41808	36340
23691	29132	41969	36571
23256	29035	42175	36261
23412	29431	42035	36062
23426	29290	42297	36237
22905	29307	42837	36351
22764	29155	42773	36502
22873	29102	42345	36383
23435	29136	42171	36427
23234	29190	42257	36094
23265	29553	42411	35989
23180	29482	42197	35981
23535	29549	42240	36206
23279	29346	42366	36206
23279	29466	42057	35965
23613	29477	42013	36090
23350	29475	42163	36102
23372	29502	42233	36026
23303	29557	41942	35867
23715	29946	41841	35590
23901	29964	41576	35222
23871	30601	41514	34714
23987	30613	41435	34806
24054	30299	41438	35363
23895	30023	41772	35506
23588	30139	42370	35562
23217	29987	42524	35701
22849	29829	42665	35599
22978	30101	42785	35371
22629	30328	43061	35103
22403	30149	43007	35696
22608	29667	43097	35841
22536	29742	43115	35880
22234	29801	43370	35906
22279	29479	43183	36322
22545	29112	42798	36658
22746	28730	42785	37076
22575	28372	43242	37371
22179	28164	43270	37222
22399	28223	43252	37041
22287	28403	43390	37202
21921	28469	43841	36902
21858	28839	43605	36756
21790	28940	43963	36793
21415	28711	44193	36480
21739	29349	43786	36010
21827	29296	43688	36107
21885	29420	43722	35989
21697	29319	43953	35995
21628	29557	43767	36188
21777	29073	43684	36401
21843	28989	43351	36574
22143	28794	43452	36779
21688	28766	43682	36895
21838	28655	43602	36896
22158	28208	43551	37433
22200	28042	43462	37726
22231	27396	43353	38116
22444	27323	43028	38132
22476	27106	43180	38672
22088	26662	43511	38766
22105	26687	43645	39063
21970	26496	43267	38800
22345	26745	43252	38933
22008	26278	43530	39498
22038	26054	43382	39529
22095	26282	43410	39552
22031	25977	43517	39786
22020	25650	43385	39863
22232	25678	43461	39808
22180	25587	43606	39737
21797	25913	43634	39416
21792	26449	43970	38723
21644	26891	44134	38596
21314	26966	44238	38434
21373	27126	43931	38590
21768	26877	43731	38699
21461	27070	44182	38307
21356	27374	44454	38014
21082	27680	44456	37860
21358	27981	44005	37769
21505	27852	43918	37629
21947	27741	43681	37516
21760	28232	43793	37378
21724	28233	43510	37273
21958	28287	43398	37209
22087	28278	43535	37416
22188	28480	43258	37077
22262	28627	43430	36830
22128	28716	43304	36835
22086	28468	43343	37261
22359	28340	42681	37403
22824	28019	42772	37511
22866	28071	42778	37659
22614	27851	42910	37609
22546	27739	42919	38087
22542	27334	43138	38142
22217	27635	43201	37936
22384	27289	42926	38429
22767	27003	43052	38851
22388	26501	42841	39047
22822	26211	42948	39513
22653	25974	42759	39529
22514	25790	42821	40068
22771	25672	42831	39777
22646	25798	42943	39647
22848	25587	42646	39773
22710	25938	43092	39442
22228	26101	43456	39171
21946	26494	43666	39014
21588	26467	44193	39002
21490	26611	44216	39064
21542	26635	44033	38701
21554	26898	44087	38703
21420	26970	44280	38543
21146	27076	44453	38650
20946	26807	44536	38991
21231	26395	44086	39504
21416	25624	44148	39944
21373	25414	44134	39852
21292	25572	44124	40008
21053	25325	44617	40121
20850	25085	44609	40579
20853	24807	44664	40770
20884	24848	44763	40728
20602	24650	45057	40974
20488	24559	45019	40748
20469	24893	45089	40548
20469	25117	45257	40579
20038	24961	45500	40616
20330	25159	45088	40069
20479	25735	44861	39735
20407	25964	44984	39663
20492	25857	44656	39858
20996	25383	44679	40183
20820	25262	44725	40233
20843	25271	44885	40376
20633	25075	45181	40362
20407	25364	45239	39513
20160	26270	45548	39294
19919	26448	45974	38825
19450	26907	45969	38569
19488	26982	45908	38506
19317	27103	46206	38507
19325	27251	45992	38319
19706	27053	45892	38668
19763	26647	45771	38965
19781	26403	45401	38991
19988	26635	45323	38829
20044	27109	45343	38361
20075	27195	45513	38444
20022	27277	45422	38438
20367	26847	45200	38712
20286	26750	45268	38671
20158	26758	45398	39079
20021	26486	45231	39177
20433	26407	44895	39275
20538	26225	45085	39424
20331	26045	45264	39674
20325	25884	45346	39732
20316	25535	45387	39874
20232	25646	45312	39762
20049	25561	45700	39909
19656	25563	45944	39988
19652	25327	45943	39952
19795	25456	45683	39959
20030	25233	45418	40513
20312	24922	45244	40610
20370	24864	45153	40491
20464	25159	44891	40158
20857	25619	44790	40120
20703	25406	44582	39987
21101	25616	44085	40199
21463	25400	44103	40141
21394	25285	44171	40192
21448	25424	44013	40251
21506	25254	44150	40156
21229	25576	44304	39664
21216	26015	44657	39427
20931	26203	44630	39453
20918	26488	44808	38968
20692	26550	44751	39060
20874	26366	44671	39184
20971	26270	44568	39182
21060	26290	44479	39468
21182	26127	44322	39701
21158	25788	44559	39557
21241	26008	44420	39792
21328	25675	44339	39889
21272	25542	44348	40021
21076	25343	44442	40080
21087	25544	44435	40047
20972	25528	44415	39974
21340	25760	44331	39755
21144	26019	44487	39279
21408	26314	43745	39213
21647	26330	43778	39241
21773	26306	43970	39153
21309	26106	44504	39192
20885	26431	44545	39076
20945	26510	44707	38814
20670	26916	44812	38622
20552	26862	44900	38720
20425	26812	45398	38960
20332	26487	45150	39111
20422	26526	45016	38778
20189	26792	45330	38781
20184	26840	45264	38456
20058	27160	45532	38368
20037	27141	45409	38517
20275	26848	45260	38726
20239	26755	45308	38932
20359	26590	45374	38926
20193	26577	45224	38846
20462	26556	44993	39043
20863	26345	44508	39054
21076	26646	44489	38874
20866	26588	44797	39003
20637	26646	44707	39118
20856	26372	44532	39356
21209	26198	44289	39643
21457	25813	43822	39746
21558	26104	43985	39417
21413	26181	44246	39217
21356	26407	44012	39297
22055	26103	43303	39420
22162	25969	43348	39669
22550	25492	42798	40047
22787	25347	42925	40263
22454	24965	43124	40471
22208	25013	43499	40493
22095	24996	43590	40753
21983	24710	43336	40951
21964	24491	43528	41012
21954	24576	43446	40913
22130	24619	43382	40927
22200	24535	43269	41197
22103	24146	43148	41519
22596	23929	42857	41662
22680	23724	42735	41713
22802	23961	42724	41557
22977	24050	42233	41426
23158	24110	42242	41615
23447	23818	41770	41720
23682	23685	41648	41801
24097	23719	41250	41913
24157	23696	41358	41591
24145	24159	41357	41459
24152	23986	41429	41539
24058	24003	41424	41707
24245	23959	41298	41810
24148	23344	41417	42336
24229	23230	41269	42096
24183	23285	41438	41859
24098	23730	41417	41764
24247	23567	41423	41875
24117	23688	41291	41777
24583	23898	40937	41514
24700	23977	41081	41530
24352	24172	41315	41396
24413	24155	41194	41753
24443	23495	41130	41856
24509	23795	41023	41853
24478	23798	41058	41647
24394	23846	41172	41969
24548	23709	41202	41728
24226	23835	41439	41408
23895	24237	41684	41350
23487	24110	42059	41383
23389	23722	42191	41839
23176	23700	42453	41718
23037	23479	42335	42350
23416	23174	42007	42108
23982	23644	41417	41653
23982	23877	41530	41845
23852	23704	41618	41680
24219	23933	41707	41593
23879	23835	41781	41672
23689	23883	41968	41616
23794	24116	41702	41579
23746	23957	41729	41969
23631	23412	41880	42072
23565	23350	42013	42399
23449	23029	42219	42330
23126	23271	42797	42357
22617	23356	43029	42199
22428	23196	42973	42349
22646	22905	42625	42677
23106	22699	42344	43068
23400	22495	42102	43101
23305	22213	42091	43321
23394	22244	42177	43201
22983	22372	42692	43205
22752	22235	42662	43161
22965	22565	42577	42747
23155	22845	42346	42312
23371	23351	42263	42452
23191	22832	42300	42588
23351	22847	42192	42536
23417	23035	42022	42461
23587	23307	41804	42292
23728	23366	41882	41999
23673	23765	41939	41754
23597	23796	42063	41754
23403	23828	42255	41585
23195	23905	42570	41516
23121	24259	42347	40975
23105	24465	42470	40886
23114	24743	42332	40915
23104	24284	42389	41136
23214	24496	42361	41040
23048	24182	42422	41756
23217	23871	41979	41965
23488	23667	41854	41920
23703	23445	41875	42266
23622	23191	42079	42549
23481	22545	41934	43151
23594	22540	41730	42727
23782	22778	41863	42813
23441	22829	41890	42547
23598	23118	41977	42304
23174	23416	42681	41993
22515	23662	43054	41678
22432	24016	43063	41687
22440	24103	43050	41480
22653	23884	42979	41945
22581	23748	43055	41761
22491	23894	43135	41347
22186	24171	43277	41265
22283	24248	43029	41441
22551	24225	42723	41201
23102	24526	42264	41132
23415	24345	42071	41328
23794	24212	41715	41325
23693	23996	41779	41634
23714	23866	41715	41815
23588	23857	42060	41609
23388	23950	42473	41701
22858	23857	42609	41744
22957	23981	42379	41407
23287	23987	42386	41363
23345	24000	41971	41298
23489	24250	41913	41107
23431	24457	42115	40983
23395	24805	42386	40536
23029	25080	42907	40331
22428	25551	43554	39792
22099	25589	43493	39726
21967	26153	43811	39247
21533	26302	43990	39508
21355	26331	44381	39073
21219	26580	44222	39150
21370	26399	44295	39155
21444	26488	44269	38981
21095	26506	44508	38804
20808	26919	44710	38737
20796	26864	44442	38943
21230	26361	44353	39206
21070	26306	44575	39164
21211	26840	44142	38581
21423	27184	44357	38016
21043	27639	44505	37703
21130	28121	44155	36921
21268	29105	44521	36070
20944	29572	44449	35818
21131	29655	44514	35789
20703	29631	44732	35957
20844	29628	44868	35421
20388	30442	45162	34866
20295	30920	45312	34690
20118	30989	45463	34316
19975	31375	45280	34140
20287	31660	45237	33739
20221	31574	45642	33974
20039	31223	45326	34214
20404	30941	44991	34827
20597	30471	44909	35409
20623	30085	45012	35529
20594	29816	44723	36154
20820	29421	44723	36434
21072	29127	44251	36552
21282	28903	43902	36755
21784	28642	43769	37309
21918	27950	43651	37745
21996	28191	43778	37605
21342	27950	44404	37602
20908	28034	44748	37179
20755	28371	44796	37053
20707	28243	44808	37436
20831	27934	44614	37562
20955	28093	44672	37753
21047	27693	44353	38000
21301	27414	44394	38266
21044	27611	44457	38288
20900	26948	44500	38677
21162	26924	44468	38720
21044	26915	44662	38662
20726	27019	44832	38476
20772	26947	44619	38871
21233	26610	44254	38960
21176	26355	44398	39404
21062	26320	44474	39210
21422	26739	44147	38838
21616	26840	43834	38440
21622	26975	43885	38538
21464	27105	44065	38629
21192	26762	44573	39020
20899	26287	44469	39349
20773	26300	44948	39237
20671	26118	44607	39454
20967	25811	44434	40077
21254	25412	44225	40254
21509	25416	43941	40276
21700	25241	43704	40349
21955	25137	43561	40546
22167	25052	43156	40398
22301	25193	43128	40538
22813	24680	42707	41094
23067	24656	42479	40957
22786	24317	42677	41350
22710	24337	42913	41261
22848	24157	42540	41112
23107	24358	42325	41315
23266	23966	42141	41924
23435	23714	42107	41948
23303	23651	42497	42204
23224	23277	42212	42288
23407	23233	41864	42200
23554	23456	41958	42301
23922	23476	41679	42320
23860	23166	41771	42443
23665	23247	41926	42392
23683	23176	41750	42296
23828	23357	41725	42238
23857	23227	41752	42484
23583	23380	41904	42225
23496	23367	42042	42171
23069	23399	42572	42006
22664	23717	42978	41817
22574	23586	42895	41854
22484	23997	42942	41370
22614	24047	42862	41508
22891	24114	43060	41432
22383	24206	43075	41422
22329	23956	43256	41862
22316	23639	43143	42077
22382	23463	43058	41883
22292	23642	43105	42040
22521	23410	43209	42126
22436	23259	43222	42108
22312	23374	43241	41984
22034	23698	43410	41823
21973	24184	43283	41298
22317	24123	43147	41479
22398	23779	43253	41920
21941	23620	43735	41937
22032	23495	43415	42096
21903	23416	43707	42226
21718	23238	43856	42334
21542	23644	43852	41776
21570	23993	43864	41433
21495	24260	43839	41105
21461	24538	44021	40857
21360	24688	44202	40787
21404	24634	44334	40989
21141	24695	44272	40868
21410	24457	43877	41145
21975	24612	43493	40827
21922	24572	43506	40987
21955	24506	43455	41178
22099	24388	43207	41226
22425	24205	43052	41349
22591	24168	43182	41689
22633	23763	42811	41790
22903	23691	42628	41681
22999	24193	42640	41283
22785	24560	42829	40694
23127	24980	42358	40621
23106	24946	42234	40371
23287	25046	42081	40367
23471	25183	41762	40197
23802	25391	42008	40225
23099	25244	42406	40412
23108	24947	42566	40536
22910	25021	42882	40577
22463	25141	43125	39998
22394	25421	43190	39960
22395	25458	43117	40226
22398	25441	43065	40181
22406	25300	43247	40111
22162	25760	43308	39728
22144	25674	43487	39699
22302	25654	43175	39891
22243	25642	43153	39797
22642	25661	42854	39954
22785	25542	42734	40109
22891	25507	42593	40062
22702	25088	42949	40853
22439	24380	42933	41047
22753	24208	42805	41308
22643	24156	42957	41380
22582	24167	42805	41302
22578	24324	42975	41020
22462	24535	42873	41249
22561	24536	42775	40829
22800	24361	42925	41242
22456	24420	42960	40988
22740	24737	42489	40638
22813	24790	42616	40956
22827	24567	42708	40963
22903	24411	42771	41097
22918	24580	42637	40934
23053	24540	42757	41033
22778	24431	42720	41010
22746	24321	42701	41414
22941	23982	42190	41822
23383	23386	42061	42531
23499	22691	41736	42944
23842	22700	41468	42863
24182	22934	41309	42568
24301	23116	41011	42412
24629	23160	40897	42495
24836	23208	40495	42162
24979	23500	40327	42059
25085	23285	40364	42373
25320	23119	40315	42327
25284	23368	40220	41914
25362	23918	40286	41382
25136	24060	40496	41223
24857	24448	40784	41240
24627	24386	40653	41050
25159	24695	40272	40698
25235	24803	40298	40686
25471	24877	40061	40569
25553	24861	40012	40729
25436	24797	39818	40602
25914	25076	39288	40479
26337	25308	39148	39910
26455	25686	38816	39614
26819	25677	38319	40080
27191	25389	38687	40090
26796	25266	39026	40176
26296	25305	39092	40166
26277	25591	39359	39939
26071	25431	39727	40346
25670	25245	39917	40416
25366	25048	40204	40577
25744	24936	39762	40365
25879	25129	39677	40528
25668	25024	39470	40686
26087	24675	39437	40867
26086	24861	39428	40403
25867	24936	39531	40642
26273	25140	39406	40462
25919	25083	39647	40297
25760	24935	39818	40550
25755	25003	39848	40741
25240	24840	40204	40549
25329	25069	39954	40365
25506	25263	40025	40101
25534	25503	40001	40087
25803	25400	39795	40335
25785	25348	39517	40152
26150	25384	39462	39973
26131	25399	39127	40291
26500	25318	39010	40330
26395	25263	39103	40242
26519	25392	38862	40030
26731	25746	38610	39611
27119	25996	38449	39495
27112	26049	38539	39395
27201	26030	38189	39496
27429	26031	37895	39561
27714	25931	37669	39790
27672	25592	37887	39885
27378	25862	38233	39601
27147	25832	38376	39713
27148	25866	38173	39785
27197	25881	38487	39449
27018	26086	38501	39491
26878	26040	38396	39579
27118	26069	38748	39377
26537	26041	39168	39509
26330	26367	39468	39283
26388	26162	39385	39356
26117	26054	39267	39667
26173	25839	39200	39726
26379	25978	39172	39421
26076	26353	39439	39110
26108	26376	39472	39225
25972	26449	39411	39164
26197	26514	39244	39293
26445	26065	39021	39660
26777	25887	38617	39606
26968	25923	38715	39680
26706	25769	38913	39940
26233	25640	39588	39903
26027	25929	39196	39712
26326	25913	39055	39778
26360	25658	39277	40079
26316	25289	39064	40393
26614	25225	38952	40518
26701	25014	38981	40592
26422	24972	39046	40470
26460	25032	39145	40555
26353	24954	38993	40743
26544	24837	39080	40829
26460	24919	39170	40653
26318	24723	39582	40853
25779	24615	40114	40844
25222	24638	40249	41059
25292	24316	40279	41392
25318	23987	40013	41728
25268	23874	40462	41837
24955	23947	40705	41596
24493	23704	41162	41790
24152	23761	41635	41888
24091	23713	41342	42020
24264	23498	41222	42135
24610	23530	40824	41915
24835	23755	40618	41778
24896	23992	40484	41452
25148	24199	40490	41297
24996	24179	40465	41560
25358	23787	39963	41765
25577	23746	39957	41648
25641	23869	40168	41710
25284	23929	40069	41436
25328	24019	40281	41921
25320	23574	40313	41967
25206	23435	40134	41933
25394	23696	40250	41773
25268	23871	40356	41302
25123	24359	40667	41024
24750	24720	40644	40771
24999	24960	40374	40582
24866	24998	40687	40384
24865	25434	40742	39632
24721	26146	40962	39191
24738	26376	40722	39185
24672	26296	40730	38788
24938	27050	40482	38351
25170	27195	40346	38338
24916	27385	40745	37986
24664	27340	40892	38253
24714	27335	40746	38329
24844	27293	40874	38025
24589	27527	41199	37911
24110	27616	41652	37880
23842	27489	41903	37723
23464	27704	42189	37824
23203	27585	42171	37881
23418	27719	42012	38203
23538	27667	42005	38135
23481	27374	42097	38103
23279	27420	42306	37959
23026	27548	42576	37668
22945	27860	42595	37560
22791	27754	42822	37745
22869	27849	42585	37448
23032	28163	42426	37110
23355	28410	42311	36931
23170	28471	42136	36958
23345	29028	42263	36164
23450	29333	41593	36000
24182	29674	41151	35924
24582	29671	40879	35775
24710	29669	40749	35817
24637	29926	40902	35346
24755	30321	40840	35458
24485	30149	41164	35645
24112	29373	41390	36317
24173	28942	41359	36817
24268	28422	41249	37351
24021	28010	41772	37356
23857	28248	41522	37086
23904	28581	41560	36989
23928	28560	41468	37132
23998	28474	41464	37075
24064	28638	41703	36680
23964	28851	41716	36931
23977	28472	41573	37318
24087	27671	41372	38128
24229	27406	41196	38357
24366	27499	41156	37851
24524	27884	40596	37601
25131	27963	40431	37653
25196	27871	40207	37856
25578	27535	39911	38363
25682	27318	39673	38308
25662	27162	40027	38540
25445	26604	40075	39120
25636	26276	39902	39178
25625	26140	39796	39398
25808	26220	39508	39345
26123	26206	39495	39167
25973	26133	39261	39647
26005	25735	39767	40063
25865	24918	39749	40653
25593	24902	39862	40865
25637	24672	40060	40774
25427	24541	40218	41299
25528	24416	39720	41208
25999	24382	39358	41050
26463	24535	38969	41085
26948	24453	38336	40994
27050	24298	38551	41603
26788	23898	38754	41429
26739	23909	38745	41621
27119	23893	38133	41737
27355	23979	38194	41526
27361	23892	37862	41446
27518	24315	38041	41157
27399	24299	38425	41286
26831	24090	38826	41204
26420	24456	39366	40953
25989	24707	39478	40828
26131	24846	39478	40830
25879	24622	39798	40878
25411	24518	40345	40995
24865	24811	41000	40689
24667	25039	40846	40538
24692	25066	40917	40648
24716	24879	40747	40788
24815	24591	40585	41099
24852	24570	40592	40976
24951	24380	40563	40994
24976	24523	40619	40807
24844	24696	40726	40751
24740	24825	40898	40843
24470	24636	41264	40920
24356	24427	41139	41119
24614	24277	40980	41319
24680	24243	40949	41511
24582	24167	40974	41758
24507	23967	41177	41435
24047	24106	41664	41454
23872	24089	41585	41666
23947	23905	41699	41709
23968	23876	41571	41577
23882	23995	41608	41260
23725	24236	41673	41203
23958	24163	41592	41499
23978	24288	41617	41332
23821	24544	41662	41041
23891	24759	41567	40818
24077	24653	41330	40957
24345	24782	41104	40632
24272	24897	41388	40556
23827	24969	41781	40423
23526	25291	42193	40095
23193	25744	42654	39533
22911	26208	42641	39079
22943	26371	42554	39123
23003	26683	42533	38734
23149	26902	42461	38453
23250	26709	42404	38781
23003	26792	42785	38865
22617	26627	42949	38723
22691	26989	42638	38448
22767	27414	42830	38080
22622	27489	42843	38151
22562	27152	42867	38281
22589	27359	42755	38322
22947	26997	42737	38691
22810	26791	42550	39017
23125	26486	42223	38879
23220	26806	42172	38701
23217	26847	42429	38732
22871	26806	42914	38817
22411	26599	43384	38782
21971	26720	43564	38714
21924	26955	43588	38678
21774	26632	44016	38780
21305	26474	44269	38857
21349	26814	44185	38520
21315	26965	44523	38690
20966	27054	44654	38457
20742	26968	44836	38587
20877	26868	44777	38596
20883	26804	44829	38577
20697	27074	44656	38571
20937	27237	44558	38235
20937	27191	44671	38609
21008	26852	44528	38355
20881	27400	44344	37806
21420	27567	44275	38010
21344	27548	44309	37822
20849	27511	44637	38254
20792	27351	45164	38145
20191	27363	45479	38161
19730	27246	45858	38156
19773	27481	45803	37909
19819	27792	45568	37527
20087	28234	45425	37250
20185	28333	45160	37367
20281	28173	45388	37082
20121	28607	45321	36871
19960	28668	45505	36793
19993	28764	45445	36809
20207	28577	44982	37323
20506	28259	44897	37286
20673	28321	44765	37208
20602	27889	44965	37466
20442	27992	45137	37347
20391	28347	45241	36984
20278	28290	45235	37267
20326	28255	45110	37464
20095	28246	45398	37210
20189	28508	45177	36647
20195	28970	45632	36481
20144	28866	45269	36688
20439	28789	45105	36846
20364	28665	45096	37008
20398	28396	45267	37210
20055	28255	45232	37384
20434	27926	45086	37824
20779	27647	44783	38122
20767	27267	44933	38516
20638	26938	45008	38498
20816	27081	44518	38609
21155	27020	44543	38618
20812	26976	44861	38507
20737	27344	44716	37884
20796	27796	44890	37575
20665	27876	44605	37891
21001	27846	44314	37512
21308	27996	44165	37555
21443	28258	43808	37187
21647	28650	43791	36851
21636	28862	43710	36816
21759	28852	43697	37096
21801	28352	43682	37209
21891	28300	43794	37233
21672	28359	44121	37111
21472	28087	44079	37668
21395	27842	44345	37820
21133	27648	44347	37880
21110	27830	44131	37517
21529	27892	44148	37482
21392	27928	44040	37573
21467	28004	44052	37471
21528	28230	44152	37269
21359	28378	44393	36823
21265	29269	44126	36086
21493	29502	43977	36109
21375	29516	44314	35819
21079	29533	44463	36107
20779	29234	44826	36538
20829	28983	44840	36699
20686	28664	44899	36823
20492	28717	44989	36678
20640	28828	44971	36923
20670	28396	44940	37300
20364	28305	45446	36849
20107	28749	45203	36936
20296	28814	45155	36777
20424	28941	44635	36637
20984	29010	44283	36668
21349	28703	44254	36720
21126	28791	44202	36770
21493	28880	44022	36580
21461	29020	44060	36313
21554	29222	43972	36213
21786	29432	43611	36035
22122	29493	43527	35862
21961	29472	43512	36260
21985	29116	43618	36335
21825	29145	43541	36703
21960	28611	43563	37205
22062	28245	43479	37608
21877	27926	44131	37634
21046	27886	44759	37745
20819	27784	44892	37730
20448	27591	45457	38003
19997	27532	45562	37769
19755	28072	45830	37505
19650	28053	45848	37499
19466	27730	46115	37720
19228	27880	46125	37778
19537	27749	46039	37873
19419	27856	46006	37505
19381	27839	46043	37643
19636	27856	45671	37803
19656	27622	46003	37766
19589	28059	46061	37434
19174	28126	46583	37168
19020	28544	46399	36818
19285	29017	46466	36481
19089	28977	46515	36634
18677	29305	46962	36252
18746	29227	46813	36272
18717	29484	46990	35895
18478	29773	47154	35867
18319	29507	46982	35987
18439	29594	47083	35790
18372	30143	47357	35252
18367	30358	47200	35078
18270	30560	47396	34671
18069	30981	47370	34582
18430	31071	47200	34490
18288	31166	47401	34288
18121	31279	47385	34237
18016	31193	47708	34467
17700	31040	48097	34554
17652	30990	47656	34521
17869	31093	47449	34571
18118	30935	47509	35118
18191	30136	47190	35331
18167	30403	47218	35297
18507	30288	47011	35303
18562	30235	46796	35402
18850	29907	46378	35588
19531	29924	45617	35863
20052	29600	45438	36138
20043	29426	45425	35983
20224	29542	45098	36144
20513	29409	44961	35989
20706	29599	44778	35835
20792	29794	44801	35766
20845	29645	44552	35860
20835	29786	44618	35545
21071	30323	44318	35054
21568	30423	44094	35063
21439	30441	44011	35035
21463	30512	44277	34835
21170	30940	44311	34656
21238	30765	44339	35265
20932	30016	44541	35638
21048	30228	44413	35117
21359	30739	44227	35098
21498	30698	43878	34816
21526	30500	44070	35068
21458	30537	44265	34817
21356	30869	44347	34394
21205	31206	44436	34501
21135	31059	44359	34543
21369	30631	44018	34761
21401	30606	44264	34751
21334	30663	44306	34849
21176	30409	44251	35404
21167	29977	44245	36087
21387	29442	44263	35960
21209	29489	44420	36016
20961	29465	44593	36166
21105	29426	44570	36226
20976	29222	44634	36132
20600	29325	44787	36136
20921	29412	44356	35976
21470	29707	43844	35737
22093	29937	43456	35435
21735	30012	43784	35537
21777	29934	43682	35438
21867	30306	43720	35211
21696	30339	43688	35261
21918	30417	43537	35433
22028	30060	43834	35887
21599	29707	43910	36171
21662	29430	43994	36038
21614	29567	44263	35814
21374	29466	44180	36005
21209	29458	44613	36116
20811	29489	44499	36089
21000	29508	44572	36291
21009	29263	44503	36300
21204	29401	44266	36326
21465	28866	43837	36815
21614	28803	43744	36987
21545	28660	43965	36790
21764	28852	43418	36936
22229	28356	43289	37264
22101	28569	43447	36967
22096	28558	43553	36664
21959	29053	43716	36493
21642	29160	43945	36249
21636	29145	43724	36296
22010	29073	43311	36211
22354	29059	42955	36313
22601	29290	42868	36344
22754	29171	42537	36460
23025	29306	42338	36183
23519	29316	41836	36253
23716	29411	41748	35864
23767	29450	41810	35840
23825	29954	41967	35753
23459	29580	42188	35934
23002	29933	42501	35398
22904	30085	42665	35580
22739	29971	42919	35376
22546	30508	43258	35006
22593	30502	42891	35056
22904	30668	42605	34883
22909	30674	42488	35020
22764	30535	42681	35156
23141	30330	42385	35237
23042	30489	42634	35073
22659	30531	43157	35161
22384	30538	43252	35232
22021	30284	43637	35456
21811	29863	43685	35972
21621	29515	44093	36161
21202	29307	44387	36108
20954	29223	44425	36351
21098	29139	44056	36626
21603	28841	44064	36830
21385	28706	44165	36687
21435	28923	44239	36444
21207	28869	44377	36518
21407	29059	44185	36265
21621	29484	43893	35809
21559	29874	44127	35550
21291	29712	44338	35821
21311	29850	44411	35482
20967	29849	44728	35539
21024	29929	44443	35652
21207	30049	44261	35560
21298	30052	44308	35757
21194	29913	44304	35663
21072	30206	44417	35070
20950	30558	44438	34588
21412	30980	44004	34588
21571	31099	44062	34398
21860	31199	43620	34331
21982	31182	43458	34340
22106	31083	43366	34211
22480	31435	43329	33823
22046	31874	43739	33429
21801	32258	43629	33476
21965	32013	43292	33342
22275	32173	43137	33480
22327	32009	43227	33625
22250	31899	43496	33465
21987	32122	43537	33399
21916	32036	43640	33613
21855	31741	43794	33697
21610	31841	43982	33669
21304	31854	44301	33617
21165	31812	44551	33915
21018	31890	44684	33696
20667	31864	44949	33544
20710	31916	44709	33410
20853	32129	44465	33406
21240	31850	44235	33942
21240	31722	44394	33965
20997	31383	44546	34167
21204	31287	44219	34552
21540	30956	43772	34522
22028	30809	43112	34968
22668	30490	42738	35124
22668	30191	42638	35542
23199	30070	42206	35481
23260	30062	42371	35465
22998	30256	42615	35284
22931	30135	42370	35365
23319	30001	42210	35252
23394	30217	41956	35200
23482	30615	42058	35152
23534	30209	42008	35214
23709	30326	41696	35249
24000	30148	41842	35284
23829	30147	41826	35510
23509	30065	42139	35655
23249	29900	42444	35542
23025	29896	42381	35829
23329	29735	42229	35893
23551	29530	42043	35949
23651	29830	41848	35834
23783	29560	41833	35896
23629	29518	42198	35950
23510	29688	41849	35744
23681	29594	41750	35924
23566	29526	42200	36341
23551	28887	41806	36835
23867	28818	41547	36955
23905	28532	41663	36960
24071	28493	41632	37058
23544	28479	42248	36866
23132	28684	42477	37015
22815	28448	42703	36864
22701	28657	43013	36876
22725	28645	42826	36776
22674	28509	42843	37108
22896	28249	42790	37151
22685	28304	42799	37324
22542	28495	43032	36996
22684	28672	42827	36739
22617	28583	42809	36945
22689	28739	42636	36843
22978	28753	42681	36818
22935	28540	42681	37151
22926	28175	42581	37689
23049	27819	42613	37608
22815	27909	43007	37492
22561	27823	43022	37508
22335	27913	43387	37663
22031	27877	43580	37494
21998	28185	43592	37021
21820	28384	43782	37028
21579	28533	43819	37031
21652	28356	43981	37273
21259	28146	44180	37477
20917	27952	44599	37493
20742	27994	44531	37578
20781	27749	44693	37826
20908	27915	44694	37768
20915	28185	44897	37149
20425	28470	45324	36837
20011	28804	45661	36519
19957	29026	45695	36779
19789	28762	45569	36461
19971	29308	45521	36238
19949	29244	45887	36510
19820	29132	45521	36349
20003	29403	45660	36069
20009	29670	45485	35713
19967	30034	45192	35476
20469	30223	44915	35143
20643	30334	44774	35390
20873	29989	44735	35570
20888	29763	44647	35765
20995	29559	44509	36139
21140	29286	44162	36285
21423	28954	44160	36647
21606	28905	43831	36648
21705	28963	43784	36573
22105	29054	43454	36295
22147	29290	43347	36249
22110	29253	43741	36361
21873	29223	43654	36291
21992	29445	43507	36123
21974	29308	43899	36099
21656	29337	43903	36281
21619	29356	44068	36009
21558	29625	44066	35713
21332	29981	44083	35486
21504	29968	43882	35839
21663	29333	43788	36327
21672	29004	44005	36842
21507	28694	44063	36703
21413	28759	43957	36476
21825	29028	43671	36452
21795	28961	44022	36182
21405	29411	44084	36223
21701	29253	43750	36174
21812	29748	43623	35669
21761	29713	43889	35835
21479	29641	44235	35676
20977	29719	44700	35869
20765	29541	44636	35951
20933	29618	44866	36091
20766	29330	45056	36080
20414	29556	45184	35948
20416	29714	45174	35908
20315	29616	45194	36055
20122	29589	45427	35955
19946	29455	45451	36271
20027	29299	45572	36363
20182	28680	45619	36944
19482	28385	45953	37150
19879	28334	45694	36941
19829	28525	45673	36746
19648	28638	46029	36819
19468	28534	46223	37407
19245	27923	46100	37523
19317	27951	46117	37387
19549	28405	45905	37041
19598	28686	45869	36734
19616	28926	45885	36495
19684	28811	45465	36640
20157	28910	45413	36500
20012	29152	45550	36231
20239	29290	44792	36368
20801	29106	44792	36407
20743	29167	44862	36615
20599	29087	45056	36456
20542	28950	44823	36479
20651	28900	44523	36642
20940	28815	44146	36774
21442	28608	44322	37042
21253	28377	44413	37313
21003	28019	44865	37466
20940	28189	44698	37120
20862	28523	44501	37069
21468	28372	43895	37452
21767	28133	43564	37409
21879	28085	43844	37453
21521	28019	44234	37349
21080	28169	44578	37154
20910	28398	44673	37224
20634	28671	44848	36644
20430	29112	45030	36528
20319	29134	45353	36428
20039	29162	45396	36298
20158	29556	45295	35734
20197	29739	45337	35552
20511	29823	44965	35696
20775	29645	44561	36209
21020	29078	44670	36542
20928	28803	44783	37025
20742	28331	44861	37011
21078	28344	44371	37261
21245	28103	43884	37464
21837	28096	43684	37348
22174	28377	42983	36949
22784	28447	42536	37388
22937	27847	42399	37758
22970	27940	42398	37345
23118	28196	42272	37294
23131	28449	42598	37133
22967	28288	42637	37062
23143	28708	42289	36668
23017	29028	42600	36632
22863	29101	42887	36538
22417	28970	43277	36547
22250	29306	43170	36105
22280	29657	43153	35775
22231	29878	43733	35818
21817	29590	43595	35832
22021	29886	43328	35372
22389	30503	43312	35044
21954	30910	43733	34502
21958	31074	43490	34635
22318	30937	43114	34705
22337	30863	43336	34665
22117	30852	43249	34809
22443	30695	43133	34761
22754	30561	42746	35032
22957	30231	42446	35306
23295	29979	42229	35882
23286	29419	42438	36310
23230	28920	42520	36585
22654	28900	43186	36718
22386	28780	43025	36790
22804	28864	42995	36782
22379	28626	43427	37275
21980	28224	43558	37226
22012	28339	43227	37288
22347	28286	43086	37206
22693	28329	42693	37146
22986	28240	42493	37386
22945	28287	42663	37260
22770	28172	42423	37436
23246	28054	42638	37662
22722	27921	43010	37691
22445	27834	43383	37727
22084	27582	43204	37855
22444	27705	43238	37567
22137	28184	43653	37167
21728	28103	43960	37235
21404	28057	44334	37475
21013	27803	44452	37746
21169	27757	44387	38124
21501	27525	43799	37889
21860	27506	43683	38060
21836	27640	43951	38037
21331	27314	44225	38376
21386	27416	44082	37876
21396	27807	44233	37901
21319	27741	44125	37835
21542	27991	43907	37345
21734	28504	44102	36970
21212	28658	44364	36506
21268	29618	43990	35762
21420	29655	44283	35969
20944	29705	44641	35659
20786	30016	44737	35268
20753	30328	44608	35484
20800	30214	44862	35368
20470	29971	45308	35443
19667	30069	46089	35322
19459	30125	46285	35147
19100	30499	46682	35145
18758	30359	46786	35271
18516	30230	47238	35361
18200	29873	47211	35836
18176	29414	47012	36227
18990	29320	46365	36028
19377	29477	45980	36094
19488	29559	45963	35883
19562	29768	46099	35865
19203	29718	46726	35860
18783	29499	46698	35963
19070	29447	46389	35954
18968	29390	46535	36116
19172	29431	46214	36012
19065	29663	46536	36232
18988	29044	46633	36839
18874	28486	46585	37219
19173	28421	46418	36850
19216	28943	46147	36331
19600	29344	45905	36047
19892	29748	45491	35630
20015	30190	45402	35151
20084	30450	45352	34854
20139	30818	45411	34835
20110	30748	45488	34771
19938	30771	45579	34554
20020	31068	45665	34644
19810	30896	45572	34459
20012	31395	45482	33910
20134	31952	45267	33449
20139	32105	45350	33539
20317	31937	45193	33277
20459	32211	45083	33009
20373	32520	45340	33192
20019	32444	45513	33195
20023	32491	45519	32907
19773	32619	45835	32903
19856	32588	45560	33017
20214	32595	45363	32855
20299	33188	45152	32277
20389	33639	45250	31902
20353	33898	45248	31316
19913	34486	45539	30695
19983	35136	45414	30635
20034	34975	45509	30716
19967	34811	45500	30831
19830	34747	45887	30762
19644	34571	45821	30942
19836	34669	45559	30807
20101	34758	45591	30672
19886	35004	45679	30362
20041	35122	45271	30689
20545	34540	44747	30906
20943	35018	44820	30349
20924	35270	44674	30504
20849	35014	44681	30750
20896	34759	44616	30636
21019	35019	44278	30548
21386	34917	44105	30916
21454	34391	44109	31193
21327	34310	44068	31419
21563	34473	44039	31036
21359	34273	44219	31122
21180	34433	44378	31182
21163	34314	44294	31045
21392	34573	44136	31158
21375	34270	44345	31376
21219	34195	44351	31143
21227	34309	44564	31244
21147	34459	44445	31082
21315	34532	44026	31195
21873	34316	43798	31205
21515	33827	44388	31704
20763	33600	45067	31927
20611	33816	44902	31813
20611	33657	44971	31707
20482	33903	45359	31721
20114	33886	45284	31600
20203	33941	45223	31477
20193	34069	45321	31454
19986	34121	45618	31491
19793	33904	45693	31794
19893	33844	45521	31796
20210	33734	45499	31989
19879	33414	45566	31705
20056	34011	45618	31577
19778	34009	45709	31482
19784	33904	45781	31666
19468	33861	45728	31325
20127	34076	45147	31453
20339	33902	45009	31499
20388	34253	45253	31303
20323	34335	45185	31118
20465	34541	45154	30734
20476	34871	44931	30604
20456	35016	45026	30563
20654	35149	44674	30224
20962	35415	44373	30005
21226	35507	44506	30106
20985	35531	44774	30152
20661	35342	45092	30108
20045	35663	45273	29591
20167	35746	45442	29797
20230	35691	45411	29803
19957	35839	45806	29784
19586	35700	45887	29859
19610	35892	45899	29272
19566	36438	45931	28965
19713	36730	46144	28629
19085	36768	46239	28746
19358	36820	46099	28661
19491	37007	45910	28440
19618	37162	45988	28590
19321	36601	46232	29128
19265	36272	46296	29182
19432	36718	45860	28784
19876	36823	45778	28347
19524	37090	46095	28488
19572	36911	45813	28518
19872	37172	45738	28159
19800	37621	45851	27892
19831	37761	45575	27534
19955	38252	45683	27164
19831	38152	45648	27406
20084	37957	45071	27514
20548	38072	44997	27508
20429	37892	45118	27587
20312	38063	45475	27482
20130	38309	45232	27307
20404	38406	45154	26883
20473	38943	45246	26446
20392	39196	45254	26250
20526	39259	44810	26499
20493	39180	45246	26228
19989	39297	45485	26309
19712	39372	45905	26272
19546	39354	45909	26536
19656	39029	45836	26349
19883	39390	45571	26163
19880	39295	45714	26194
19811	39097	45683	26652
19770	38803	45586	26836
19796	38680	45511	26668
20053	39139	45408	26027
20328	39777	45127	25728
20441	39631	45234	26182
20339	39220	45066	26389
20646	38985	44619	26579
20967	39163	44658	26326
21064	39359	44314	26284
21369	39231	44276	26398
21164	39080	44349	26385
21214	38991	44467	26837
21174	38719	44385	26954
21313	38612	44444	26848
20996	38729	44861	26773
20361	38779	45344	26578
19644	38774	46111	26986
19333	38461	46322	27051
19107	38321	46508	27492
18874	38075	46708	27434
18600	38312	46973	27109
18471	38105	46860	27543
18453	37956	46806	27685
18669	37542	47072	28110
18133	37231	47559	28329
17895	36810	47440	29011
18221	36238	47210	29496
18542	35740	47018	29757
18656	35670	46801	29771
18730	35681	46881	29669
18646	36088	46722	29317
18978	36428	46424	29074
19237	36654	46086	28854
19602	36557	45809	29060
19936	36585	45462	28887
20326	36805	45069	28817
20451	36648	45208	29102
20406	36459	45273	29244
20089	36288	45295	28898
19974	36765	45606	28830
19945	36712	45640	28688
19906	36796	45667	28300
19960	36991	45201	28541
20279	36909	45385	28567
20056	37086	45705	28483
19765	37310	45519	27909
20110	37603	45517	27676
19821	37879	45648	27792
19741	37908	45893	27897
19634	37526	46085	28019
19629	37481	46055	28114
19615	37547	45650	28048
20289	37446	45223	27970
20647	37760	44485	27569
21316	37962	44094	27549
21735	38168	43537	27406
22267	37976	43269	27499
22324	38048	43174	27568
22330	37918	43321	27657
22061	37855	43299	27761
22346	37548	43431	27974
21994	37174	43514	28391
21767	37050	43644	28497
21889	37020	43799	28424
21615	37360	43901	27868
21341	37800	44271	27729
21150	37839	44532	27888
20910	37796	44809	27616
20688	38219	44832	27078
20580	38739	44745	26850
21025	39047	44460	26522
21110	38849	44356	26783
21204	38754	44166	26746
21381	38696	44154	26820
21398	38630	44255	27069
21142	38278	44463	27080
21047	38348	44579	27290
21082	38159	44611	27716
20659	37729	45046	28039
20377	37261	45311	28360
20228	37215	45300	28488
20028	37100	45572	27957
19847	37323	45956	28485
19735	37294	45594	28044
20193	37736	45000	28002
20669	37568	44934	28032
20462	37345	44914	28136
20633	37414	44928	28316
20893	37328	44728	28331
20806	37142	44799	28404
20658	37021	44960	28484
20651	36930	45015	28870
20689	36829	44845	28775
20662	36717	44991	28886
20194	36608	45313	29203
20242	36245	45416	29243
20122	36196	45366	29299
20312	36296	45264	29136
20388	36446	45128	29364
20424	36119	45303	29335
20021	36142	45444	29497
20226	35557	45116	30021
20517	35379	44984	30146
20653	35401	44836	30224
20775	35318	44697	30317
20944	35133	44475	30266
21092	35665	44579	29889
21142	35597	44324	29784
21183	35856	44543	29585
21143	35731	44734	29804
20946	35693	45056	29653
20339	35998	45371	29326
19955	36365	45832	28966
19715	36806	45631	28821
19702	36646	45683	28838
19853	36775	45652	28959
19764	36160	45832	29629
19615	36060	46222	29497
19236	35968	46614	29554
19130	35831	45931	29684
19676	35935	45729	29594
20102	35990	45652	29364
20112	36280	45407	29225
19976	36379	45485	28927
19851	36817	45380	28695
19988	37109	45578	28252
19964	37369	45732	28451
19469	37011	46370	28408
19242	37135	46463	28249
18955	37118	46830	28678
18677	36817	46663	28521
18899	37019	46898	28363
18455	37332	47086	28360
18490	37369	46984	28035
18659	37769	46661	27677
18995	37851	46373	27738
19180	37757	46343	27945
19096	37668	46307	28051
19212	37726	46407	27305
19132	38544	46270	26955
19278	38661	46166	27086
19308	38703	46426	26867
19195	38611	46412	26968
19349	38384	46017	27124
19587	38276	45878	27090
19708	38477	45899	27141
19928	38454	45589	26960
20079	38688	45450	26865
20002	38712	45298	26829
20171	38860	45232	26478
20438	38960	44776	26391
20937	39310	44521	26505
21157	38993	44216	26442
21353	39175	44273	26041
21202	39425	44503	26162
20766	39228	45087	26268
20299	39308	45218	26496
20287	39180	45301	26461
20096	38953	45612	26816
19973	38740	45596	26996
19635	38747	45866	26950
19659	38653	45822	26629
19691	38977	45899	26359
19767	39259	45926	26209
19506	39209	46049	26324
19639	39180	45882	26280
20005	39359	45512	26048
20170	39751	45290	25814
20257	39727	45303	25722
20232	39757	45303	25899
20025	39509	45541	26037
20190	39498	45538	26200
20092	39384	45411	26184
20136	39437	45376	26085
20244	39572	45071	26041
20506	39554	44975	26006
20489	39608	45225	25912
20266	39301	45571	26478
19919	38917	45488	26588
20159	38835	45558	26674
19784	38797	46173	26904
19623	38436	45962	27429
19324	38054	46316	27767
19551	37452	45941	28144
19539	37467	46119	28336
19611	37174	45742	28239
19922	37462	45818	28285
19955	37201	45838	28297
19775	37466	45862	27956
19726	37590	45701	27908
19912	37701	45513	27726
20244	37725	45277	27717
20111	38001	45460	27570
20081	38115	45287	27311
20236	38214	45519	27461
19925	37911	45796	27630
19853	37952	45720	27429
19938	38201	46047	27146
19301	38175	46167	27393
19407	37893	46241	27828
19395	37852	46182	27868
19151	37559	46572	28090
18736	37645	46747	27951
18747	37645	46497	28112
18978	37243	46497	28201
18952	37286	46732	28347
18614	37099	47135	28302
18496	36972	46766	28560
18934	36873	46546	28651
19389	36855	46090	28379
19838	37306	45614	28358
19985	37168	45300	28254
20305	37105	45233	28399
20488	36987	44918	28157
20916	37259	44669	28147
20904	37333	44661	28039
20893	37674	44802	27858
20702	37671	44933	27776
20311	37662	45275	27921
20581	37514	44967	28087
20715	37216	44454	28354
21213	37327	44318	28137
21277	37150	44437	28525
21152	36788	44123	28962
21399	36556	44259	29437
21305	35536	44373	30024
21153	35571	44448	29504
21098	36073	44466	29343
20821	36135	44710	29521
20895	36156	44545	29244
21103	36269	44233	29348
21681	36176	43846	29390
21842	36421	43583	29408
21991	36047	43832	29559
21838	35954	43358	29496
22409	35893	43081	29748
22600	35729	42866	29760
22629	35693	42657	30037
22861	35265	42785	30566
22506	34991	43434	30684
22061	34832	43597	30894
21698	34499	43772	31071
21564	34241	43916	31579
21644	33868	44024	31665
21471	33960	44061	31744
21609	34178	43945	31287
21418	34263	44260	31432
20980	34139	44520	31236
21159	34152	44384	31238
21247	34270	44115	31607
21492	33884	43827	31640
22110	34041	43492	31541
22267	34180	43374	31140
22167	34396	43167	30979
22238	34692	43340	30288
22343	35232	43218	30510
22307	35182	43419	30337
21663	35304	44090	30284
21310	35250	44086	30382
21505	35286	44101	30298
21263	35412	44342	29578
21196	35760	44359	29835
21333	35797	44233	29666
21477	35892	44344	29638
21274	35988	44415	29639
21083	35985	44449	29394
21224	36208	44309	28992
21286	36562	44191	28750
21580	36824	43794	28608
21804	36667	43656	28931
21946	36506	43564	29035
21999	36415	43610	29323
21810	36402	43909	28868
21583	36575	43713	28786
21922	36846	43328	28614
22151	36615	43436	28974
21850	36381	43419	29164
22425	36503	42841	29215
22652	36333	42828	29107
22882	36183	42889	29254
22588	36434	42832	28936
22695	36693	42867	28883
22749	36474	42548	29039
23222	36451	42508	29101
22839	36501	42922	28830
22390	36972	43378	28511
21937	36912	43660	28362
21954	37177	43526	28314
21925	37276	43705	28199
21912	37532	43484	27976
22237	37635	43342	27897
21861	37255	43598	28505
21758	36898	44061	28648
21409	36844	44271	28551
21133	36901	44570	28657
20827	36839	44663	28450
20929	37011	44527	28329
21235	37371	44381	28138
21067	37320	44499	28055
20937	37593	44691	27983
21138	37596	44347	27913
21305	37751	44161	27704
21448	37853	43880	27834
21668	37763	43862	27691
21580	37900	43947	27805
21514	38038	44068	27512
21384	37973	44034	27486
21554	37891	44167	27507
21579	38011	43860	27431
21961	38138	43402	27373
22079	38191	43501	27417
22222	38432	43009	27094
22591	38333	42944	27039
22587	38570	42797	26644
22893	38918	42703	26664
22921	38913	42433	26542
23020	39097	42838	26420
22803	39254	42666	26501
22890	39413	42849	25962
22873	39524	42874	26186
22569	39329	43116	26153
22266	39423	43495	26353
22177	39327	43414	26638
22188	38483	43293	27159
22333	38248	43186	27308
22314	38214	43183	27410
22054	38191	43845	27483
21405	37947	44184	28030
21420	37307	44325	28616
21317	37068	44252	28744
21171	36838	44425	28544
21088	37163	44793	28390
20743	36840	44900	28635
20550	36998	44981	28462
20486	36755	44892	28942
20783	36409	44740	29191
20853	36343	44536	29128
20876	36364	44670	29007
21051	36506	44623	28902
20773	36752	44891	28317
20511	37473	44886	28172
20639	37469	44750	28004
20615	37534	44748	27941
20567	37531	45071	28066
20605	37786	44775	27967
20935	37611	44614	27927
20925	37766	44648	27455
20903	38128	44622	26998
21040	38693	44580	26674
20951	39136	44495	26256
21130	39360	44683	26084
20744	39611	44717	25606
20732	40003	44763	25399
20486	40153	45124	25436
20433	40157	44962	25411
20559	40058	44832	25581
20505	40091	45038	25336
20127	40242	45460	25400
20077	40106	45317	25559
20181	40039	45502	25412
20128	39765	45174	25915
20105	39619	45657	25958
19854	39493	45924	26270
19768	39254	45781	26377
19594	39138	46196	26459
19389	39260	46438	26126
19002	39386	46543	26100
18830	39264	46573	26227
19011	39532	46449	26189
19015	39231	46478	26174
18782	39470	46462	26168
18881	39270	46436	26380
19032	39059	46706	26812
18853	38847	46355	26716
19316	38829	45976	26945
19694	38737	45570	27044
20095	38616	45339	26634
20060	39015	45516	26804
19786	38342	46004	27234
19691	38515	45725	27169
19909	38418	45472	26689
20466	38705	45065	26913
20576	38671	44883	26526
20848	39227	44837	25995
20635	39557	44841	26169
20733	39439	44698	25842
20754	39787	45044	25720
20448	39635	44958	25979
20470	39579	45036	25994
20325	39433	45543	26088
19806	39423	45629	26059
19735	39453	45910	26229
19842	39082	45469	26368
20157	39137	45221	26336
20188	39300	45329	25868
20554	39855	44685	25507
21283	40175	44278	25289
21125	40436	44325	25054
21286	40804	44086	24233
21603	41044	43761	24469
21880	40867	43501	24609
22154	40818	43180	24555
22416	40885	42723	24595
22782	40958	42856	24742
22824	40741	42798	24787
22384	40427	43487	25090
21950	40486	43612	25078
21891	40545	43774	24926
21715	40947	43943	24310
21383	41386	44176	24037
21245	41488	44394	24101
21135	41127	44338	24433
20922	40782	44570	24424
20648	41254	44661	24217
21105	41269	44489	24400
21346	40994	43853	24603
21885	40801	43677	24974
21987	40461	43484	25196
22225	40032	43194	25615
22390	40047	42802	25583
22821	40350	42576	25227
22756	40760	42880	24787
22843	40718	42531	24600
23225	41052	41904	24559
23944	41061	41447	24301
24366	41443	40965	24073
24720	41419	40539	24226
25195	41270	40407	24372
25159	41069	40279	24705
25562	40641	40077	25081
25427	40457	40108	24959
25479	40391	40154	25181
25182	40620	40587	24981
24528	40369	41007	25491
24492	40152	40970	25484
24344	39995	41287	25758
24292	39775	41085	25735
24155	39525	41387	26181
23977	39424	41532	26049
23995	39566	41682	25771
23588	39872	41935	25869
23249	39525	42679	26005
22460	39597	43176	26023
21922	39389	43615	26230
21845	39229	43873	26596
21609	38963	43893	26422
21794	39226	43691	26461
21973	39035	43618	26591
21638	38989	44335	26403
21235	39189	44130	26206
21615	39376	44022	25894
21523	39666	44119	25953
21445	39458	43799	25895
21882	39497	43659	26146
21899	39258	43715	26262
21931	39339	43800	25828
21577	39851	43680	25878
22042	39703	43519	25889
22370	39471	43162	26133
22508	39418	42738	26093
22672	39236	43065	26325
22403	39107	43246	26393
22147	39067	43246	26259
22512	39297	43048	26347
22416	39348	43091	26128
22475	39203	43042	26227
22486	39219	43163	26627
22621	38843	42909	26528
22768	38984	42957	26421
22617	39092	42983	26310
22861	39225	42830	26410
22525	39103	42961	26299
22183	39385	43411	26012
21973	39672	43332	25827
22190	39683	43418	25999
22013	39517	43706	25734
21516	39805	44012	25798
21283	39567	44274	25829
20848	39909	44689	25748
20683	39858	45176	25625
20336	40092	45154	25393
20558	40176	44612	25360
21080	40421	44380	24835
21163	40552	44198	25062
21375	40380	44233	24971
21580	40497	43757	24937
21988	40678	43517	24685
22283	40884	43116	24578
22581	41005	43075	24623
22579	40683	42918	24728
22682	40669	42724	24840
22865	40683	42802	24763
22818	40819	42272	24700
23410	40913	42010	24132
23187	41448	42728	23797
22813	41514	42631	23957
22997	41409	42811	24227
22648	41382	42885	24075
22604	41611	42957	23884
22586	41616	42822	23714
22815	42039	42642	23489
23041	42193	42441	23384
23308	42294	42172	23274
23532	42064	41772	23671
23778	41874	41598	23621
23782	41862	41768	23950
23420	41702	42357	23769
23064	41712	42668	23915
22953	41438	42751	24016
22757	41354	42884	24095
22797	41460	42561	24337
23233	41191	42522	24377
23059	41523	42236	23936
23191	41813	42592	23535
22779	41942	42821	23625
22349	41962	43170	23169
22288	42582	43320	22867
21947	42525	43574	22989
22060	42471	43526	23046
22038	42760	43756	22941
21618	42355	44311	23000
21122	42399	44469	23238
21193	42064	44308	23691
21192	41741	44337	23821
20666	41458	44787	24190
20627	41204	45022	24453
20515	41023	45043	24401
20905	40992	44607	24925
20955	40546	44680	25070
20904	40336	44639	25412
20770	40093	44813	25273
20647	40110	44976	25685
20509	39656	45265	26288
20083	39253	45412	26488
20244	39229	45179	26362
20635	38968	44788	26653
20507	38948	44920	26830
20667	38707	44508	27082
21236	38526	44303	27071
21439	38640	44011	26876
21568	38685	43877	27090
21745	38277	43872	27567
21678	37798	44077	27769
21206	37744	44461	27629
21027	37771	44647	27790
20653	37862	45032	27606
20414	37781	45171	27716
20204	37722	45394	27866
20084	37649	45525	27829
20138	37293	45455	28549
20149	36970	45493	28519
19560	37151	45851	28358
19483	37366	46265	28199
19318	37601	46272	27866
18863	37723	46715	28004
18881	37596	46903	28088
18876	37526	46484	27940
18942	37994	46589	27206
19265	38440	46296	26867
19604	38912	45667	26272
20067	39314	45503	26386
20168	39123	45329	26629
20469	39083	45095	26353
20502	39272	45154	26315
20566	39235	45016	26232
20568	39144	44855	26361
20832	38961	44555	26453
21137	39322	44419	26316
21090	39425	44370	26125
21222	39646	44312	25887
21203	39583	44543	26226
20937	39104	44528	26506
20822	38887	44630	26761
20841	38785	44501	26965
21267	38845	44420	26583
21267	38985	44038	26455
21616	39412	43989	25905
21473	39882	44037	25546
21311	39836	44202	26059
21495	39511	43906	26082
21539	39513	44259	26322
21010	38909	44786	26941
20781	38723	44809	26738
20594	38982	45171	26647
20253	38825	44990	26473
20759	38778	44854	26885
20612	38720	44975	26794
20494	38670	44743	27001
20966	38615	44451	26829
21079	38549	44417	26907
20973	38716	44572	26600
21006	39043	44534	26373
21159	39152	44216	26207
21415	39416	43908	26157
21729	39196	43817	26266
21717	39377	43806	25960
21582	39710	43896	25885
21741	39498	43658	25834
21781	39721	44095	25973
21491	39549	44005	26054
21328	39295	44509	26091
20981	39639	44669	25870
20794	39461	44785	26441
20724	39169	44859	26200
20578	39120	45195	26353
20285	39213	45529	26609
20105	38973	45546	26523
20159	38833	45054	26823
20515	38489	45074	27187
20114	38426	45937	26884
19344	38402	46069	27278
19436	38337	46071	27247
19442	38275	45798	27388
19820	38110	45825	27628
19408	37655	46379	28019
19125	37444	46346	28390
19440	36889	45513	29033
20322	36424	44921	29352
20531	36039	45036	29854
20483	35613	45055	29979
20382	35719	45177	29702
20192	35870	45568	29515
19897	36053	45500	29472
20109	35970	45243	29746
20370	35735	45102	29909
20351	35537	45056	30178
20540	35236	44776	30388
20752	34858	44833	30852
20832	34681	44881	30586
20727	35086	44534	30592
21232	34850	44093	30645
21399	34970	44336	30598
21465	34829	43974	30557
21983	34742	43386	31042
22329	34603	42999	30724
22556	34954	43020	30640
22503	35107	43050	30452
22500	35152	43027	30278
22596	35453	42990	30012
22193	35462	43358	29885
22421	35743	43179	29741
22188	35733	43489	30056
21775	35257	43986	30192
21464	35601	43988	29782
21532	35415	44041	30396
21688	35049	43902	30405
21581	35078	44018	30549
21270	34930	44333	30691
21174	34646	44446	30985
21146	34581	44365	30966
21158	34690	44442	30990
21061	34604	44265	30924
21230	34722	44439	30972
20947	34659	44447	30929
21338	34493	44121	31036
21420	34655	44107	30929
21512	34602	43943	31200
21725	34073	43877	31401
21562	34328	43946	31101
21193	34615	44305	30830
21044	34792	44522	30790
20844	34650	44596	30811
20845	34782	44701	30796
20686	34765	44538	30905
21007	34858	44131	30590
21412	35010	44169	30275
21256	35566	44404	29988
21363	35387	44206	29849
21390	35833	43847	29570
21875	36125	43648	29345
21958	36556	43536	28524
21935	37120	43567	28338
21681	37222	43926	28130
21649	37273	43822	28103
21607	37350	43797	27869
21671	37947	43883	27349
21550	38187	43867	27146
21548	38851	43797	26582
21850	38971	43527	26346
21824	39222	43567	26299
21960	39019	43490	26285
22181	39557	43508	25977
21993	39359	43428	26144
22012	39078	43596	26532
21993	38981	43666	26459
21783	39264	43725	26293
21915	39194	43571	26410
21985	39191	43560	26441
21703	39056	43788	26310
21830	39200	43662	26306
22045	39009	43396	26410
22209	39101	43276	26569
22368	38857	43230	26790
22469	38582	43179	26905
22430	38670	43159	26906
22036	38476	43692	26947
21622	38589	43978	26884
21414	38541	44317	26989
21163	38741	44261	26801
21134	38659	44367	27070
21060	38254	44348	27245
21041	38024	44724	27583
20472	37898	45093	27500
20199	38133	45603	27281
19906	38334	45595	27133
19907	38279	45599	27428
19807	38339	45704	27115
19719	38491	45892	27168
19817	38502	46057	27345
19433	38010	46038	27453
19401	38097	46270	27698
19366	37981	46022	27457
19455	38097	46117	27350
19577	38229	45756	27512
19866	38068	45438	27495
19921	38197	45550	27325
20249	38181	45177	27158
20515	38165	45187	27451
20371	38254	45229	27095
20385	38455	45259	27073
20147	38475	45420	27145
19898	38343	45600	27241
19708	38593	45942	26965
19510	38623	46133	27217
19200	38135	46130	27341
19492	38053	46063	27590
19431	38005	45902	27609
19761	38121	45852	27757
19781	37665	45929	27903
19313	37471	46241	27875
19395	37792	46411	27727
19165	37656	46704	28053
18895	37384	46356	28151
19394	37464	46142	28108
19417	37601	45964	27769
19762	37968	45647	27402
20374	38386	45016	26781
20693	38971	44765	26454
20807	39190	44708	26343
20463	38910	44819	26369
20889	38959	44815	26618
20742	38992	44606	26342
20861	39033	44727	26524
20656	38878	45009	26676
20703	38769	44547	26443
21232	39210	44315	26189
21253	39357	44281	26233
21299	39445	44203	26341
21430	38999	44246	26406
21118	39067	44601	26757
20923	38523	44358	26979
21279	38419	44218	27144
21487	38378	43992	27122
21661	38270	43763	27391
21941	37936	43545	27538
21956	37859	43452	27853
21974	37416	43589	27931
21786	37635	43721	27730
21808	37615	44048	27870
21409	37711	44387	27624
20956	37885	44630	27707
20925	37979	44605	27229
21168	38462	44121	26793
21422	38843	44083	26637
21588	39137	43981	26450
21635	39207	43974	26204
21478	39636	44185	25779
21376	39858	44203	25513
21481	40154	44117	25220
21303	40354	44256	25033
21361	40570	44045	25038
21677	40573	43934	25170
21877	40555	43472	24998
22332	40506	43119	24974
22677	40826	42615	24849
22895	40921	42845	24883
22866	40723	42560	24752
22968	40998	42904	24478
22730	41278	42675	23910
23042	41447	42452	23701
23248	42015	42069	23509
23583	42200	41822	23332
23489	42204	42066	23307
23257	42364	42814	23022
22556	42732	43155	22990
22134	42479	43532	22747
21834	42947	43572	22514
21934	42985	43695	22677
22054	42777	43547	22824
22010	42716	43274	23007
22206	42270	43665	23535
21691	42047	43976	23756
21485	41640	43963	24180
21476	41121	44089	24596
21653	40931	43861	24783
21557	40928	43872	24554
21511	41071	43921	24311
21556	41350	43972	24078
21223	41776	44131	23851
21340	41427	44011	24196
21678	41451	43715	24380
21987	41015	43614	24532
21832	40692	43681	24744
21768	40720	43843	24933
21639	40583	43695	25013
21662	40464	44274	25291
21319	40429	44352	25218
21205	40212	44407	25282
21018	40400	44526	25152
20804	40458	44630	25034
20804	40488	44495	25101
21069	40540	44326	25045
21341	40593	43902	25245
21991	40079	43709	25447
21821	40254	43701	25328
21881	40241	43710	25230
21628	40071	44303	25714
21172	39558	44214	25914
21448	39875	44047	25451
21208	40067	44351	25717
21149	39580	44306	26023
21207	39540	44401	25974
21121	39404	44502	25771
21192	39728	44164	25969
21173	39231	44215	26270
21173	39320	44061	26468
21148	39278	44346	26174
20930	39308	44661	26270
20633	39280	44820	26314
21105	39416	44387	26075
21122	39480	44227	25895
21137	39593	44449	25800
21026	39833	44623	25953
20984	39969	44698	25372
21066	40184	44136	25488
21510	40260	43906	25494
21598	40274	43912	25342
21588	40485	43888	24898
21555	40664	43809	24774
21559	40703	43816	24919
22036	40388	43437	25337
21987	40225	43608	25653
22129	39747	43477	25916
22199	39416	43558	26262
21816	39287	43749	26041
21890	39602	43534	25718
22228	39445	43112	26260
22633	39058	42750	26713
22896	38686	42569	26927
23174	38656	42423	26732
23073	39087	42319	26290
23064	39291	42430	26254
23151	39159	42307	26236
23096	39515	42565	25929
23103	39531	41995	26032
23666	39760	41933	25821
23701	39797	41798	25551
23772	39938	41543	25656
23979	40071	41619	25533
23741	39991	41872	25631
23695	39755	42036	25647
23396	39858	42455	25678
23181	39691	42372	25888
22916	39994	42784	25292
22785	40437	42998	25138
22542	40452	42897	25327
22590	40194	42811	25371
22830	40140	42825	25224
23009	40614	42372	24825
23172	40763	42257	24864
23237	40710	41988	24363
23844	41332	41463	24098
24128	41683	41324	23645
24161	41964	41393	23308
24126	42243	41178	23311
24228	42361	41284	23200
24526	42114	40957	23421
24658	42039	40935	23751
24354	41641	41383	24051
24247	41509	41206	24031
24151	41605	41691	23916
23649	41874	42198	23512
23381	42113	42253	23350
23498	42349	42275	23203
23367	42374	42080	23272
23588	42267	42182	23248
23174	42241	42160	23368
23345	42139	42007	23382
23648	42266	41868	23376
23591	42124	41714	23296
23788	42112	41812	23294
23538	42234	41749	23471
23952	41942	41640	23503
24091	41831	41532	23725
24069	41603	41422	24096
24358	41256	41499	24368
24090	41220	41382	24425
24073	41037	40930	24790
24460	40625	41195	24830
24447	41039	40979	24420
24881	41023	40628	24675
25134	40817	40208	24641
25380	41040	40117	24335
25572	41231	39752	24313
25681	41413	39950	24196
25457	41165	40311	24610
24975	40888	40694	24987
24726	40495	40793	25089
24766	40541	40593	24655
24917	40828	40792	24954
24319	40096	41313	25671
24140	39539	41564	26044
23994	39341	41519	26144
23920	39145	42009	26704
23577	38730	42351	26757
22990	38988	42766	26444
22740	38947	42769	26497
22768	39342	42691	26073
22798	39155	42674	26378
22799	39256	42571	26657
23013	38859	42228	26635
23194	38836	42528	26714
23094	38845	42504	26722
23102	38841	42690	26574
22936	38806	42550	26504
22932	38835	42623	26809
23146	38785	42473	26598
22875	38965	42463	26603
23151	38936	42412	26214
23253	39567	42176	26010
23327	39337	42102	26297
23191	39133	42499	26544
23071	38631	42279	26905
23363	38481	42135	26860
23366	38738	42539	26538
22696	38898	43000	26625
22560	38934	42838	26502
22501	39178	43054	26155
22375	39375	43113	26197
22361	39317	43118	26379
22216	39362	43408	26177
22027	39487	43622	26091
21773	39405	43717	26381
22034	38771	43584	26708
22088	38747	43629	26765
21820	38677	43855	26867
21806	38619	43936	26821
21577	38652	44064	26954
21527	38649	43953	26903
21368	38707	44359	26941
21108	38815	44372	26771
21182	38922	44323	26477
21216	39026	44057	26752
21560	38672	43937	26680
21658	38968	43838	26520
21660	38952	43870	26607
21647	38889	44118	26778
21509	38572	44013	27127
21802	38439	43685	26722
22039	38771	43434	26819
22135	38751	43218	26691
22262	38809	43249	26681
22198	38878	43103	26849
22195	38649	43391	26899
22107	38380	43190	27482
22220	37642	43594	28019
22099	37404	43648	28028
21809	37679	43763	27701
21718	37956	43804	27370
21911	38063	43818	27557
21818	38038	43678	27555
21964	38062	43066	27389
22478	38216	42984	27332
22760	38059	42370	27698
23202	37673	42337	28140
23456	37631	42178	27815
23521	37740	41970	28029
23626	37148	41860	28449
23699	36893	41911	28809
23545	36410	42143	29222
23355	36304	42124	29276
23400	36235	41934	29254
23465	36350	41939	29023
23465	36393	42107	28857
23442	36547	42166	29012
23381	36845	42249	28589
23048	37051	42633	28511
23083	37090	42299	28435
23230	36962	42183	28740
23475	36524	42094	28850
23455	36702	41923	29036
23476	36286	42044	29569
23600	35795	42055	29563
23386	36141	42075	29356
23382	36166	42407	29339
23161	36105	42164	29484
23359	36021	42081	29388
23583	35883	41845	29749
23863	35737	41928	29664
23471	35936	41714	29533
23707	35990	41982	29542
23322	36065	42389	29405
23201	36105	42423	29324
23287	36461	42228	28942
23328	36419	42166	29360
23450	36030	42440	29513
23013	36117	42439	29502
23021	36002	42205	29782
23400	35702	42197	29809
23508	35475	42252	29843
23486	35528	41912	29954
23698	35486	41962	29830
23438	35722	42219	30256
23151	34995	42126	30490
23640	34886	41879	30658
23904	34864	41777	30785
23835	34390	41482	31355
24265	34161	41216	31842
24288	33707	41431	32076
24260	33242	41502	32402
23977	33193	41574	32440
24063	33053	41476	32356
23932	32782	41687	33095
23811	32290	41691	33140
24000	32455	41828	33112
23733	32528	41696	33070
23824	32494	41944	33091
23613	32399	42086	33408
23810	31740	41496	33990
24043	31497	41284	33953
24230	31580	41247	34106
24245	31262	41420	34225
23965	31209	41548	34318
24013	31294	41730	34449
23853	31044	41569	34507
23999	30981	41533	34575
23761	30965	41637	34527
23902	31111	41511	34766
23736	30682	41705	35082
23869	30354	41413	35174
23896	30381	41507	35020
24098	30539	41452	35064
23983	30372	41859	34908
23542	30550	41831	34974
23648	30269	41952	35385
23625	30048	41867	35698
23750	29974	41705	35418
23975	30034	41570	35527
24012	30122	41386	35471
24293	30339	41099	35094
24524	30529	41068	34827
24587	30701	40999	34936
24856	30292	40606	35154
25199	30331	40064	35417
25384	30310	40154	35179
25502	30417	39830	35193
25667	30223	39987	35390
25630	29988	40017	35550
25409	29736	39952	36072
25405	29603	40541	35936
24928	29748	40660	35778
24809	29761	40560	36104
24765	29049	40827	36478
25017	28984	40369	36622
25074	28833	40131	36824
25368	28681	40074	36711
25874	28892	39551	36795
26171	28758	39012	36789
26571	28486	39127	37242
26326	28193	38892	37306
26406	28080	39129	37370
26485	28289	39259	37608
26306	27613	39305	37833
26142	27742	39201	37688
26512	28007	38603	37719
26799	28124	38978	37584
26647	28067	38740	37492
26844	28067	38824	37710
26752	27776	38904	37806
26945	27785	38626	37726
26931	27768	38706	37925
26868	27745	38706	37917
27040	27738	38218	37731
27245	27990	38220	37422
27262	27807	38272	37639
27877	28273	37462	37044
28146	28387	37271	37053
28515	28284	37136	37412
28505	28166	37098	37399
28522	27818	37225	37824
28087	27768	37640	37822
27974	27537	37812	37928
27399	27456	37999	38220
27544	27477	38240	38120
26932	27548	38479	37709
27024	28161	38649	37345
26576	28224	39092	37412
26272	28020	39306	37397
26099	27945	39455	37705
26043	27479	39342	38169
26413	27116	38652	38416
27044	26869	38360	38781
27220	26799	38352	38830
27279	26517	38166	39017
27246	26387	37978	39107
27608	26663	37860	38861
28005	26389	37665	38826
27971	26800	37403	38616
28189	26856	37295	38416
28264	27180	37263	38372
28179	27026	37527	38638
27793	26534	37829	39219
27738	26062	37982	39444
27451	26165	38108	39483
27413	25805	38143	39682
27660	25917	38052	39541
27278	26147	38247	39441
27362	26352	38102	39158
27439	26482	38128	38891
27180	26742	38391	38758
27175	26995	38448	38371
27191	27169	38705	38124
26775	27259	38884	38273
26819	27245	38703	38151
26719	27428	38993	38170
26631	27306	38673	38034
26542	27375	39105	38103
26117	27443	39546	38025
25911	27664	39684	37700
25827	27927	39834	37606
25637	27958	39773	37303
25790	28241	39931	37245
25660	28326	39805	37173
25893	28370	39716	37178
25705	28423	39937	36894
25347	28716	40351	36789
25198	28814	40147	36626
25425	29068	40143	36272
25375	29385	40225	35762
25368	29931	40106	35491
25093	30055	40669	35280
24956	30403	40686	35214
24963	29881	40832	36167
24648	29098	40984	36758
24460	28579	41008	36983
24479	28881	41151	36810
24513	28543	41057	36760
24673	28832	40771	36812
24720	28515	40842	37113
24769	28523	40816	37040
24651	28734	41022	36734
24511	28724	41097	36706
24168	28435	41705	37141
23824	28570	41614	37053
23716	28795	41976	36670
23620	28986	42004	36533
23372	29149	42184	36096
23377	29544	42300	35881
22890	29747	42458	35922
23163	29557	42469	35790
22930	29808	42835	35277
22652	30352	42923	35118
22817	30576	42341	34673
23376	31115	41999	34242
23533	31276	42082	33914
23477	31561	42220	34116
23237	31447	42474	33752
22977	31880	42698	33629
22804	31902	42958	33567
22329	32087	43329	33345
22148	32379	43383	33354
22063	32300	43260	33229
22243	32349	43298	33524
22256	31867	43322	33786
22283	31603	43259	34070
22129	31609	43293	33760
22140	31822	43162	33608
22375	32194	42918	33557
22739	31809	42402	33739
23262	31710	42213	33665
23588	31716	41692	33797
23559	31942	42083	33516
23475	32138	41953	33089
23703	32664	41696	32943
23917	32503	41332	32809
24499	32608	41051	32861
24425	32672	41469	32784
23953	32754	41520	32620
24118	32581	41561	32935
23908	32709	41758	32988
23731	32654	41588	32796
24090	32450	41520	33144
24030	32268	41378	32977
24088	32749	41922	32791
23355	32571	42217	32732
23224	32436	42557	33246
22952	32096	42719	33522
22877	31837	42762	34167
22494	31265	42989	34128
22548	31363	42913	34202
22899	31474	42775	33942
22857	31864	42556	33551
23233	31865	42260	33486
23237	32078	42295	33104
23475	32489	42442	32891
23095	32754	42808	32922
22569	32561	43146	33103
22329	32067	43441	33559
22026	31755	43449	34033
21749	31443	43978	34141
21535	31254	44066	34362
21380	31221	44081	34481
21475	31254	44281	34474
21361	31095	44201	34504
21371	31119	44344	34362
21248	31168	44427	34092
20846	31434	44703	33966
20705	31730	44953	33768
20534	31915	45213	33542
20169	31914	45423	33546
20002	32208	45660	32971
19934	32670	45544	32695
19661	32911	46397	32717
19114	33112	46473	32455
19026	33356	46608	32000
19073	33464	46569	31855
18876	33764	46424	31671
19125	33947	46193	31576
19503	34170	45867	31139
19873	34552	45392	30727
19963	35126	45559	30263
20022	35578	45546	29885
20058	35883	45587	29382
19873	36525	45732	28934
20050	36908	45276	28515
20541	37190	45026	28385
20913	37579	44320	27904
20938	37433	44610	27952
21127	37678	44318	28000
21381	37862	44054	27437
21260	38158	44109	27265
21371	38246	44269	27613
21313	37745	44461	27516
21141	37836	44350	27535
21173	37765	44405	27946
21400	37477	44107	28179
21344	37170	43962	28115
21605	37627	44250	27757
21068	37934	44484	27287
21099	38179	44225	27327
21368	38154	44070	27481
21438	38051	44020	27602
21430	37803	43725	27941
22008	37512	43293	28200
22318	37366	43010	28261
22610	37183	42673	28137
22888	37294	42755	28439
22969	37221	42250	28378
23512	37033	42148	28454
23347	36924	42161	28819
23204	36821	42117	28812
23490	36711	42119	28668
23501	36973	42140	28535
23419	37228	42314	28261
23102	37194	42404	28516
23077	36971	42466	28660
23274	36603	42351	29218
23051	36276	42244	29557
23255	35967	42382	29562
23078	35774	42219	29875
23362	35857	42022	29541
23564	35919	41849	29728
23818	35701	41921	30063
23628	35519	41729	30189
23913	35422	41769	30006
23772	35490	41888	30084
23829	35459	41868	30111
23525	35727	42191	29574
23442	35990	42066	29497
23280	35847	42327	29523
23358	35895	42326	29755
22880	35788	42776	29883
22904	35693	42573	29883
23022	35444	42596	30199
23085	35269	42375	30252
23219	35577	42248	29796
23190	35821	42468	29598
23166	36193	42430	29514
23099	36071	42299	29561
22981	35775	42755	29882
22367	35803	43400	29482
22393	36205	42981	29258
22390	36609	43099	28964
22714	36705	43009	28941
22463	36827	43070	28467
22451	37282	43100	28266
22901	37404	42561	27985
22810	37608	42573	27801
22972	37791	42421	27580
22903	37864	42830	27634
22514	37870	43271	27558
22305	38035	42970	27600
22554	38070	42889	27311
22658	38228	42912	27300
22473	38001	43100	27420
22744	38180	42667	27463
23196	38187	42239	27501
23274	38344	42441	27128
23093	38493	42436	27211
23015	38542	42778	26912
22735	38724	42733	26817
22602	38691	42921	26906
22752	38742	42818	26716
22666	38705	42689	26927
22881	38609	42592	27006
23083	38439	42603	27131
23012	38600	42527	27013
23133	38303	42757	27256
22765	38162	42886	27407
22779	38052	42918	27354
22520	38263	43057	27668
22512	37872	43148	27731
22538	37742	43128	27614
22388	37944	43326	27287
22172	38373	43258	26846
22396	38885	43026	26592
22754	38680	43068	26781
22421	38562	42972	27323
22551	38185	43162	27488
22477	38284	42873	27391
22466	38332	43237	27279
22298	38331	43153	27230
22779	38508	42730	26903
22714	38691	42449	26780
23000	38729	42459	26867
22975	38546	42888	27205
22502	37986	42964	27770
22655	37799	42800	27831
22802	37675	43060	28203
22468	37379	43024	28327
22596	37088	42993	28315
22296	37238	43170	28120
22320	37338	43187	27913
22447	37775	42926	27667
22474	37644	42947	27993
22530	37647	43115	27447
22326	38315	43295	27060
22488	38485	42788	27248
22861	38253	42592	27237
22990	38337	42329	27412
23277	37933	42186	27310
23571	38270	41832	27189
24076	38456	41069	27038
24819	38328	40436	27370
24975	37934	40467	27732
25226	37936	40257	27470
25671	38220	39453	27733
26039	37892	39511	27383
25776	38067	39890	27311
25815	38231	39697	27305
25827	38171	40119	27387
25166	38047	40557	27510
24806	37891	41034	27075
24510	38441	40941	26866
24691	38738	40904	26918
25011	38546	40405	27105
24984	38217	40727	27022
24970	38676	40758	26927
24830	38739	40553	26779
25122	38921	40383	26499
24923	39070	40632	26364
25046	38985	40657	26378
24577	39070	41396	26477
23654	38855	42063	26815
23312	38571	42082	26855
23346	38764	42133	26698
23283	38850	42284	26694
23090	38813	42616	26578
22786	38986	42809	26613
22548	38752	43145	26902
22124	38583	43372	27061
22158	38694	43441	26869
21904	38692	43900	26793
21556	38449	43853	26952
21682	38269	43848	27512
21809	37889	43694	27897
21760	37611	44090	27994
21438	37354	44492	28326
20955	37215	44876	28239
20525	37268	44862	28256
20613	37263	44940	28216
20693	37539	44741	27816
20895	37831	44757	27442
20962	38140	44596	27234
21021	38239	44556	27111
20876	38318	44770	26996
20656	38619	45053	26844
20348	38571	45157	26949
20401	38594	45344	27106
20415	38633	45200	27131
20366	38152	44951	27420
20690	38053	44799	27411
20815	37979	44740	27241
20922	38407	44364	26942
21386	38556	43972	27164
21629	38216	44089	27651
21333	37629	44185	28228
21272	37211	43986	28540
21568	36771	43976	29043
21805	36391	43629	29279
21955	36202	43605	29364
21757	36213	43813	29140
21668	36574	43935	28759
21485	37190	43766	28217
22015	37687	43475	27397
22032	38341	43572	27290
22008	38220	43482	27251
21769	38267	43694	27114
21919	38500	43853	26875
21547	38848	44011	26236
21781	39481	43898	25968
21711	39822	43974	25756
21629	39884	44003	25250
21625	40481	43875	25034
21589	40597	44190	25170
21421	40339	44060	25289
21619	40448	43829	25084
21744	40313	43911	25346
21824	40386	43672	25181
22033	40272	43634	25308
21952	39904	43818	25682
21691	39423	43931	26257
21883	39318	43746	26134
22068	39171	43379	26233
22390	39169	43019	26533
22423	39104	43331	26340
22250	39231	43538	26333
22091	39151	43646	26551
21843	38784	43500	26847
22020	38837	43060	26522
22239	38854	43334	26853
22094	38955	43551	26303
21756	39322	43988	25967
21280	39657	44484	25776
21297	40099	44349	25450
21328	40006	43799	25451
21743	40278	43911	24836
21597	40658	43862	24750
22071	40751	43538	25024
22239	40373	43183	24786
22445	40796	42929	24758
22741	40902	42877	24530
22436	41058	43236	24268
21983	41289	43584	24201
21851	41366	43789	24223
21861	41198	43582	24495
21961	40835	43409	24512
21945	40794	43393	24681
22120	40851	43487	24406
22106	41009	43271	24518
22248	40870	43208	24695
22440	40820	43185	24596
22247	41072	43461	24267
21939	41011	43892	24579
21481	41184	44127	24444
21550	40814	44103	25010
21696	40358	43685	25208
21485	40364	44063	25102
21476	40569	44157	24658
21279	41034	44324	24507
21202	41243	44160	24227
21401	41490	43981	24039
21443	41369	43923	24140
21595	41233	43740	24129
21964	41601	43572	23843
22014	41468	43734	24307
21869	41141	43809	24713
21765	40560	43758	25023
21779	40605	43836	25050
21450	40430	44025	25059
21515	40335	43798	25293
21715	39994	43702	25570
21792	39725	43627	26007
22015	39443	43559	25826
21898	39807	43413	25774
22006	39974	43734	25832
21902	39816	43626	25520
21829	40257	43561	25276
22023	40068	43590	25755
21873	39964	43764	25646
21579	39783	43932	25921
21756	39790	43796	25333
21555	40088	43928	25181
21499	40688	43933	24947
21609	40699	43793	24696
21663	40849	43845	24738
21584	40737	43850	24699
21624	40721	44041	24832
21662	40787	43818	24633
21583	40797	43989	24868
21580	40643	44042	24910
21556	40527	43930	25086
21736	40383	43680	25379
21738	39921	43904	25781
21519	39702	44121	25969
21272	39556	44488	25790
21294	39918	44295	25936
20914	39594	45031	25846
20457	39748	45179	26175
20271	39297	45343	26039
20381	39849	45051	25772
20438	39948	45090	25552
20353	39845	45025	25682
20847	39787	44516	25715
21050	39634	44554	26245
20906	39437	44576	26187
20875	39435	44787	26247
20566	39179	45006	26523
20582	38928	44956	26469
20778	39076	44698	26479
20923	39058	44815	26365
20602	39143	44700	26374
21373	39323	44355	26103
21161	39427	44133	26069
21442	39611	44195	25821
21287	39904	44175	25545
21363	40045	44142	25647
21328	39898	44520	25534
20779	39868	45186	25406
20090	39865	45603	25660
20016	39434	45636	26281
19985	39133	45417	26482
20086	39125	45387	26393
20134	39214	45479	26676
19809	38770	46019	26758
19646	38966	45989	26600
19684	38903	45613	26873
20287	38469	45005	27247
20816	38022	44359	27729
21524	37764	43707	27606
22011	37799	43644	27923
21715	37717	44012	27709
21617	37819	43865	27791
21503	37852	44336	27576
21147	37732	44376	27814
21074	38043	44446	27472
20862	38191	44621	27044
21027	38358	44532	26935
20988	38665	44721	27027
20820	38576	44627	26910
20930	38484	44723	26947
21016	38701	44388	26891
21240	38510	44164	27142
21310	38299	44483	27265
21052	38428	44457	26959
21187	38956	44157	26298
21796	39197	43592	26059
22272	39676	43342	26101
22338	39303	43260	26459
22428	38964	43231	26281
22388	39239	43259	26434
21968	38828	43810	26865
21670	38506	44186	26980
21225	38413	44224	26897
21057	38829	44655	26619
20810	38950	44715	26545
20858	39150	44720	26285
21106	39213	44251	26405
21580	39258	44032	26353
21396	39210	44028	26385
21741	38911	43637	26360
22252	39154	43170	26223
22447	39470	42961	26243
22557	39256	42821	26148
22984	39523	42356	26052
23082	39634	42470	25843
22972	39315	42625	26229
22727	39493	42900	25885
22474	40014	43213	25188
22112	40546	43474	25081
22102	40394	43661	25166
21806	40489	44080	25235
21460	40105	44010	25553
21560	39993	44257	25862
21220	39515	44282	26069
21278	39214	44457	26446
21043	39210	44594	26151
20919	39348	44817	26449
20278	39165	45213	26427
20101	39095	45235	26398
20303	39569	45359	26004
20117	39518	45449	25955
20208	39802	45400	25602
19972	40154	45642	25033
19733	40532	45653	24924
19940	40528	45378	25167
20177	40474	45437	24889
19923	40660	45938	24982
19862	40576	45592	25209
20010	40253	45592	25359
19850	40144	45623	25354
19655	40348	45949	25118
19643	40344	45767	25489
19710	40052	45889	25629
19314	39840	46387	25809
19054	39455	46510	26190
19177	39324	46163	26301
19435	39399	46133	26169
19344	39357	46427	26192
18897	39224	46574	26350
18685	39199	46936	26542
18417	38710	46941	26656
18633	38958	46736	26391
18800	38997	46613	26557
19109	38934	46437	26886
18959	38354	46516	27303
18888	38247	46632	27370
18771	37998	46930	27625
18358	37602	47106	27927
18294	37687	47185	27954
18426	37480	46801	28337
18788	37095	46658	28545
18996	36652	46755	28705
18993	36574	46780	28908
18819	36713	46542	28893
18857	36198	46708	29174
18930	36302	46581	29350
18946	36496	46590	29030
18823	36345	46949	29357
18441	36322	47312	29414
18059	36032	47711	29596
17746	35674	47666	30295
17812	35140	47752	30494
17820	34957	47556	30933
18043	34574	47203	31023
18283	34351	47011	31262
18870	34564	46600	30922
18849	34594	46849	30958
18451	34552	46924	31125
18705	34619	46785	30638
18901	34946	46624	30687
18635	35017	46743	30267
18888	35280	46668	30179
18799	35475	46947	30196
18700	35289	46729	30315
18749	35366	46664	30103
18906	35379	46660	29931
18810	35754	46508	29533
18991	36422	46496	29172
18849	36536	46653	28951
18467	36881	47196	28538
17980	37098	47491	28344
18028	37230	47315	28328
18327	37099	47298	28642
18232	36915	47121	28713
18655	36572	46691	29163
19193	36433	46526	28837
19030	36666	46417	28758
19131	36638	46285	28760
19298	36606	46249	28959
19227	36623	46359	28823
19408	36559	45949	28930
19544	36733	46149	28622
19191	37165	46427	28631
18922	36712	46688	28694
18585	36912	47026	28633
18814	36967	46591	28696
18947	36903	46734	28583
18756	36981	46741	28532
18838	36946	46682	28439
18781	37168	46775	28287
18538	37657	47307	27706
18293	37886	47423	27491
18212	38020	47113	27606
18697	38008	46884	27534
18823	38004	46782	27496
19039	38047	46517	27286
19029	38178	46559	27287
18845	38247	46467	27487
19165	37854	46093	27528
19611	37933	45862	27390
19632	38379	45809	26980
19280	38597	46651	26778
18925	38881	46606	26684
18973	38908	46563	26613
18933	39011	46695	26353
18970	39089	46724	26542
18701	38982	46636	26490
18968	39175	46477	26423
18892	39019	46479	26450
19141	38940	46115	26766
19487	38643	46082	27078
19585	38272	45963	27568
19528	37698	45939	27886
19303	37757	46150	27766
19188	37744	46500	27866
18826	37769	46846	27638
18514	37833	47388	27459
18310	38062	47190	27464
18250	37993	47330	27525
18264	38088	47181	27515
18664	38136	46692	27325
19053	38362	46503	26912
19261	38567	46039	26859
19382	38605	46285	27153
19032	38297	46650	26892
18942	38687	46717	26779
18802	38892	47322	26361
17823	38998	47740	26647
17640	38934	48172	26645
17478	38964	47992	26536
17816	38800	47650	26805
18217	38556	47203	27067
18097	38413	47473	27057
18023	38357	47365	27201
17958	38536	47180	27051
18170	38185	47409	27261
18375	38232	47184	27180
18368	38266	47054	27281
18729	38383	46823	27222
18776	38278	46799	27395
18529	38199	46921	27306
18607	38349	46792	27177
18671	38475	46653	26852
18909	38627	46488	26765
19233	39034	46121	26666
19703	38607	45918	26930
19960	38689	45473	26979
20255	38404	45249	27211
20367	38502	45191	26786
20487	38782	44983	26974
20554	38542	44871	27040
21043	38529	44097	27057
21398	38667	43820	27102
21726	38604	43612	27035
21867	38391	43669	27194
21914	38332	43702	27157
21956	38539	43567	26836
22169	38594	43596	26825
21803	38965	44034	26526
21362	38946	44347	26316
20916	39172	44863	26493
20568	38972	44668	26483
21041	38747	44424	26718
21102	38938	44532	26559
21148	38980	44377	26539
21014	39234	44670	26150
20764	39457	44894	26015
20697	39291	44844	26285
20958	39188	44604	26548
20648	38874	44902	26602
20677	38990	44476	26635
21287	38883	44306	26700
20781	38969	45043	26600
20669	38934	44876	26472
20981	39177	44693	26459
20731	38668	44411	26895
21198	38717	44284	26769
21224	38891	44181	26540
21262	39043	44093	26439
21807	39183	43488	26257
22212	39177	43263	26341
22338	39463	43222	25983
22113	39584	43307	25756
21811	39729	43800	25927
21689	39978	43770	25535
21687	39867	43727	25786
21708	39470	43835	25971
21453	39542	44240	25712
21323	39931	44270	25577
21533	40117	44173	25740
21428	39905	44226	25399
21191	40242	44428	25362
21269	39982	44265	25766
21351	39510	43940	26519
21888	38683	43679	27060
21988	38269	43408	27321
22087	38276	43714	27196
21960	38318	43528	27143
21761	38566	43836	27053
21624	38521	43816	26899
21751	38779	43825	26852
21603	38487	43984	27088
21336	38309	44244	27415
21380	38445	44180	27128
21287	38470	44494	27064
21198	38612	44420	26908
21079	38812	44237	26742
21335	38978	44313	26587
21489	39077	44210	26376
21362	39031	44169	26506
21445	39156	44070	26056
21530	39599	43912	25684
21793	39788	43810	26087
21684	39243	43917	26454
21691	39144	43919	26301
21404	39156	44043	26389
21333	38960	44416	26503
21130	39299	44698	26268
20891	39176	45019	26430
20412	38968	45214	26427
20249	39112	45342	26412
20024	39207	45772	25852
20001	39711	45383	25720
20459	39850	44955	25565
20771	39995	44459	25479
21336	39889	44152	25645
21470	40041	43711	25442
21923	39916	43474	25569
21802	40112	43642	25396
21538	40330	43872	25223
21704	40472	43911	25167
21685	40456	43833	25202
21646	40242	43604	25260
21916	40236	43537	25106
22059	40279	43649	25332
21787	40213	43918	25345
21553	39877	43975	25404
21846	39848	43533	25712
22123	39757	43472	25855
21893	40022	43782	25435
21508	40328	43965	25160
21597	40414	43802	24920
21755	40483	43678	25136
21750	40293	43980	25562
21329	39916	44675	25598
20525	39969	45193	25658
20336	40034	45027	25560
20502	40118	45174	25536
20121	39865	45223	25704
20665	39989	44490	25453
21232	40116	44367	25465
20885	39915	44836	25759
20662	39453	44776	26108
21079	39497	44386	26021
20968	39639	44646	25918
20787	39409	44817	26390
20715	39282	44517	26035
21283	39418	44413	26158
21258	39577	43954	25992
21695	39476	43720	25868
22126	39533	43387	25988
22139	39566	43499	25805
21809	39618	43780	25808
21958	39746	43597	25951
21899	39487	43378	26079
22336	39589	43012	25741
22580	40220	43075	25334
22502	39972	42783	25439
22528	40387	43186	25096
22025	40480	43512	24953
22218	40522	43167	24991
22675	40473	42652	24893
23154	40429	42442	24934
23148	40612	42324	25008
23359	40761	42236	24749
23231	41140	42559	24271
23074	41490	42457	23849
22997	41702	42533	23596
22866	42104	42843	23210
22695	42299	43005	23287
22548	42115	43145	23303
21967	42162	43451	23476
22071	41933	43341	23901
22156	41382	43329	24515
22120	40974	43185	24655
22168	40645	43445	25231
21901	40206	43621	25634
21974	39790	43527	25776
21909	39716	43682	25740
21597	39701	44064	26004
21036	39639	44607	25888
20793	39795	44701	25372
20794	40232	45071	25267
20632	40494	44969	24836
20952	40935	44270	24455
21505	41399	44230	23925
21262	41581	44046	23642
21554	41951	43856	23601
21849	41875	43669	23599
21733	42159	44110	23224
21421	42417	44129	22904
21343	42833	44135	22773
21843	43032	43961	22447
21467	42935	44089	22538
21599	43155	43992	22024
21359	43511	44256	22042
21231	43465	44522	22084
21053	43488	44501	22244
21149	43314	44518	22209
21144	43492	44191	22113
21575	43629	44012	21869
21505	43673	43925	21954
21700	43516	43697	21894
22185	43582	43084	22047
22410	43421	42968	22096
22741	43376	42781	21908
22921	43788	42760	21532
22878	43737	42718	21879
22694	43331	42898	22256
22636	43203	42869	22337
22550	43052	42953	22392
22725	43333	42564	22415
23183	42971	42340	22723
23209	42719	42193	22859
23275	42977	42326	22745
23193	42850	42498	22661
23077	42948	42307	22468
22965	43171	42907	22408
22356	43027	43340	22486
22024	42970	43490	22818
22129	42543	43276	23458
22308	41789	43252	23739
22374	41908	42928	23522
22813	41971	42715	23392
22762	41993	42640	23242
22966	42371	42169	22778
23430	42904	41884	22428
23445	43322	42126	22230
23460	43238	41771	22306
23683	43321	41605	22527
24049	42977	41561	22571
24270	43029	41195	22414
24446	43093	40963	22636
24204	42958	41380	22512
24290	43175	41319	22475
24253	43524	41212	21974
24544	43567	41047	21772
24515	43881	40851	21613
24509	43825	41157	21776
24469	43896	41151	21616
24393	43716	41153	21717
24108	43628	41521	22258
24258	43384	41130	22187
24348	43300	41137	22364
24579	43267	40924	22207
24850	43354	40812	22278
24737	43071	40844	22633
24746	42741	40731	23047
24781	42575	40938	22811
24516	43023	41063	22579
24433	43030	41118	22559
24488	43052	41251	22576
24334	42946	40900	22289
24647	43128	40716	22425
24813	43056	40758	22443
24737	43128	40597	22482
25062	43168	40325	22547
25074	42796	40618	22836
24825	42357	40873	23264
24395	42032	41064	23784
24499	41796	41207	23649
24374	41835	41192	23950
24558	41452	40915	24129
24475	41486	41024	24127
24644	41555	40811	23870
24822	41961	40623	23522
25152	41952	40343	23591
25149	42087	40620	23277
24962	42510	40617	23051
24984	42582	40559	22965
25008	42666	40559	22776
24727	43152	40666	22212
24787	43686	40685	21852
24558	43802	40489	21716
24958	43783	40777	21710
24236	43936	41514	21599
23741	43778	41613	21988
23658	43414	41666	22134
24006	43483	41352	22199
24208	43569	41686	22179
23854	43534	41942	21796
23410	43615	41758	21758
23794	43638	41812	22160
23805	43187	41958	22371
23665	42967	41620	22618
23949	42945	41421	22780
24216	42444	41435	23208
23966	42357	41546	23216
24039	42588	41645	22820
23969	42868	41646	22737
23996	42869	41584	23020
23885	42513	41633	23126
23680	42331	41620	23484
24033	41955	41499	23727
24453	41942	40966	23516
24729	42183	40724	23364
24876	42091	40488	23636
25072	41935	40553	23411
25071	42314	40410	23019
25007	42684	40583	22888
24946	42714	40372	22698
24788	42714	40837	22528
24516	43210	40996	21829
24301	43840	41332	21653
23962	44144	41526	21541
23923	44024	41707	21487
23713	44310	41656	21301
24043	44522	41273	21098
24430	44336	40865	21041
24974	44324	40330	21313
25405	44110	40170	21578
25512	44078	40005	21513
25494	44156	40102	21190
25455	44393	39917	21333
25949	44415	39432	21146
26272	44255	39235	21010
26222	44717	39258	20985
26541	44437	38736	21347
26628	43801	38695	21688
26938	43618	38898	22046
26351	43460	39210	22265
26226	43030	39278	22309
26213	43250	39382	22414
25979	43519	39533	21734
25751	43854	39596	21788
25889	43471	39491	22039
25767	43492	39994	22047
25586	43593	39923	21957
25645	43492	39961	22345
25690	43180	39856	22138
25824	43590	39572	22033
26075	43612	39669	21915
25754	43497	39678	22411
25810	43234	39996	22439
25523	43197	40170	22221
25357	43418	40313	22374
25106	43363	40302	22073
25353	43662	40341	21852
25337	43566	40246	21800
25358	43770	39925	21745
25695	44103	39580	21326
26062	44341	39471	21122
26200	44599	39152	20501
26270	45307	39404	19882
26218	45740	39010	19862
26456	45566	39136	19889
26114	45449	39686	19958
25682	45717	40022	19588
25689	45993	39695	19587
25778	45644	39699	19730
25857	45637	39821	19912
25680	45310	39983	20499
25587	45046	40131	20767
25293	44597	40398	20928
24956	44494	40653	21312
24536	44251	41310	21381
23998	43942	41583	21643
24122	44078	41344	21429
24246	44098	41028	21421
24645	43999	40845	21777
24637	43942	40940	21624
24705	43845	40794	21791
24612	43621	40654	21805
24824	43409	40720	22086
24983	43244	40373	22701
25152	42969	40467	22597
24750	43260	41119	22360
24465	43162	41105	22385
24337	43039	41354	22324
24235	43227	41392	22344
24379	43063	40952	22504
24904	42907	40374	22694
25434	42834	39984	22783
25648	42765	40060	22988
25328	42490	40228	22937
25105	42555	40770	22880
24494	42502	41063	23188
24341	42269	41051	23372
24404	42380	41244	23205
24280	42297	41527	23169
23904	42098	41734	23507
23517	42121	42110	23393
23089	42259	42525	23333
22842	42510	43009	22916
22441	42926	43136	22693
22236	42874	43252	22774
22096	42601	43327	22899
22086	42342	43389	23371
22357	42147	42961	23403
22714	42233	42737	23322
22773	42230	42497	23097
22908	42406	42754	23026
22637	42859	42863	22368
22512	43186	43051	22240
22365	43330	43268	21950
22543	43585	42848	22096
22690	43569	42664	21969
22717	43533	42520	21986
23396	43473	42169	22182
23195	43365	42709	22307
22905	43271	42491	22173
22930	43487	42530	22185
22948	43097	43052	22294
22632	43259	42912	22022
22476	43422	42976	21978
22590	43627	42999	21872
22788	43783	42558	21938
23365	43669	42281	21959
23478	43451	42224	22369
23705	43107	41502	22642
24105	42877	41465	22596
23932	42698	41446	22533
23963	42949	41466	22910
24339	42588	40981	23253
24607	42159	40985	23381
24467	42259	41015	23131
24539	42397	40969	22864
24356	42947	41156	22516
24597	43403	40740	21788
25082	43781	40419	21806
25179	43811	40447	21694
24980	44154	40371	21219
25174	44523	40357	21326
25197	44332	40155	21020
25390	44447	40017	21098
25547	44359	40181	21174
25108	44659	40630	21005
24721	44660	40999	20975
24485	44687	41082	20873
24355	44470	41022	20905
24545	44633	40892	20848
24786	44390	40636	21230
25003	44300	40424	21224
24965	44219	40522	21385
25244	44181	40171	21566
25436	43873	40438	21844
24895	43707	40653	22187
24847	43400	40469	22047
24999	43491	40852	22145
24407	43529	41245	22079
24285	43527	40842	21930
24655	43381	41024	22079
24540	43320	40974	22267
24645	43523	40852	22009
24683	43533	40724	21984
24948	43438	40989	21949
24569	43416	41211	22161
24226	43613	41297	22013
24526	43377	41061	22128
24688	43421	40919	21976
24628	43866	40974	21495
24635	44375	40827	21140
25034	44445	40402	20816
25199	44543	40395	20951
24898	44732	40594	20778
24742	44821	40788	20815
24754	44430	40846	21289
24714	44171	40923	21350
24340	44294	41453	21560
24036	43937	41835	21596
23679	43871	41689	21428
23794	44181	41568	21100
23823	44144	41611	21358
23864	44151	41550	21342
24091	44008	41478	21482
23943	44055	41533	21451
23990	43861	41572	21421
23920	44165	41664	21104
23707	44623	41931	20707
23644	44976	41907	20507
24151	44799	41315	21018
24155	44753	40814	20664
24913	45064	40302	20349
25463	45228	39797	20358
26034	45213	39535	20285
26056	45105	39510	20553
26046	44850	39634	20552
25878	45214	39795	20121
25877	45448	39757	19908
25664	45690	39852	19757
25727	45601	39739	20235
25780	45330	39709	19981
25828	45779	39812	19695
25553	45798	40070	19463
25243	46270	40313	19437
25103	46420	40323	18982
24964	46557	40290	18872
25311	46812	40343	18505
24997	47175	40447	18263
25176	47174	40378	18598
25249	46776	40365	18977
25141	46605	40268	19126
25270	46386	40553	19041
25247	46630	40251	19013
25541	46692	39869	18957
25727	46705	39430	18760
26568	46813	38785	19104
26798	46290	38787	19004
26893	46518	38753	18939
26737	46233	38918	19409
26577	46004	39124	19570
26454	45709	39051	19955
26834	45439	38633	20134
26928	45257	38651	19875
27100	45866	38246	19580
27616	46129	37626	19522
28035	45500	37444	20310
27993	45132	37545	20620
27846	44814	37977	20597
27479	44859	38111	20835
27169	44404	38168	21056
27342	44371	38092	20921
27356	44762	38133	20689
27061	44871	38627	20712
26709	45164	38882	20377
26484	45174	39196	20529
26393	44827	39449	20612
26145	44950	39541	20702
26134	44814	39308	20778
26496	45117	39263	20456
26355	45411	39266	20076
26173	45415	39095	19972
26386	45392	39081	20144
26435	45380	38739	20043
26728	45363	38817	20259
26757	45084	38756	20545
26533	44722	39173	21055
26393	44312	39075	21211
26743	44614	38500	20805
27008	44687	38515	20933
27130	44390	38336	21282
27371	44052	38188	21626
27162	43856	38534	22054
26885	43511	38721	21979
26770	43739	38845	22021
26801	43511	38771	22158
26803	43375	38809	22232
26813	43301	38391	22178
27271	43309	38318	22259
27369	43226	37945	22428
27506	43064	37893	22345
27546	43419	38058	22040
27271	43673	38341	21841
27054	43857	38363	21574
27012	43983	38484	21706
27329	43704	38384	21612
27095	43788	38366	21463
27206	44165	38369	21295
27089	44332	38334	21655
27366	43887	38139	21984
27438	43496	38124	22101
27418	43359	38369	21817
27267	43763	38373	21735
27267	43842	38146	21561
27559	43763	37976	21554
27463	43846	38072	21612
27721	43727	38044	21883
27692	43851	37971	21417
27770	44305	37857	21183
27685	44410	38268	21064
27353	44449	38073	21077
27404	44444	37945	21320
27466	44199	38345	21264
27303	44384	38363	20968
27312	44786	38095	20698
27794	44796	37705	21060
27616	44430	37934	21005
27412	44431	37892	21028
27839	44309	37535	21413
28123	44303	37596	21271
27849	44219	37587	21421
27870	43829	37608	21447
27932	44267	37729	21213
27621	44362	38029	21482
27588	44153	38167	21472
27238	43956	38409	21491
26813	44102	38933	21530
26668	44054	38926	21562
26406	44231	39040	21693
26556	43776	38775	21665
26721	43757	38631	21890
27179	43751	38396	21684
27025	43789	38606	21597
27002	43666	38849	21948
26707	43518	38708	22089
26810	43323	38697	22351
26723	43251	38857	22270
26539	43038	39047	22795
26385	42998	39046	22631
26640	42787	38923	22887
26659	43042	38975	22329
26528	43255	39151	22231
26238	43309	39229	22263
26167	43055	39544	22297
25761	43189	39871	22535
25687	42966	39861	22566
25499	42779	39971	22667
25490	42939	40188	22458
25570	43091	39880	22045
25992	43389	39396	21861
26242	43886	39142	21597
26452	43927	39101	21511
26725	44294	38864	21348
26820	43917	38824	21496
27027	44101	38355	21485
27198	44045	38030	21500
27554	44123	38085	21335
27333	44309	38172	21167
27324	44212	38334	21494
27259	43986	37986	21443
27941	44035	37490	21502
28175	44021	37236	21608
28054	43690	37608	21968
27563	43717	38359	21922
26848	43525	38803	22088
26480	43262	39032	22501
26506	42807	39295	22755
25917	42608	39879	22891
25509	42675	40003	22971
25323	42348	40075	23438
25361	41957	40456	23615
24943	41898	40656	23460
24793	42226	40808	23329
24748	42184	40692	23531
24554	42243	41031	23533
24315	42094	41380	23660
24234	41765	41323	24079
24264	41370	41439	24030
24008	41492	41742	23961
23541	41553	42011	24030
23535	41401	42144	24187
23331	41307	42251	24247
23247	41348	42393	24103
23212	41625	42400	23794
22958	41569	42737	24140
23037	41255	42988	24363
22508	41106	43055	24368
22403	41194	43032	23972
22432	41468	42915	23835
22610	41887	42978	23560
22531	42185	43002	23626
22674	41657	43066	23651
22230	41995	43188	23494
22242	41946	43011	23762
22596	41517	43052	23919
22712	41742	42675	23939
22991	41460	42510	24051
22979	41414	42276	24165
23398	41310	42089	24204
23463	41277	42030	24159
23315	41146	41904	24337
23717	40967	41591	24786
23933	40731	41652	24934
23767	40424	41651	25248
23854	40601	41542	24997
23744	40743	41805	24790
23716	40714	41758	24969
23739	40707	41746	24791
23794	40672	41660	24697
23801	40724	41805	24783
23637	40983	41969	24671
23347	40909	42295	24438
22764	41207	42718	24088
22928	41806	42405	23710
23156	41958	42326	23558
23032	41971	42526	23647
22694	41803	42816	23842
22574	41669	42838	23874
22599	41565	42881	24011
22648	41733	42796	24013
22870	41560	42610	24221
22926	41487	42613	23775
22819	41728	42673	23934
22662	41466	42784	24327
22566	41330	43071	24638
22307	40762	43085	24911
22232	40457	43311	24972
22310	40808	43173	24427
22287	41114	43182	24427
22309	41310	43261	24406
22053	40980	43585	24752
21971	40746	43553	24772
22079	40618	43434	25086
21958	40332	43456	25134
21986	40055	43660	25488
21664	40133	44080	25106
21386	40380	44302	24905
21463	40553	43852	25164
21900	39952	43670	25557
21457	39919	44124	25612
21429	39939	44283	25585
21540	39843	43833	25879
21821	39651	43736	25650
22236	39594	43217	25889
22407	39585	43263	26067
22094	39455	43591	26006
21984	39512	43336	25819
22438	39684	42841	25887
22579	39716	42785	25818
22750	39872	42708	25903
22767	39221	42491	26627
22858	38919	42505	26789
23126	38647	42499	27077
22893	38449	42554	27136
22881	38548	42672	27089
22649	38229	42938	27173
22824	38507	42685	27068
22909	38557	42557	27006
23120	38376	42346	27114
23351	38340	42220	27385
23336	38080	42368	27621
22885	37770	42876	27380
22348	38281	43291	27395
22288	38068	43253	27424
21992	38232	43677	27470
21640	37904	44094	27767
21144	37726	44393	27912
21134	37591	44215	27741
21326	37547	44245	27824
21385	37498	44079	27882
21579	37387	44072	28101
21407	37301	44239	28417
21154	37182	44507	28534
21268	37157	44421	28215
21156	37024	44360	28455
21352	37076	44323	28504
21142	37046	44386	28230
21200	37574	44188	28026
21419	37842	44391	27954
20999	37662	44616	27986
20905	37643	44480	27884
20663	37583	44889	27877
20570	37423	44804	28188
20783	37182	44523	28236
21163	37138	44350	28458
21157	37035	44289	28585
21016	37070	44481	28288
20899	37391	44858	27881
20678	37752	44989	27780
20306	37700	45190	27610
20307	37990	45209	27236
20499	38410	44991	27067
20573	38535	45138	26965
20368	38525	44939	27268
20622	38310	44768	27232
20660	38290	45060	27479
20496	38088	44805	27264
20808	38609	44641	26861
21065	38762	44484	26949
21030	38665	44467	26781
21155	38775	44249	26803
21566	38597	43971	26830
21598	38884	44046	26519
21701	39067	43654	26529
22038	38697	43451	27003
22209	38661	43113	26855
22573	38712	43031	26765
22887	38688	42720	27033
22975	38342	42355	27026
23514	38654	41843	26902
23784	38653	41643	26783
23792	38862	41440	26902
24308	38440	41056	26946
24562	38830	40977	26728
24706	39155	40908	26005
24734	39717	40841	25667
24862	39853	40587	25811
24996	39447	40406	26180
25068	39145	40834	26595
24405	38733	41209	26579
24415	39102	40786	26401
24923	38946	40278	26981
25336	38509	40232	27037
25267	38480	40237	27003
25381	38414	40139	26817
25277	38871	40295	26542
25063	39047	40429	26729
24956	38860	40504	26872
24874	38741	40722	26620
24514	38697	41157	26705
24612	38682	40877	26822
24511	38505	40965	27228
24974	38413	40787	27196
24548	38136	41191	27484
23926	38049	41651	27526
23680	38151	41897	27296
23653	38272	41655	27282
23937	38330	41532	27184
24233	38278	41265	27331
24279	38238	41087	27369
24362	38158	41187	27173
24298	38385	41499	27055
23793	38658	41733	26730
23934	39105	41435	26630
24059	38910	41553	26667
23973	38705	41686	26972
23534	38646	41850	26857
23622	38685	41985	26993
23513	38445	41744	27078
23882	38477	41665	27211
23904	38193	41483	27587
23935	37910	41630	27828
23245	37753	42358	27763
23370	37884	42191	27575
23424	37962	41935	27605
23713	37886	41945	27503
23547	38143	41829	27287
23503	38395	42150	27069
23591	38464	41792	26862
23599	38677	42000	27151
23532	38373	41735	27448
23892	38033	41377	27618
24225	37988	40922	27625
24712	38159	40714	27506
24853	37923	40677	27615
24816	37820	40588	27629
24953	38093	40530	27156
25154	38382	40334	27398
25185	38074	40574	27607
24730	37883	40986	27837
24319	37771	41144	27892
24430	37498	41231	28224
24119	37263	41462	28285
23989	37288	41410	28320
24143	36945	41636	28490
23842	36972	41692	28522
23879	37310	41616	28557
23952	36868	41618	29045
23980	36498	41504	29044
24012	36449	41766	29158
23728	36332	41952	29079
23704	36448	42202	28866
23286	36648	42434	28656
22936	36999	42388	28193
23127	37206	42353	28296
22877	37223	43003	28273
22299	37359	43317	28190
22228	37243	43177	28381
22297	37174	43377	28374
22218	37227	43136	28266
22439	37451	43243	28003
22084	37604	43554	27786
22282	37963	43461	27654
22183	38029	43408	27665
22302	37848	43232	27573
22241	37955	43307	27518
22098	37971	43555	27607
21779	37974	43954	27859
21490	37479	44095	28174
21344	36989	44162	28504
21295	37185	44310	28090
21312	37515	44210	27936
21399	37609	43832	27823
21747	38019	43711	27275
22031	38328	43364	27328
22143	38081	43256	27322
22475	38202	43096	27127
22621	38350	42929	27421
22541	38073	42780	26992
23043	38677	42250	26667
23412	39221	41977	26416
23691	39257	41836	26135
23505	39449	42182	26007
23040	39687	42610	25767
22758	39570	43202	26146
22033	39321	43310	26293
22664	39152	43197	26149
22429	39353	43077	26278
22614	39324	42654	25981
23119	39780	42359	25591
23039	39773	42299	25831
23115	39754	42249	26000
23175	39371	42298	26301
23168	39133	42432	26411
23102	39299	42478	26258
22679	39131	42758	26269
22725	39253	42817	26393
22668	39375	42965	26414
22702	38763	42725	27169
22961	38422	42710	27078
22916	38228	42692	27419
22967	38006	42497	27733
22964	38181	42551	27446
23141	38100	42242	27300
23498	38342	41953	26844
23763	38885	41629	26488
23989	38968	41437	26493
24338	38835	40984	26710
24941	38764	40870	26644
24487	38975	41291	26601
24204	38999	41273	26260
24302	39218	40885	26422
24989	39206	40553	26288
25085	39113	40229	26555
25467	38670	39951	26943
25425	38489	40144	26964
24988	38415	40465	27333
25001	38019	40555	27559
24917	37865	40773	27373
24413	38257	41402	27282
23847	37955	41801	27791
23835	37813	41863	27756
23875	37984	41502	27472
23989	37975	41481	27716
24016	38035	41647	27561
23749	38295	41883	27329
23434	38366	42207	27055
23404	38364	42004	26990
23646	38541	41706	27182
23888	38294	41667	27338
23942	38433	41152	27010
24585	38571	41012	27023
24167	38534	41482	26873
23846	38772	41857	26876
23760	38749	41945	26667
23634	39014	41945	26439
23435	39271	42154	26174
23409	39402	41991	26133
23470	39478	42091	25698
23074	39713	42414	25625
23357	39985	42168	25432
23234	40068	42539	25423
23049	40002	42478	25726
22614	39723	42958	25714
22654	39806	42899	25891
22807	39641	42638	25977
22896	39267	42648	26690
22713	38726	42582	26594
22920	38788	42481	26879
23299	38810	41977	26575
23728	39165	41822	26374
23734	39152	41847	26181
23576	39474	42121	26230
23417	39242	42096	26484
23267	39094	42574	26428
22984	39219	42425	25979
23085	39637	42371	25716
23361	40003	42000	25225
23953	40493	41349	24837
24432	40772	41066	24805
24510	40682	41170	25098
24262	40235	41293	25566
24252	40206	41463	25400
24029	40158	41652	25304
23833	40242	41665	25514
23784	40000	41724	25150
23748	40549	41987	24671
23344	41090	42525	24437
23094	40960	42325	24738
23135	40844	42282	25026
23353	40475	42189	25403
23214	40258	42506	25200
22607	40435	42804	24979
22792	40406	42850	25262
22909	40310	42461	24997
23106	40343	42416	25110
23114	40461	42422	25027
22925	40283	42496	25375
22917	40204	42903	25574
22415	39629	43419	26036
22017	39301	43714	26183
21862	39262	43722	26299
22005	39393	43503	26052
22096	39312	43794	26300
21703	39371	43819	26185
21799	39224	43913	26601
21544	38581	43904	26998
21615	38483	43708	26943
21917	38444	43661	26979
22073	38591	43687	26831
21590	39023	43837	26626
21732	38947	43760	26514
21678	38977	43998	26544
21269	39004	44225	26559
21354	38940	44225	26372
21403	39027	44332	26201
21016	39225	44517	26509
21034	39156	44364	26395
21103	39504	44481	26265
20987	39168	44699	26552
20965	38870	44460	26694
21009	38802	44663	26559
20972	38894	44297	26596
20982	38894	44656	26779
20764	38816	44865	26796
20772	38829	44718	26740
21045	39059	44518	26853
21142	38619	44016	27061
21505	38574	44095	26811
21649	38650	43813	26617
21721	38658	44051	27292
21342	38018	44383	27715
21254	37574	44190	27822
21450	37885	44192	27644
21251	37687	44163	27712
21291	37669	44335	27905
20908	37566	44781	28103
20696	37032	44696	28530
20875	37013	44875	28408
20595	37225	44839	28258
20845	37343	44895	28081
20799	37396	44750	27950
20824	37453	44692	28046
20594	37310	44903	28300
20405	37128	45250	28483
20336	37129	44950	28295
20912	37041	44477	28725
20999	36814	44357	28890
21131	36310	44374	29677
21190	35694	44739	29974
20436	35168	45116	30692
20434	34903	45072	30653
20554	34870	45196	30623
20484	35096	45236	30041
20096	35765	45622	29837
19838	35845	45720	29581
19685	36041	45746	29884
19805	35691	45653	30020
19915	35519	45569	29979
19940	35347	45680	29925
19880	35599	45632	29817
20069	35769	45273	29956
20647	35576	44762	29689
20789	35696	44636	30076
20985	35501	44599	30314
21280	35203	44441	30311
21023	35205	44538	30308
21145	35448	44398	30102
20917	35419	44906	29977
20490	35447	45006	30014
20665	35539	45207	29810
20144	35497	45552	29811
19968	35920	45612	29821
20012	35929	45583	29642
19915	35932	45801	29705
19666	35759	46116	29820
19416	35366	46005	30472
19795	34791	45615	30870
19956	34607	45612	31198
19965	34675	45702	30808
19895	34873	45904	30610
19708	34789	45875	30509
19733	35051	45703	30539
19898	34985	45670	30476
19630	35130	46268	30421
18873	34918	46992	30478
18716	35253	46992	30285
18584	35086	46838	30242
18670	35440	46949	29891
18528	36217	47161	29125
18375	36484	47121	28876
18486	36610	47016	28842
18540	36624	46936	28910
18930	36551	46471	29075
19079	36515	46171	29099
19369	36120	45892	29428
20030	35932	45276	29628
20478	36100	45103	29467
20624	36012	44903	29826
20607	35888	45088	29607
20402	35950	45062	29472
20290	36109	45207	29461
20255	35877	45261	29900
20297	35749	45393	29779
20206	35607	45297	29910
20421	35792	45112	29970
20640	35350	45160	30215
20301	35306	45342	30050
20070	35426	45474	30147
20021	35510	45351	29817
20032	35923	45437	29608
20051	36047	45583	29221
19718	36168	45652	29394
19851	36218	46110	29119
19290	36269	46258	29203
19108	36386	46577	29174
18815	36455	46734	28884
18868	36726	46357	28663
19262	37076	46313	28215
19234	37015	46004	28308
19546	37026	45754	28588
19760	36762	45822	28757
19321	36804	46659	28863
18705	36593	47121	29115
18389	36460	47573	29089
17783	36326	48070	29482
17461	35977	48160	29722
17395	35828	47954	29749
17642	35817	47592	29637
17964	36007	47540	29488
17948	35917	47490	29741
17883	36049	47752	29490
17949	35841	47510	29778
18260	35708	47318	29588
18534	35947	46677	29658
19232	35647	46232	29874
19351	35760	46078	29641
19422	35812	46077	29805
19354	35762	46433	29464
18793	36510	46887	28960
18526	36671	47251	28680
18255	36869	47447	28668
18242	36525	47277	28979
18194	36589	47189	29016
18566	36389	47096	29173
18128	36312	47293	29061
18416	36653	47236	28804
18212	37001	47424	28615
18108	36772	47535	28744
17777	36855	47763	28633
17755	36768	47606	28804
18043	36516	47318	29258
18384	36450	46855	29184
18742	36506	46499	29078
18950	36468	46425	29033
18934	36506	46497	28951
19059	36498	46710	29197
18659	36074	46863	29541
18462	36045	47114	29281
18313	36039	46867	29493
18852	36004	46378	29920
19412	35474	46015	30140
19768	35426	45740	30311
20035	35467	45375	29969
20365	35524	45225	30081
20184	35537	45610	29855
19779	35757	45949	29610
19386	36067	46234	29378
19245	35832	46413	29586
18962	36130	46695	29076
19009	36637	46960	29322
18587	36136	46852	29441
18735	35996	46721	29394
19078	35803	46384	29816
19226	35720	46329	29652
19177	36074	46620	29369
18949	36207	46367	29367
19454	36220	46031	29471
19485	36229	46060	29293
19626	36235	45969	29574
19786	35990	45486	29500
20007	35611	45642	30307
19845	35110	45760	30520
19406	34817	46108	30529
19451	35052	46076	30352
19595	34968	45619	30755
20186	34845	45147	30786
20245	34753	45517	30864
19725	34843	46155	30671
19436	34927	46045	30900
19450	34577	45937	30887
19524	34572	46216	30882
19377	34605	46350	31052
19035	34238	46617	31582
18979	34022	46546	31673
19239	33754	46472	31862
18792	33454	46769	31869
18848	33565	46631	32180
18735	33242	47118	32310
18164	33261	47478	32544
18054	32910	47666	32614
17910	32915	47612	32658
17703	32928	47924	32703
17533	32978	47869	32831
17803	32760	47639	32698
17925	32867	47447	32725
18347	32787	47084	32331
18570	33291	46869	32131
18633	33513	46780	32167
18744	33486	46464	32083
19170	33492	46498	32186
19059	33094	46664	32456
18960	32957	46316	32719
19262	32933	46388	32653
19363	32926	46052	32952
18971	32945	46670	32683
18684	33150	47054	32193
18619	33671	46831	31620
18847	34314	46646	31084
18892	34443	46514	31045
18888	34401	46600	31254
19137	34102	46172	31378
19231	34480	46340	31106
19219	34552	46241	31321
19269	34230	46596	31420
19256	34486	46335	31051
19042	34618	46468	30744
19255	34876	46058	30708
19506	34878	46001	30673
19516	34731	46150	30641
19607	34905	46027	30951
19633	34449	45720	31341
19732	33993	45986	31594
19476	33599	46261	31937
19280	33469	46678	31997
19080	33406	46319	32033
19191	33435	46441	31811
18848	33775	46605	31657
19104	33909	46506	31614
18965	33736	46579	32012
18722	33544	46765	31936
18899	33548	46567	31851
19020	33704	46612	32146
19121	33310	46253	32301
19394	33685	46247	31649
19104	33902	46356	31746
19389	33767	46023	31233
19457	34458	45909	31028
19818	34579	45412	30790
20180	34870	45347	30361
20140	35450	45487	29943
20048	35762	45290	29733
20089	35631	45338	29986
20331	35416	44877	30392
20725	35009	44796	30429
20830	35104	44859	30718
20642	35065	44804	30420
20746	35349	44861	29874
20568	35867	45060	29490
20332	36394	45346	29183
20305	36848	45274	28560
20098	37336	45544	28191
20007	37407	45393	28134
20150	37714	45079	27854
20667	37641	45130	28068
20184	37197	45249	28496
20151	37136	45228	28242
20272	37294	45132	28029
20639	37852	44760	27567
20755	37990	44824	27461
20803	38049	44612	27306
20829	38106	44659	27294
20749	38497	44931	26880
20754	38769	44564	26650
21113	38881	44417	26552
21301	38960	44014	26632
21476	39057	44225	26394
21303	39099	44524	26282
21151	39442	44226	26067
21414	39430	43640	26140
21791	39526	43752	25979
21550	39453	43772	26085
21548	39571	43591	25783
22086	39920	43069	25544
22686	40105	42752	25410
22645	39855	42774	25259
22725	40284	42916	24965
22755	40742	43141	24841
22499	41011	43242	24501
22104	41110	43703	24248
21724	41644	44079	23752
21320	41584	44296	23822
21490	41574	43916	23721
21709	42033	43566	23317
21960	42598	43745	22835
21691	42708	43777	22760
21641	43090	43801	22212
21710	43329	43737	22296
22024	43380	43539	22140
21932	43259	43622	22472
21786	43262	43794	22325
21665	43028	43920	22806
21611	42583	43849	22982
21728	42607	43364	22819
22167	42781	43184	22849
22305	42502	42934	23068
22292	42642	43343	22948
22414	42628	43066	23033
22453	42330	42990	23231
22556	42399	42961	23147
22443	42542	42818	22835
22837	42670	42425	22792
23275	42937	42226	22509
23333	43304	42006	22095
23588	43647	41697	21802
23854	43386	41510	22203
24339	43559	41230	22135
24213	43364	41309	22180
24270	43528	41397	21739
24257	44130	41398	21292
23974	44296	41475	21196
24191	44147	41184	21366
24433	44517	41191	21033
24294	44623	41415	20778
24197	44876	41323	20644
24142	45260	41090	20300
24779	45370	40481	20184
25154	45298	40116	20428
25440	45050	39883	20640
25789	45161	39732	20204
25741	45416	39816	19829
25671	45778	39464	19799
26219	45542	39311	20052
26473	45488	39244	20016
26497	45667	39033	20033
26688	45435	38658	20163
26907	45355	38566	20091
27111	45324	38670	19968
26732	45895	38949	19233
26525	46558	38715	18966
26561	46516	39038	18863
26300	46660	39283	18999
25836	46367	39838	19185
25784	46300	39753	19236
25629	46128	40060	19370
25169	46034	40607	19843
24830	45401	40837	20270
24562	45156	40854	20517
24760	44899	40551	20927
25028	44706	40733	20763
24874	44500	40708	21129
24980	44375	40478	20933
24997	44713	40531	20602
25018	44861	40515	20691
25105	44735	40485	20757
24887	44702	40402	20661
25418	44866	40400	20679
24938	44901	40758	20867
25000	44494	40751	21012
24758	44427	40814	21224
24484	44108	41019	22010
24303	43421	41190	22383
24059	42907	41560	23113
23845	42251	42000	23425
23327	42033	42639	23657
22771	41803	42632	23713
22753	41841	42984	23533
22533	41923	43265	23693
22465	41853	42941	23786
22716	41954	42897	23465
22732	42267	42878	22778
22461	42754	43210	22800
22293	42637	43422	23210
22318	42187	43046	23277
22400	42197	43323	23527
22140	42153	43190	23499
22325	42032	43029	23448
22616	41954	43111	23928
22400	41584	43313	24136
22105	41549	43570	23828
21983	41897	43644	23620
22121	41905	43292	23755
22236	41817	43409	23813
21850	41710	43925	24014
21367	41464	44085	24163
21403	41392	44029	24103
21665	41570	43682	23785
21982	42183	43441	23058
21957	42535	43567	22888
22120	42674	43545	23141
21952	42153	43346	23514
22131	42092	43405	23539
22067	41869	43250	23704
22428	41962	42995	23480
22503	41968	43014	23372
22617	42449	42912	22429
22909	43404	42398	22148
23561	43656	41911	21691
23610	44134	41649	21366
23993	44030	41574	21459
24123	43938	41371	21749
24284	43865	41178	21786
24338	43910	41227	21556
24306	44080	41108	21545
24604	44019	41002	21641
24501	43632	40972	22113
24386	43241	41510	22432
24158	42988	41069	22525
24389	43080	41648	22481
23701	42966	41839	22587
23663	43300	42194	22124
23019	43327	42776	22320
22635	43161	42991	22761
22329	42684	43232	23060
22269	42496	43115	23037
22354	42631	42973	22809
22799	43041	42555	22289
23047	43625	42411	21983
23157	44027	42198	21367
23348	44090	42247	21472
22769	44138	42597	21535
23129	43967	42679	21553
22725	44105	43002	21360
22410	44152	43206	21553
22492	44080	43032	21734
22608	43734	42507	21934
23075	43606	42210	21820
23137	43842	42420	21511
23050	43881	42354	21733
23166	43936	42064	21314
23559	44391	41852	21051
23601	44625	41896	21008
23602	44407	41832	21175
23705	44332	41833	21348
23577	44137	42176	21575
23199	43889	42206	21842
23301	43846	42236	21535
23249	43918	42528	21679
23176	43579	42421	21915
23257	43563	42325	22179
23221	43390	42468	22153
22844	43325	42617	22252
23189	43579	42189	22021
23245	43915	42124	21503
23352	44035	41816	21669
23766	43930	41659	21693
23748	43727	41842	22049
23814	43534	41767	21748
23796	43791	41847	21817
23690	43488	41759	22442
23715	43102	41748	22757
23665	42554	41798	23411
23631	42058	41923	23575
23375	41886	42343	23311
23088	42439	42441	23159
23157	42378	42205	23301
23146	42059	42534	23510
22975	42304	42606	23334
22915	42298	42998	23310
22762	42052	42933	23421
22490	41982	43120	23504
22509	42032	43055	23454
22635	41854	42950	23877
22460	41445	43100	24309
22563	41008	43059	24651
22628	40462	43065	25379
22439	40186	43033	25175
22498	40448	43122	25196
22432	40564	42846	25090
22745	40447	42710	25140
23075	40160	42577	25254
22701	40511	42912	24968
22739	40665	42704	24929
22783	40373	42791	25324
22787	40234	42608	25514
23175	39971	42218	25579
23475	39928	41957	25426
23626	39936	41712	25348
23789	40139	41574	25285
23893	40289	41795	25193
23675	40424	41811	24945
23670	40860	41786	24602
23695	40620	42157	24954
23230	40362	42427	25347
22980	40075	42456	25255
23118	40107	42486	25195
23151	40294	42428	25020
22990	40506	42479	24804
22859	40732	43065	24701
22370	41002	43327	24438
22398	41378	43102	24095
22422	41687	43279	23972
22556	41546	42795	24057
22831	41283	42661	24304
22779	41318	42884	24080
22623	41479	42911	23934
22588	41785	42784	23752
22764	41809	42671	23911
22692	41629	42861	23933
22454	41443	42976	24341
22688	40646	42808	25047
22914	40375	42482	25349
23232	40456	42424	25194
22898	40425	42986	25022
22441	40694	43140	24719
22315	40979	43298	24442
22462	41338	43238	24095
22036	41278	43552	24372
22050	41163	43593	24539
21744	40927	44020	24576
21305	41146	44265	24434
21167	41118	44140	24490
21493	41095	44160	24200
21333	41202	44292	24470
21295	40849	44364	24493
21091	40754	44275	24983
21444	40594	44004	24807
21479	40600	44214	24723
21272	40903	44541	24977
21042	40771	44565	24692
20902	40851	44598	24574
20841	40780	44780	24711
20608	40877	44823	24533
20323	41080	45322	24536
20186	41186	45279	24329
20133	41033	45610	24652
20090	40851	45394	24552
20151	40773	45344	24790
20017	40688	45264	25016
20279	40623	45312	24898
20128	40683	45225	24730
20018	40886	45517	24859
20428	40517	45216	24979
20047	40742	45645	24746
19941	41002	45529	24497
20001	40788	45546	24737
20010	40935	45645	24611
20057	40457	45322	25149
20279	40077	45196	25607
20491	39807	44811	25754
20872	40016	44647	25294
21273	40300	44082	25232
21439	40183	44284	25463
21491	39966	43812	25797
21693	39587	43738	25991
21755	39625	43667	25876
21998	39615	43563	25755
21947	39846	43471	25750
22241	39515	43055	26033
22599	39536	42863	25951
22563	39346	42915	26383
22918	39080	42672	27050
22726	38382	42982	27327
22421	37957	43289	27575
22159	37894	43456	27608
22098	37883	43300	27671
22483	37793	43269	27775
21953	37599	43631	28348
21927	37171	43463	28440
21957	36961	43476	28668
22199	36942	43516	28516
22078	36934	43291	28858
22389	36548	43092	29064
22406	36305	43342	29642
22335	35672	42838	29804
22636	35802	43138	29778
22238	35737	43269	29635
22174	36026	43262	29217
22215	36457	43377	29273
21925	36515	43698	28904
21738	36585	43853	28668
21511	36949	43705	28399
21921	37132	43842	28570
21585	37113	44261	28355
21072	37315	44522	27948
21047	37862	44384	27656
21209	38055	44323	27379
21233	38057	44304	27497
21387	38135	44142	27257
21411	38257	44051	27312
21390	38030	44285	27538
21496	38084	43904	27522
21551	37981	44077	27296
21901	38149	43554	27325
22147	38102	43285	27584
22364	38035	43323	27218
22255	38265	43064	27258
22618	38188	42668	27150
23144	38288	42441	27290
23009	38277	42535	27174
22788	38190	42958	27472
22183	38142	43735	27644
21507	37856	44149	27749
21147	37486	44446	28054
20971	37270	44783	28272
20926	37169	44647	28086
20809	37472	44664	27958
21074	37744	44365	27798
21241	37738	44341	27758
21053	37825	44278	27463
21337	38089	44199	27508
21317	38146	44130	27467
21642	37965	44014	27748
21549	37507	44111	28089
21220	37697	44245	27826
21374	37893	44190	27739
21299	37845	44210	27527
21144	38143	44446	27546
21004	38088	44597	27522
20850	37834	44922	27837
20465	37675	45212	27827
20339	37804	45085	27931
20213	37545	45559	28036
20105	37488	45598	28341
20131	37158	45280	28380
20021	37288	45808	28397
19748	37177	45700	28110
19904	37751	45784	27781
19840	37970	45521	27615
20491	37944	45005	27454
20580	38179	44955	27357
20702	38301	44892	27163
20583	38475	44949	26942
20525	38628	45133	26910
20527	38617	44872	26893
20679	38510	44959	27025
20332	38516	45319	27056
20165	38593	45472	26829
19835	38945	45703	26490
19946	39073	45535	26483
20026	39016	45690	26824
19935	38929	45520	26517
19986	39104	45825	26430
19539	38940	45916	26596
19576	38824	45951	26856
19681	38535	45797	26895
19767	38950	45746	26590
20158	38843	45352	26714
20403	38544	45167	27149
21079	38302	44510	27266
20965	38344	44540	27164
21077	38333	44570	27178
21060	38238	44382	27113
20993	38446	44472	26771
21069	39047	44343	26478
21264	39067	44243	26571
21436	39132	44139	26249
21455	39238	44202	26015
20972	39575	44533	25909
21005	39722	44598	26037
20718	39268	44732	26645
20895	39035	44787	26619
20669	38858	45003	26822
20530	38923	45104	26516
20264	39212	45368	26483
20195	38988	45290	26290
20215	39322	45111	26325
20464	38953	44890	26420
20973	39243	44302	26421
21283	39379	44294	26328
21364	38927	44194	26738
21526	38791	44010	26853
21622	38686	43813	27036
22011	38708	43487	26852
21827	39004	44032	26481
21364	39068	44335	26417
21234	39156	44373	26487
21243	39065	44319	26811
21417	38828	44072	27123
21526	38437	44163	26985
21465	38260	44096	27191
21469	38549	43906	27110
21795	38220	43752	27391
22015	38241	43060	27450
22435	37855	43119	27722
22682	37634	42619	27696
22985	37984	42340	27414
23507	38507	41858	26965
23734	38915	41792	26267
23769	39173	41859	26632
23838	38725	41581	26794
24130	38759	41195	26612
24388	38995	40750	26323
24560	39329	40940	26114
24523	39629	41289	25934
24365	39364	41252	26035
24128	39707	41401	25660
23954	39862	41709	25516
23898	40050	41490	25469
24135	40257	41519	25271
24097	40228	41501	25324
24103	40251	41235	25423
24216	39867	41518	25757
23891	39967	41552	25576
24195	39958	41348	25603
24181	39927	41151	25416
24614	40283	40677	25313
25136	40312	40416	24896
25220	40885	40054	24539
25597	41200	39943	24329
25538	41267	39967	24058
25376	41875	40213	23743
25353	41758	40268	23760
25062	41952	40596	23570
24969	41793	40697	23657
24666	41420	40859	23812
24720	41964	40788	23437
24674	42295	40919	23247
24339	42115	41420	23531
24115	41803	41479	23832
23969	41800	41471	24192
23864	41215	41350	24256
23947	41308	41768	24343
23899	41233	41674	24308
23986	41070	41552	24491
24097	41031	41480	24349
24084	41211	41594	24230
23614	41468	42080	23995
23581	41468	42062	24106
23063	41399	42553	24326
22945	40920	42641	24710
22914	40684	42750	24797
22552	40857	43120	24890
22129	40464	43296	25103
22306	40586	42909	24861
22787	40840	42762	24638
22527	40831	43063	24961
22479	40658	43089	24543
22718	41072	42680	24377
22967	41399	42539	23713
22848	41796	42961	23901
22376	41425	43183	24129
22339	41583	43095	24019
22325	41455	43449	23965
22050	41508	43697	24133
21828	41552	43518	23676
22325	41877	42897	23738
22605	41744	42847	23542
22586	42025	42768	23806
22827	41813	42947	23564
22520	42000	43028	23624
22577	41703	42918	23888
22742	41550	42604	24068
23021	41643	42582	24062
22953	41278	42587	24451
22912	41154	42688	24452
23010	40892	42495	24671
23033	40941	42538	24542
22839	40920	42705	24718
22830	40942	42554	24677
23061	40699	42370	24801
23108	40592	41918	25015
23770	40653	41868	24848
23640	40607	41937	25185
23491	40602	42003	24768
23340	40237	42362	25366
23021	39805	42641	25982
22819	39592	42953	26132
22418	39501	42928	25850
22679	39755	42836	26094
22580	39062	43158	26332
22305	39038	42837	26247
22730	39341	42864	25983
22694	39298	42915	26199
22613	39369	42755	26295
22743	39474	43028	26169
22349	39045	43097	26470
22465	39121	43180	26392
22222	39392	43363	26236
22037	39435	43596	25781
22124	39596	43317	26209
22546	38928	42914	26858
22743	38873	42986	26694
22612	39180	42490	26232
23164	39520	42439	26232
23064	39265	42657	26487
22433	39316	43297	26128
22186	39710	43462	25903
22225	39867	43042	25531
22549	39951	43117	25588
22430	39833	43225	25597
22333	39908	43155	25968
22419	39770	42789	25729
22634	39758	42654	25990
22879	39492	42821	26155
22853	39487	42656	26129
22835	39542	42728	25900
22731	39491	42693	26130
22805	39456	42982	26459
22306	39320	43468	26419
21873	38906	43941	26954
21457	38551	44372	26777
20918	38724	44361	26981
21374	38310	44015	27089
21635	38427	43884	26951
21620	38400	43879	27099
21674	38274	43767	27273
21762	38146	43461	27489
22116	38129	43186	27327
22366	38310	43388	27041
22123	38589	43503	26920
21882	38423	43890	26954
21648	38621	44045	26957
21342	38590	43935	27194
21956	37944	43529	27561
21971	38022	43836	27515
21514	37994	44270	27970
21028	37438	44713	28083
20536	37475	44965	28096
20609	37521	44919	27851
20621	37645	45126	27765
20218	38031	45338	27617
20264	38011	45190	27729
20613	37944	45059	27709
20502	38073	44872	27496
20790	37886	44901	27552
20732	38142	44751	27332
20649	38345	44936	27212
20655	38570	45191	26803
20280	38882	45429	26710
20038	38988	45612	26678
19772	38907	46066	26727
19693	38754	45701	26685
19931	39006	45803	26508
19836	39048	45856	26270
19773	39472	45614	25982
20022	39331	45471	26125
20050	39882	45670	25503
19807	40288	45922	25284
19539	40371	46164	25364
19631	40064	45779	25358
19659	40159	45857	25606
19463	40465	45780	24799
19812	40893	45789	24702
19306	40735	46408	24745
18700	40553	47078	24745
18750	40745	46816	24848
18730	40754	46637	24796
18723	40811	46806	24857
18869	40599	46757	25217
18930	40244	46708	25239
19044	40110	46521	25381
19107	39986	46508	25350
18905	40534	46714	25126
18804	40445	46831	25110
18676	40306	46766	25133
18984	40092	46561	25459
18931	39896	46236	25527
19439	39984	45995	25862
19528	39373	45996	26342
19680	39468	45778	26267
19634	39443	45871	25957
19633	39725	45620	25973
20016	39364	45721	26651
19757	39109	46034	26346
19724	39446	45824	26149
19672	39412	45933	26062
19362	39311	46121	26190
19450	39088	46310	26325
18945	39130	46667	26594
18628	38851	47046	26614
18499	38663	46991	26638
18514	38855	47030	26691
18578	38991	46955	26758
18780	38797	46853	26776
18691	38896	46787	26653
18914	39138	46676	26394
18913	39371	46380	25993
19047	39684	46523	25719
18782	39678	46948	25871
18563	39743	47082	25882
18411	39589	47291	25822
18155	39698	47283	25885
18457	39418	47077	26141
18541	39407	47063	26023
18543	39235	46789	26329
18586	39339	47051	26089
18382	39619	47005	25710
18700	39570	46879	25970
18934	39846	45978	25494
19529	40282	46064	25115
19576	40288	46078	25352
19726	39880	45460	25807
20221	39709	45374	25986
20261	39397	45128	26293
20398	39342	45438	26295
20103	39380	45289	26325
20549	39246	45043	26497
20264	38970	45438	26623
19983	38746	45655	26662
20284	38692	44926	26576
20906	39027	44625	26951
20970	38396	44776	27177
20849	37928	44862	27403
20763	38179	44834	27433
20763	38175	44744	27327
20731	37976	44820	27454
20762	38262	44653	27080
20999	38501	44505	27343
21090	38236	44162	27489
21515	37905	43996	27750
21758	37860	43584	27899
21970	37475	43455	28378
22195	37077	43569	28319
22109	37087	43427	28427
22027	36955	43828	28702
21400	36820	44253	28751
21251	36690	44717	28966
20728	36331	44823	29459
20413	35776	44931	29889
20392	35433	45002	30064
20582	35261	44788	30411
20808	34921	44791	30798
20672	34760	45187	30379
20445	35324	45276	30023
20351	35310	45209	30295
20433	35409	45225	30306
20268	35393	45307	30003
20456	35675	45335	29940
20247	35608	45571	29867
19774	35749	45804	29928
19640	35566	45640	29963
20072	35560	45394	29980
20182	35484	45568	30164
19972	35193	45598	30506
20122	34874	45267	31057
19840	34349	45909	31598
19722	33750	45687	32035
19631	33113	45963	32538
19687	32791	45439	32910
20056	32723	45480	32774
19676	32685	45815	32645
19456	32720	46101	32912
19380	32628	46175	32991
19516	32522	45933	32816
19716	32652	45814	32900
19876	32312	45780	33613
19858	32119	45565	33402
19871	31983	45935	33751
19704	31670	45958	33983
19471	31251	46321	34460
18999	30761	46504	34934
19222	30573	46425	35350
19194	30022	46400	35647
18813	29692	46433	35825
19067	29681	46797	35950
18728	29421	46573	36231
19148	29440	46254	36142
19296	29686	46253	35887
19517	29659	45983	35480
19449	30252	46318	35308
19364	30149	45831	35318
19794	30397	45703	35146
20003	30482	45606	35299
20058	30247	45255	35279
20294	30120	44892	35380
20594	30061	45188	35670
20225	29925	45376	35669
20260	29565	45451	35730
19867	29713	45688	35977
19416	29586	46291	36215
19109	29305	46600	36042
18717	29415	47047	36118
18372	29421	47206	36479
18376	28885	47043	36722
18368	28829	47453	36970
18065	28641	47758	36675
17856	28756	47801	36700
17878	29161	47500	36566
18003	28924	47255	36469
18288	29136	47241	36446
18409	29187	46799	36310
18802	29160	47025	36675
18312	29002	47213	36543
18398	29080	46959	36666
18658	28905	46802	36591
18588	28978	46969	36583
18384	29113	47236	36363
18516	29291	47048	36335
18546	29198	46982	36379
18434	29118	47139	36326
18151	29103	47650	36408
17806	29262	47558	36294
17968	29395	47595	36184
17890	29116	47727	36632
17746	29085	47618	36366
17943	29215	47413	36451
18027	28934	47576	36516
17921	28896	47617	36636
17694	28899	48043	36616
17427	28736	48332	36689
17294	28964	48377	36524
17168	28978	48508	36279
16960	29216	48570	36483
17136	29291	48339	36184
17189	29322	48146	36149
17451	29216	47766	36416
17677	28965	47825	36815
17581	28851	48145	36581
17322	28680	48046	36843
17289	28733	48047	36632
17863	28973	47344	36467
18189	29274	47385	36223
18323	29253	47018	36226
18580	29408	46790	36299
18906	29434	46721	36002
18874	29462	46705	36101
18886	29151	46649	36269
18926	29400	46576	36194
18756	29178	46750	36616
18553	28852	46819	36820
18733	28664	46695	37062
18671	28539	46957	36955
18435	28516	47184	37080
18440	28505	47145	36609
18604	28678	47024	36955
18501	28785	47155	36814
18396	28645	47239	36894
18474	28545	47225	37016
18443	28450	46806	37118
18739	28123	46716	37397
18606	28216	47017	37445
18501	28075	47187	37544
18536	27904	46887	37352
18592	28062	46943	37511
18618	28327	47140	37390
18338	28006	47479	37565
18042	28447	47734	37274
17697	28492	47773	37096
17942	28585	47505	36988
18229	28561	47029	36918
18791	28775	46526	36388
19165	29389	46192	36009
19415	29513	45979	35991
19359	29425	46215	36129
19383	29516	45873	35913
20003	29627	45514	35684
20148	30100	45321	35392
20189	30262	45131	35240
20431	30497	45027	34818
20403	30813	44954	34807
20720	30589	44985	34879
20497	30800	45148	34363
20259	31225	45357	34409
20301	31320	45238	34171
20177	31657	45561	33707
20235	31768	45436	33897
20202	31648	45290	33640
20398	32032	45201	33712
20498	32007	44939	33638
20119	31662	45523	33846
20212	31709	45422	33815
20329	31929	45247	33708
20159	31822	45305	33674
20137	31765	45221	34070
20522	31372	44841	34232
20612	31235	45129	34598
20589	31234	45030	34264
20241	31716	45403	33897
20137	31537	45643	34030
19961	31620	45682	33786
19988	31694	45808	33821
19522	31809	46029	33728
19524	31870	46189	33951
19535	31565	45775	34055
19673	31016	45707	34425
19684	30874	45907	34606
19516	30773	46058	34778
19609	30600	45810	35143
19941	30082	45743	35350
19810	30171	45773	35395
19602	30350	46138	35084
19297	30542	46123	35062
19557	30421	46052	35175
19596	30502	45934	35058
19712	30456	45733	34957
19795	30709	45747	34662
19926	30696	45290	34813
20224	30634	45476	34908
20077	30618	45411	34758
20177	30717	45382	34719
20294	30920	45394	34557
20101	31032	45416	34545
20334	31054	45176	34509
20408	30961	45184	34705
20490	30799	45032	34554
20378	31340	45096	34296
20278	31285	45188	34238
20321	31276	44842	34363
20791	31349	44668	34022
20619	31653	45072	33735
20773	31769	44683	33898
20827	31459	44808	34242
20404	31078	45130	34634
20174	30601	45308	35043
19934	30331	45821	35264
19455	30364	46203	35472
19418	30211	45996	35201
19225	30309	46244	35135
19214	30393	46226	35127
19175	30537	46336	35034
19397	30728	46295	34793
19087	30883	46415	34723
19090	30793	46790	34811
18444	30778	47337	34534
18009	31021	47422	34600
18042	30895	47386	34619
18147	30763	47462	34878
18300	30745	47127	34275
18521	31198	47305	34577
18191	30957	47153	34466
18630	31148	46796	34308
18740	31427	46832	34303
18775	31122	46891	34146
18895	31230	46459	34315
19202	31374	46203	34057
19362	31737	46175	33722
19255	31966	46177	33694
19404	31884	46025	33667
19506	32034	46157	33365
19457	32290	45858	33387
19582	32280	45912	33294
19607	32184	45822	33657
19581	31603	45835	33917
19588	31889	45994	33371
19859	32342	45770	33309
19825	31933	45548	33548
20237	32114	45324	33233
20221	32449	45298	33078
20151	32445	45110	32988
20353	32355	45185	33085
20389	32645	44954	33049
20574	32454	45014	33433
20501	32279	45099	33294
20553	32435	44984	33210
20259	32577	45401	32982
20283	32603	45186	33078
20165	32371	45255	33264
20316	32537	45281	33286
20437	31957	44835	33556
20648	31740	44837	33775
20405	31777	45239	33658
20042	31723	45784	34067
19883	31489	45747	34185
19782	31386	45839	34013
19604	31339	45835	33972
19522	31571	46087	33992
19432	31543	46111	34017
19422	31546	46151	33991
19325	31736	46543	33907
18584	31497	47234	33961
18331	31335	47203	34618
18560	30886	46946	34637
18728	30874	46573	34648
18755	31145	46805	34408
18580	31293	46826	34193
18751	31146	46606	34409
19083	31275	46450	34352
19159	31111	46509	34343
18888	31043	46644	34358
18651	31385	46822	34314
18512	30957	46950	34448
18694	30898	46696	34716
19219	30624	46134	34900
19601	30652	45967	34914
19609	30654	45931	34925
19559	30710	46097	34619
19306	30812	46342	34424
19093	30944	46431	34263
19361	31478	46304	33862
19560	31729	45755	33698
19863	31716	45770	33860
19608	31412	45990	34167
19551	31274	45874	34282
19672	31223	45899	34310
19501	31406	46005	33848
19684	31745	46080	33599
19303	32127	45955	33600
19540	32210	45941	33187
19440	32581	46008	32609
19840	32950	45646	32646
20124	32945	45495	32508
20271	33435	45159	31888
20375	33761	44986	31750
20562	33774	45059	31798
20452	33626	44907	31953
20803	33635	44637	31839
20860	33640	45114	31926
20430	33747	44817	31777
20983	33829	44555	31610
21094	34052	44252	31409
21230	34300	44306	31113
21246	34249	44349	31447
21176	33987	44198	31413
21335	34249	44152	31264
21270	34525	44354	30889
21279	34759	44073	31007
21744	34417	43904	31380
21666	34391	43833	30979
21723	34438	43534	31087
21762	34391	43592	31141
21979	34462	43669	30870
21778	34522	44045	30976
21231	34597	44378	30865
20957	34716	44761	30789
20798	34639	44817	30899
20151	34669	45589	30899
19822	34508	45588	30880
20257	34855	44946	30835
20695	34761	44833	30954
20520	34680	44925	30491
20800	34940	44944	30382
20618	35051	44720	30512
21155	35318	44436	30148
21209	35362	44364	30402
21065	34885	44514	30878
20952	34914	44670	30740
20959	34682	44823	30723
20571	34753	45126	30805
20390	34874	44981	30891
20635	34913	44667	30764
20868	34761	44626	30867
21046	34490	44259	30894
21311	34768	44311	30805
21316	34893	44165	30718
21498	35002	43805	30623
21771	34979	43744	30470
21786	35047	43561	30212
21784	35382	43730	29859
21791	35618	43761	30019
21922	35371	43529	30371
22023	34989	43778	30650
21797	34915	43841	30407
21723	35250	43807	30292
21729	35213	43834	30424
21644	34983	43924	30947
21497	34403	43867	31001
21865	34509	43946	31037
21742	34563	43691	31029
21854	34609	43816	30929
21421	34409	44182	31179
21391	34395	44147	31040
21338	34443	44161	31294
21229	34008	44351	31768
21365	33592	44078	31574
21511	34032	43997	31514
21487	33972	44207	31571
21563	34091	43760	31219
21923	34272	43878	30918
21745	34702	43835	31145
21698	34348	43880	31172
21640	34346	44240	31111
21016	34675	44684	30778
20701	34779	44738	30656
20874	34748	44670	30595
20833	35033	45068	30434
20339	35023	45270	30439
20391	35056	45142	30490
20369	35068	45241	30502
20296	34888	45314	30821
20095	34575	45495	31261
20146	33908	45279	31705
20259	33570	45322	32050
20442	33277	44716	32577
20714	32928	44725	32607
20707	32711	44848	32780
20749	32769	44928	32939
20780	32515	44927	33284
20752	31910	44587	33725
21061	31761	44408	33597
21161	31627	44452	34083
21183	31533	44350	33795
21265	31901	44463	33909
20854	31635	44796	33741
20822	32059	44455	33777
21090	31694	44376	33978
21277	31879	44218	33719
21368	31850	44246	33992
21063	31328	44318	34380
21102	31004	44340	34239
21303	31427	44273	33855
21249	31709	44740	34040
20819	31522	44729	33782
20995	32085	44457	33481
20926	32144	44726	33259
20322	32385	45489	32914
20085	32590	45384	32962
20299	32335	45071	33335
20701	32218	44888	33386
20639	31992	44839	33704
20719	31926	44687	33365
20897	32086	44576	33446
21169	32129	44366	33094
21199	32466	44186	32750
21289	32938	44558	32499
20748	33162	44636	32044
20614	33430	44992	31999
20633	33668	44935	32152
20548	33512	44842	32257
20983	33255	44556	32290
20954	33029	44859	32509
20714	32825	44554	32870
21056	32611	44373	33236
21452	32564	43961	32655
21672	32918	43982	32550
21589	32980	43984	32242
21296	33501	44200	31725
21337	34116	44123	31429
21578	34063	43701	31423
21827	34267	43570	31334
21858	34203	43798	31209
21836	34381	43695	31172
21729	34134	44020	31331
21250	34207	44323	31105
21062	34627	44547	30730
20763	34485	44921	31163
20767	34431	44821	30759
20783	34958	44925	30570
20662	35138	44897	30273
20509	35206	45082	30356
20546	35213	44796	30403
20854	35270	44392	30049
21365	35580	43676	29891
21823	35794	43390	29815
22269	35711	43003	29891
22777	35824	42539	30057
23207	35148	42297	30664
23178	34655	42462	31039
23051	34344	42634	31119
22785	34262	42761	31208
22641	34647	43036	30590
22226	35282	43409	30072
22000	35496	43722	29834
21821	35620	43646	29964
21999	35734	43433	29884
22232	35560	43416	30041
22154	35445	43448	30118
21921	35198	43726	30486
21794	34890	44004	31054
21535	34364	43942	31163
21755	34419	43570	31146
22050	34301	43335	31412
22348	34110	43178	31185
22282	34116	43307	31809
22592	33547	43006	31951
22676	33647	42945	31684
22568	34010	42823	31697
22570	33967	42812	31598
22913	33838	42436	31755
23210	33564	42399	31954
23224	33760	42201	31732
23481	33852	42056	31542
23825	34408	41490	30846
24177	34637	41304	31022
24220	34644	41482	30616
24012	35124	41774	30247
23838	35340	41527	30168
24023	35241	41493	30195
23757	35400	41908	29993
23145	35597	42565	29707
23027	35978	42792	29363
22717	35816	43135	29695
22222	35835	43374	29560
21631	36233	44109	29330
21025	36143	44864	29426
20516	36503	44938	29020
20492	36617	44891	28821
20599	36727	44879	28859
20550	36761	44978	28873
20420	36598	45237	29114
20130	36422	45285	29146
20152	36256	45239	29347
20161	36145	45464	29473
20299	35604	45248	29873
20386	35671	44885	29750
20623	35892	44758	29348
20689	36340	44789	28957
20681	36764	44843	28821
20972	36774	44295	28507
21353	37210	43821	28163
21736	37334	44175	28408
21222	37169	44323	28158
20879	37455	44860	27887
20499	37539	45266	27579
20262	38096	45374	27544
20054	37918	45457	27459
20016	38418	45658	27073
19852	38748	45641	26680
20103	38848	45573	26697
19816	38857	45865	26655
19616	38736	46094	27136
19251	38028	46501	27751
19046	37702	46399	27680
18905	37938	46576	27262
18987	38177	46677	27279
18962	38128	46336	27576
19180	37868	46347	27672
19575	37922	45912	27614
19744	38064	45913	27694
19451	37596	46306	28284
19086	36960	46536	28898
18813	36242	46904	29404
18854	35929	46433	29835
19042	35694	46544	30287
18879	35227	46540	30380
19015	35004	46522	30614
19085	34707	46458	30799
18968	34550	46518	30853
18894	34497	46700	30888
18743	34603	47018	30907
18517	34613	46859	30758
18942	34795	46600	30535
19115	34962	46287	30635
19294	34935	46306	30730
19183	34831	46184	30835
19592	34731	45824	30777
19654	34819	45985	30032
19484	35444	46424	29931
18955	35711	46506	30046
18841	35434	46880	30311
18866	35344	46731	30057
19139	35461	46281	30037
19363	35425	45982	30124
19465	35459	45920	30034
19663	35575	45800	29731
19852	35942	45545	29704
20160	35931	44997	29538
20768	35952	44424	29562
21326	35955	44032	29704
21440	35607	44442	30222
21248	35321	44471	30060
20807	35220	44841	30384
20499	34931	45124	30697
20374	34907	45099	30507
20800	35180	44458	30446
21507	35023	43739	30652
21744	35080	44121	30504
21333	35156	44185	30362
21291	35289	44355	30190
21161	35065	44656	30380
20890	35186	44496	30304
21005	35353	44477	29953
21103	35682	44250	29700
21576	35789	43794	29651
22037	36093	43273	29109
22414	36751	43222	28326
22341	37488	42838	27885
23177	37560	42225	28048
23546	37602	41675	27823
23901	37905	41532	27449
23925	38344	41698	27233
23839	38281	41469	27419
23664	38189	41931	27204
23574	38135	42040	27498
23676	38245	41780	27492
23625	38031	42049	27360
23642	38464	41857	26955
23698	38696	42046	26775
23470	38714	42207	26697
23513	38787	42148	26805
23378	38741	42312	26757
23293	38958	42187	26721
23456	38713	42245	27133
23291	38377	42019	27214
23652	38017	41780	27849
23569	37552	41810	28159
23569	37330	41920	28117
23559	37739	41797	27826
23819	37647	41877	27510
23621	37939	41629	27548
23867	38062	41337	27428
24205	38185	41416	27369
23933	37950	41299	27477
23936	37823	41474	27871
24569	37784	40629	27565
25094	37953	40239	27665
25474	37740	39763	27813
25719	38090	39681	27389
26024	38061	39426	27413
26232	37888	39211	27812
26557	37667	38881	27923
26750	37718	38658	27586
27276	38056	37900	27420
27780	38155	37824	27253
27647	38575	38137	26935
27341	38680	38498	26895
27207	38722	38378	26692
26935	38859	38600	26530
26973	38944	38354	26628
27043	38868	38480	26475
27181	39409	38644	26178
26733	39167	38630	26197
26775	39353	39031	26152
26367	39453	39241	26115
26098	39448	39599	26005
25729	39413	39951	26100
25657	39528	39734	25965
25934	39363	39524	26152
26026	39362	39546	26391
25691	39141	39985	26420
25479	39232	40041	26302
25529	39215	40151	25956
25073	39455	40342	26061
25147	39592	40314	25841
25066	39871	40812	25760
24765	39625	40862	25939
24632	39723	40852	25732
24645	39753	40885	25978
24722	39370	41091	26348
24573	39086	40823	26442
24700	39136	40843	26706
24413	38629	41196	27127
24212	38293	41504	27181
24004	38274	41530	27223
24086	38366	41683	27015
23866	38434	41948	27181
23338	38019	42446	27586
22947	37904	42555	27686
23003	37769	42680	27542
23098	37820	42336	27792
23167	37765	42338	27878
23276	37408	42105	28046
23359	37630	42254	28248
23448	37249	42031	28275
23552	36984	42055	28439
23451	37276	42132	28258
23582	37197	41909	28683
23509	36760	41922	28746
23678	36766	41860	28543
23675	37071	41750	28339
24201	37314	41439	28114
24034	37493	41538	28230
23659	37277	41921	28391
23564	37342	41939	28067
23481	37536	41960	27989
23519	37530	42106	27986
23382	37613	42160	27937
23285	37692	42523	27891
22884	37365	43112	28199
22471	37370	43176	28173
22319	37014	43136	28503
22287	36896	43159	28567
22477	36866	43154	28720
22271	36828	43163	28771
22478	36704	42993	28723
22528	36711	42762	28834
22638	36476	42997	29071
22547	36381	43193	29162
22292	36202	43222	29174
22442	36225	42963	29245
22447	36585	42997	28783
22744	36742	42629	29040
22981	36256	42409	29396
23202	36088	42397	29484
23164	35993	42565	29501
23019	36180	42669	29514
22845	36026	42913	29682
22413	35699	43118	29651
22523	35651	42980	29904
22499	35615	43235	30010
22238	35207	43237	30255
22315	35255	43195	30375
22363	34949	43257	30696
22252	34621	43003	31166
22756	34402	42579	31295
22990	34365	42566	31337
22846	34078	42560	31712
23190	33818	42637	31810
23047	33798	42473	31756
23424	33754	41939	31752
23798	34037	41664	31553
24064	33935	41403	31622
23993	34016	41230	31655
24268	33833	40972	31623
24498	33986	41167	31403
24513	33931	40829	31846
24689	33918	40804	31687
24564	33876	40963	31523
24667	33934	40864	31584
24832	34098	40719	31458
24907	34036	40745	31388
24508	34301	41194	31542
24344	34030	41134	31614
24279	34214	41261	31204
24121	34488	41506	30947
23798	34589	41983	30865
23059	34570	42792	30697
22150	34772	43785	30759
21605	34766	44117	30714
21239	34604	44448	31054
20866	34292	44988	31179
20452	34243	45415	31425
19737	33975	45869	31688
19761	33676	46056	31477
19233	34258	46495	31283
18880	34311	46627	31251
19025	34271	46715	31435
18878	34008	46438	31524
19282	33804	45984	31815
19798	33401	45792	32115
19929	33336	45720	32360
20015	33190	45379	32692
20345	32694	45290	33162
20510	32286	44818	33266
20873	32338	44615	33278
20810	32151	44478	33673
20775	31898	44591	33805
21096	31540	44433	33734
21186	31853	44616	33755
20722	31549	44917	33920
20550	31676	45131	33985
20086	31781	45787	33556
19597	32182	45887	33481
19787	32188	45840	33181
19712	32756	45711	32426
19919	33098	45800	32158
20073	33577	45511	31884
20003	33812	45761	31561
19629	33909	46355	31860
19152	33731	46335	32048
19456	33302	46048	32414
19586	33029	45812	32588
19793	33077	45725	32631
19738	32945	45920	32686
19355	32915	46294	32588
18965	33154	46574	32209
18876	33567	46577	31862
19019	33644	46411	31731
19361	34041	46186	31711
19257	33715	46326	31748
19146	33762	46305	31986
19051	33382	46471	32191
19114	33272	46165	32428
19337	33251	45937	32446
19422	32898	46028	32670
19465	33050	45926	32386
19694	33095	45880	32532
19521	33103	46102	32310
19222	33488	46410	32254
19101	33415	46545	32117
18827	33248	46689	32369
18740	33015	46997	32401
18266	33004	47454	32647
18179	33144	47145	32214
18314	33441	47394	31852
18171	33870	47437	31559
18011	33882	47455	31573
17996	34051	47577	31278
18036	34048	47686	31456
17771	34106	47732	31607
17744	33721	47588	31915
17869	33451	47720	32163
17815	33390	47683	32118
17823	33184	47685	32379
18087	32908	47418	33024
18261	32550	47299	32678
18096	32803	47305	32683
18438	32906	46660	32630
18690	33044	47040	32382
18370	33070	47454	32587
18043	32892	47493	32589
18032	32951	47345	32396
18143	33177	47141	32395
18417	33309	47023	32371
18415	33364	47185	32056
18484	33187	47201	32230
18124	33400	47504	32184
18098	33265	47365	32350
18460	32891	47163	32624
18610	32476	46924	33206
18403	32110	46979	33157
18532	32451	47087	32883
18627	32702	46766	32959
18936	32432	46569	32785
18913	32884	46474	32756
18993	32651	46386	32848
19286	32520	46117	33330
19398	32081	45962	33638
19682	31716	45796	33649
19670	31761	46022	33753
19435	31824	45863	33708
19426	31716	45895	33870
19588	31656	45840	33743
19865	31806	45465	33651
20316	31728	45169	33704
20383	32103	45192	33514
20159	31946	45548	33342
19852	32443	45702	33024
19779	32444	45607	33283
19572	32423	45891	33062
19760	32227	45543	33242
19858	32548	45557	32834
19919	32709	45454	32858
20079	32804	45438	32740
20119	33009	45308	32624
20345	33142	45277	32544
20044	33113	45260	32341
20127	33275	45466	32183
19859	33368	45669	32112
19436	33308	46124	32426
19258	32997	46177	32712
19279	32862	46397	32993
19024	32394	46418	33093
18811	32449	46930	33240
18542	32238	46902	33405
18553	32069	46956	33438
18559	32213	46962	33156
18738	32317	46571	33299
18993	32290	46713	32952
18819	32745	46758	32924
19066	32842	46504	32600
19122	33150	46669	32223
18941	33451	46542	32296
19045	33020	46159	32750
19542	32624	45727	32904
19855	32339	45577	33371
20083	32237	45334	33381
20224	32144	45331	33347
20457	32010	44917	33486
20785	32057	44528	33511
21217	32115	44232	33457
21361	32131	44178	33499
21616	32108	43925	33439
21736	32172	43533	33355
21968	32083	43265	33455
22262	32049	43607	33255
22113	32431	43160	33106
22329	32487	43032	32947
22750	32556	42751	32951
22798	32460	42744	32814
22896	32939	42686	32450
22708	33268	42854	32290
22869	33362	42808	32111
22947	33594	42499	32196
22728	33442	42826	32070
22304	33600	43356	31850
22157	33667	43350	31965
22283	33715	43405	31572
22135	34012	43429	31488
22142	34013	43639	31659
21991	34155	43749	31331
21946	34322	43724	31206
21803	34372	44025	31113
21657	34326	43839	31265
21444	34436	44412	31226
21256	34024	44377	31481
20853	34183	44815	31284
20769	34181	44771	31451
20542	34407	45066	31068
20690	34359	44758	31469
20855	34074	44573	31322
20995	33780	44603	31891
20811	33840	44942	31844
20462	34063	45052	31676
20397	33541	45163	32244
20314	32911	45118	32866
20241	32702	45424	32789
20440	32685	45206	32803
20353	32925	45311	32931
20209	32425	45673	33103
19796	32279	46006	33153
19605	32318	46189	33130
19213	32339	46336	33203
19091	32117	46156	33593
19454	31650	46089	34030
19503	31291	46273	34398
19275	31250	46268	34461
19274	31091	46202	34267
19046	31223	46625	34351
18935	31334	46524	34218
19168	31441	46345	34069
19353	31386	45913	34215
19759	31391	45619	34330
19966	30979	45349	34801
20238	30808	45237	34583
20319	30868	45339	34422
20103	30812	45455	34765
20101	30745	45174	34793
20425	30474	44904	34994
20441	30304	45069	35341
20397	30242	45056	35318
20270	30112	45257	35523
19971	30081	45783	35813
19680	29687	45963	36098
19645	29234	46209	36092
19264	29359	46227	36128
19518	29196	46062	36271
19481	28712	46215	36824
19060	28802	46349	36834
19285	28587	46451	37115
19208	28331	46381	37237
19136	28047	46480	37960
18937	27334	46510	38447
19052	26697	46362	39179
19255	26285	46107	38999
19215	26351	46275	38877
19126	26880	46687	38775
18821	26747	46570	38749
19016	27135	46360	38329
19383	27040	46117	38458
19489	26932	45954	38627
19769	26652	45767	38974
20012	26859	45180	38796
20746	26929	44703	38929
20949	26678	44719	39168
20926	25949	44660	39793
20937	25977	44649	39437
20898	26165	44588	39441
20849	25905	44409	39477
21098	26139	44475	39488
21215	26086	44429	39662
21230	25625	44422	40058
21127	25470	44442	40229
21250	25283	44289	40426
20943	25128	44771	40147
20791	25298	44746	40412
20786	25198	44697	40305
20902	24970	44492	40453
20990	25091	44669	40295
20641	25120	44815	40322
20883	25214	44624	40086
20931	25291	44591	40480
20967	25185	44415	40201
21129	25322	44489	40120
21390	25358	44069	40231
21593	25301	43642	40208
21961	25517	43564	40198
22420	25180	43117	40440
22338	25398	43066	40277
22594	25143	42937	40279
22465	25167	43108	40620
22381	24822	43320	40895
22156	24494	43405	40852
22110	24598	43144	40900
22423	24766	43201	40889
22287	24497	43710	41167
21844	23913	43658	41873
22061	23741	43333	41953
22414	23636	42712	41948
23066	23455	42600	42065
22839	23363	42888	41987
22404	23753	43187	41774
22305	23943	43326	41873
22012	23542	43489	42092
22192	23377	43222	42299
22344	23290	43177	42112
22419	23581	42995	41886
22687	23851	42841	41789
22824	23809	42913	41840
22586	23796	43113	41626
22319	23719	43262	41808
22275	23808	43743	41736
21898	23747	43671	41897
21920	23158	43617	42282
22008	22853	43780	43024
21756	22510	43806	43091
21887	22160	43521	43100
22100	22618	43291	43030
22325	22557	43185	42882
22567	22652	43130	42703
22654	22917	42938	42650
22647	22756	42636	42701
22930	22883	42645	42587
23107	22811	42136	42678
23548	22656	41936	42876
23688	22686	41877	42666
23691	22918	41936	42740
23642	22864	41740	42733
23812	22800	41752	43080
23713	22469	42003	42759
23325	22909	42501	42190
23241	23562	42190	42058
23202	23534	42332	41974
23022	23529	42330	42168
23028	23292	42569	42271
23274	22812	42010	42822
23584	22667	41787	43115
24023	22407	41514	43075
24119	22470	41209	43030
24105	22297	41669	43062
24013	22715	41318	42678
24526	22790	40614	42766
25239	22755	40343	42768
25277	22610	40114	42974
25412	22421	40256	42932
25476	22600	40030	42761
25509	22863	40300	42490
25253	23004	40169	42551
25300	23076	40124	42413
25532	23120	39745	42475
25857	23069	39723	42585
25757	22834	39823	43405
25736	21977	39984	43984
25518	21330	40061	44457
25591	21003	40070	44475
25443	20893	40016	44789
25433	20441	39895	45046
25948	20478	39669	45042
25837	20377	39843	45272
25585	20116	40096	45384
25433	20023	40237	45323
25399	20101	40241	45253
25218	20263	40510	45194
24917	20403	40782	45028
24702	20597	40380	44842
25375	20708	39898	44858
25737	20788	39696	44543
25928	20878	39743	44575
25723	20879	39845	44982
25573	20659	39991	44800
25662	20910	39693	44517
25926	20980	39290	44316
26111	21267	39469	44214
25984	21536	39639	44043
25653	21632	39810	43705
25470	22044	40160	43274
25548	22077	39951	43485
25423	22004	40028	43667
25566	21718	40064	43923
25420	21545	39958	44215
25538	21355	39852	44444
25881	20783	39290	44492
26407	21049	38902	44770
26498	20564	38930	45043
26710	20437	38914	45169
26436	19883	39176	45929
26311	19437	39254	45948
26392	19466	39226	45761
26586	19703	39081	45704
26442	19592	39040	46121
26192	19491	39435	45962
26115	19705	39502	45779
26036	19855	39531	45510
25939	20052	39378	45427
26074	20352	39502	44732
25710	21166	39838	44090
25809	21519	39548	44207
26069	21512	39435	43682
25993	21744	39521	43779
25921	21579	39634	43879
26061	21965	39367	43431
26241	22235	39524	43307
26085	22314	39318	43551
26281	22172	39253	43448
26149	22022	39383	43580
26178	21940	39182	43707
26364	21780	39232	43756
26196	21626	39242	44068
26122	21625	39586	43920
25892	21431	39878	44004
25584	21358	40292	44240
25261	21102	40418	44365
24965	21230	40552	44468
24943	20877	40435	44867
24991	20633	40644	44651
24766	21003	40793	44363
24583	21304	41041	44237
24150	21422	41595	43960
23924	21549	41911	43685
23551	21856	41786	43739
23632	21770	41953	43904
23542	21616	42143	44036
23360	21541	42439	43922
23245	21581	42162	44058
23621	21686	42037	43479
23592	22238	42046	43198
23510	22179	42294	43239
22911	22146	42788	43387
22873	22236	42591	43474
22949	21919	42475	43462
23184	22066	42533	43592
22828	21898	42612	43643
23192	22302	42341	43009
23003	22604	42871	42803
22547	23113	42899	42137
22818	23310	42783	42086
22767	23564	42828	41973
22780	23575	42644	41843
22894	23878	42568	41479
22791	23898	42533	41844
23019	23811	42497	41472
23016	24122	42079	41287
23718	24230	41817	41200
23747	24476	41923	40907
23221	24259	42574	41349
22649	24164	43045	41289
22395	24184	43314	41351
22152	24238	43095	41448
22405	23988	43107	41508
22395	24222	43197	40931
22272	24802	43206	40568
22220	24785	43412	40456
22168	25564	43553	39742
22057	25809	43534	39659
21972	26182	43727	39503
22192	26042	43272	39563
22228	26030	43310	39471
22025	25911	43597	39700
21798	25703	43948	39924
21723	25430	43456	40016
22175	25597	43199	40041
22031	25226	43085	40547
22478	25016	43107	40583
22079	24962	43498	40578
22106	25131	43617	40368
21856	25310	43712	40281
22067	25226	43505	40110
22125	24967	43216	40726
22362	24748	43295	40775
22414	24622	43005	41045
22660	24852	42859	40561
22707	24935	42940	40647
22488	25091	42893	40099
22874	25611	42439	40291
23120	25179	42463	40451
22918	24919	42767	40676
22871	24965	42417	40473
23197	24924	42431	40509
23201	24988	42407	40298
23076	24993	42406	40340
23151	25103	42485	40288
22817	25436	43099	39876
22155	25782	43476	39793
21811	25908	43760	39478
21950	25931	43086	39623
22468	25732	43044	39799
22335	25904	43490	39641
21880	25552	43779	39975
21573	25430	44082	40378
21599	24951	43862	40698
21876	24715	43530	41090
22092	24203	43287	41485
22629	24189	42667	41518
23112	23978	42077	41718
23625	24019	41727	41638
23894	23619	41534	42014
23830	23468	41603	42149
23939	23418	41464	42217
23977	23282	41545	42396
23970	22893	41466	42730
24116	22855	41378	42891
24322	22598	41481	42983
24115	22368	41444	43234
24061	22323	41512	43151
24035	22663	41330	42964
24033	22664	41810	42764
23697	22748	41530	43120
24245	22624	41104	42788
24367	22440	41079	43165
24463	22293	40805	43407
25053	22065	40473	43613
25036	22033	40215	43676
25208	21756	40318	43992
25280	21628	40370	43824
25111	21599	40697	44040
24985	21471	40677	44137
25122	21618	40193	43943
25332	21396	40362	44191
25238	21325	40003	44103
25654	21262	39833	44517
25979	20969	39434	44850
25929	20697	39580	44927
26063	20394	39418	45385
26239	20063	39103	45640
26518	19487	38821	46371
26638	19196	39106	46347
26515	19139	38902	46361
26602	18937	38720	46518
26873	18993	38296	46373
27462	19245	37945	45988
27790	19568	37813	45684
27744	20155	37831	45524
27837	19932	37857	45695
27833	19864	37203	45741
28457	19971	37006	45648
28622	20075	36824	45447
28749	19881	36901	45674
28825	19630	36640	45968
28958	19585	36424	45756
29256	19682	36296	45914
29163	19440	36094	45999
29988	19497	35307	45976
30468	19585	35063	46106
30737	19524	34410	45860
31271	19615	34260	45619
31297	20311	34315	45063
31082	20463	34574	45008
30835	20906	34787	44447
30701	21234	34684	44279
30636	21151	34835	44667
30729	20685	34625	45058
31178	20476	34268	45220
31241	19982	34368	45627
31461	19964	34103	45503
31627	20052	34061	45333
31482	20279	34257	45462
31120	20363	34531	45090
31268	20683	34544	44947
30917	20648	34722	44655
30854	21048	34486	44346
30836	21334	34625	44132
31257	21466	34334	44267
31239	21166	34561	44080
31015	21781	34501	43649
31040	22021	34546	43263
30872	22370	34791	43172
30642	22530	35111	42974
30164	22672	35213	42993
30371	22602	35124	43018
30436	22149	35071	43512
30502	22052	35127	43698
29942	21573	35863	44231
29720	21217	35838	44194
29562	21246	36116	44352
29476	21322	35873	44568
29376	20953	36285	44505
29028	21107	36762	44680
28853	20818	36582	44620
28873	21008	36704	44400
28614	21098	37239	44354
28393	21232	37326	44158
28249	21629	37150	43611
28466	22194	37004	42955
28507	22671	36920	42931
28515	22487	36886	42832
28726	22951	36741	42736
28901	22572	36435	43040
28980	22354	36513	43175
29219	22371	36360	42888
29001	22611	36379	43017
29186	22562	36211	43213
29259	22263	36059	43366
29645	22316	35862	43112
29912	22746	35524	42958
29949	22681	35604	42651
29851	22928	35700	42685
30050	22933	35444	42737
30275	22888	35338	42637
30456	22978	35003	42733
30942	22654	34574	43077
31135	22318	34254	43540
31198	21884	34417	43623
31061	21914	34720	43912
30682	21575	35012	43898
30476	21722	35248	43886
30244	21572	35206	44195
30267	21423	35043	44313
30617	20851	34972	45038
30595	20065	35240	45685
30238	19842	35286	45769
30462	19316	34732	46240
31054	19260	34484	46487
31097	19030	34196	46470
31412	18986	33912	46577
31889	18880	33494	46630
32011	18956	33441	46398
32202	19157	33129	46627
32526	18708	32959	46703
32473	18923	33142	46298
32306	18805	33217	46826
32346	18681	33190	46822
32559	19014	32777	46485
33027	19168	32432	46568
33177	19040	32334	46790
33467	18986	32165	46176
33532	19677	32101	45796
33286	19650	32003	46027
33505	19480	32035	46108
33795	19469	31755	46052
33996	19387	31671	46302
33787	19412	31600	45851
34065	19666	31605	45960
33910	19428	31530	46316
34137	19163	31424	46152
33974	19353	31366	46389
34057	19301	31485	46202
33916	19118	31878	46459
33466	18972	31944	46448
33510	19019	32431	46785
32940	18988	32734	46640
32836	19278	32807	46181
32999	19499	32370	45977
33131	19587	32440	45949
33144	19518	32479	46080
32960	19476	32897	46198
32612	19531	33060	45996
32121	19843	33523	45836
31974	19939	33763	45431
31655	19922	33741	45392
31732	20007	33784	45451
32053	20166	33325	45187
32270	20638	33394	44803
31826	20747	33713	44725
31976	20986	33255	44458
32292	21182	33237	44229
32381	21220	33026	44435
32476	21120	33076	44287
32280	21111	33435	44546
31794	20744	34007	44959
31511	20415	34286	45176
31015	20154	34549	45550
30860	19573	34782	45933
30609	19301	34958	45922
30592	19503	34874	46129
30655	19286	34890	46154
30691	19481	34808	45924
30980	19593	34330	45984
31120	19548	34394	45899
31102	19487	34426	45939
31158	19773	34036	45770
31563	19635	33956	45943
31617	19479	34022	46223
31292	19431	34002	46158
31678	19378	34070	46245
31430	19420	34001	46030
31463	19715	33915	45847
31612	19541	34046	46070
31306	19813	34637	45739
30876	19527	34559	46205
31102	19197	34278	46314
31561	19271	33882	46211
31629	19209	33671	46194
32047	19320	33478	46355
31947	19022	33691	46576
32185	18978	33445	46483
32024	19032	33563	46622
31820	18800	33806	46830
31791	18538	33670	47032
31888	18630	33411	46854
31944	18701	33636	46752
31733	18894	34026	46519
31590	18990	34042	46412
31341	19185	33888	46371
31804	19247	33801	46065
31705	19295	33951	46482
31537	18690	33766	47055
31637	18674	33862	46864
31614	18517	33917	47226
31745	18470	33575	46998
31916	18563	33690	46958
31908	18864	33597	46814
32113	18818	33383	46665
32508	18920	32641	46832
33039	18353	32697	47204
32769	17860	32831	47744
32947	17778	32574	47589
33099	17889	32555	47714
32640	17937	32704	47556
32859	18056	32616	47296
33041	18358	32406	47149
33132	18284	32356	47485
32976	18246	32826	47164
32242	18313	33533	47270
32054	18406	33266	47200
32427	18382	33097	46995
32256	18594	33064	46894
32560	18748	32952	46791
32612	18867	32669	47065
32754	18527	32737	47073
32926	18338	32619	47427
33038	18132	32449	47453
33039	18108	32526	47289
33080	18233	32327	47347
33488	18432	32184	46959
33583	18685	31951	47034
33692	18368	31773	47125
33962	18307	31758	47319
33786	18153	32089	47315
33498	18346	31976	47024
33556	18401	31787	47020
33780	18534	31855	47040
33742	18614	31987	46871
33698	18934	31782	46449
33906	19109	31254	46467
34422	18880	31118	46787
34603	18854	30852	46852
34909	18822	30562	46524
35190	18984	30595	46364
35068	19164	30494	46358
35105	19151	30615	46443
34914	19067	30749	46521
35004	19028	30335	46536
35230	19125	30387	46444
35468	19133	30217	46392
35394	19465	30197	46058
35303	19702	30407	45911
35258	19767	30337	46040
35297	19303	30125	46355
35521	19057	29470	46383
36332	19229	28963	46565
36516	18929	28898	46778
36747	19052	28837	46437
36727	18748	28920	46679
36540	18608	29141	47108
36273	18334	29266	46870
36087	18811	29343	46839
36067	18636	29365	47337
36059	18083	29609	47351
35811	17940	29644	47686
36057	18221	29020	47086
36576	18830	28760	46793
36853	18938	28390	46597
37238	19072	28016	46726
37481	18673	28049	46978
37666	18592	28253	46868
37146	18775	28460	46706
36822	18990	28838	46411
36786	19315	28924	46273
36843	19062	28638	46567
36706	18867	28822	46561
36941	18662	28354	46878
37020	18363	28720	47380
36738	17952	29039	47793
36485	17769	29143	47990
36171	17679	29433	47678
35883	18103	29927	47211
35445	18581	30008	46921
35450	18523	29743	46847
35644	18745	29692	46608
36019	18770	29285	46865
36226	18577	29267	46690
36397	18891	29255	46317
36082	19487	29332	45741
36301	20138	29383	44984
36062	20610	29643	44948
35621	20447	29954	44897
35381	20542	30526	45173
34698	20273	30712	45250
35052	20221	30471	45229
35317	20233	30041	45286
35653	20228	29978	45442
35474	19841	30360	45741
35309	19668	30217	46000
35503	19162	29888	46380
35736	18901	29679	46652
35872	19137	29601	46269
35985	19538	29795	45926
35717	19405	30007	46176
35473	19477	30188	46157
35222	19315	30465	46266
34937	19286	30607	46139
34900	19319	30490	46213
34832	19438	30815	46087
34605	19511	30909	45788
34511	20055	31103	45776
34399	19671	31124	45900
34053	19804	31612	45704
34048	19997	31474	45507
34069	19994	31517	45736
33948	19618	31727	45754
33732	19818	31964	45703
33601	19807	32017	45705
33469	19640	32112	45857
33325	19647	32099	45885
33302	19881	32301	45722
33083	19905	32696	45694
32910	19979	32172	45543
33427	20282	32076	45265
33513	20236	31922	45180
33314	20334	32263	45332
33222	20254	32623	45039
32606	20636	33243	44830
32156	20652	33250	45145
32412	20268	33117	45192
32639	20235	32691	45037
32857	20480	32665	45135
32867	20255	32538	45296
33060	20164	32359	45259
32943	20216	32716	45512
32780	20060	32744	45105
32891	20322	32372	45200
33041	20237	32492	45674
32847	19681	33020	45667
32326	19813	33223	45888
32366	19667	33123	45842
32353	19473	33299	46286
32101	18866	33505	46835
31946	18552	33520	46982
32136	18508	33233	47084
32229	18345	33732	47437
31922	17838	33713	47506
31971	17851	33573	48035
31601	17454	34091	47941
31262	17639	34337	47571
31116	18223	34303	47102
30971	18536	34722	46988
30819	18459	34884	46968
30550	18573	34922	46948
30450	18714	35299	46606
30257	18944	35298	46774
30325	18653	35281	46985
30077	18453	35536	46851
29946	19066	35745	46519
29467	19033	36091	46614
29310	18761	36394	46715
29050	18825	36506	46759
28880	18778	36885	46742
28673	19064	36844	46229
28751	19417	36699	46117
28917	19725	36381	45631
29088	19929	36444	45747
29144	19785	36280	45623
29228	19845	36501	45655
29293	19780	36278	45962
29242	19383	36344	46387
29060	19361	36482	46077
28997	19359	36605	46337
28812	18860	36678	46558
28705	18877	36957	46677
28682	18690	36995	46972
28832	18395	36514	47552
29251	17876	36271	47541
29413	17652	36014	47812
29371	17631	35923	47884
29964	17661	35460	47705
30005	17835	35252	47898
30300	17603	34996	47792
30643	17673	34822	47950
30705	17434	35076	47964
30398	17556	35145	47772
30446	18024	34930	47219
30656	18259	34847	47228
30604	18233	34929	47195
30876	18556	34585	46915
30907	18398	34535	47122
31004	18334	34621	47354
31006	18274	34129	47336
31575	18221	33706	47315
31916	18285	33750	47149
31920	18420	33319	47296
32342	18340	33241	47281
32242	18383	33492	47222
32067	18719	33522	46472
32192	19327	33412	45991
32254	19576	33139	45798
32507	19805	33077	45679
32601	19960	32825	45475
32557	19677	33006	45849
32582	19655	33012	46080
32452	18985	33388	46892
32183	18649	33196	46815
32233	18763	33278	46486
32215	19165	33448	46353
32104	19093	33571	46586
31856	18864	33470	46418
32257	19134	33006	46280
32690	19253	32834	46513
32741	18787	32806	46924
32750	18424	32689	47075
32942	18502	32499	47127
33182	18637	32425	46698
33147	18872	32254	46812
33289	18623	32124	46864
33468	19077	31980	46580
33734	18777	31808	46828
33592	18730	32026	46725
33204	19130	32437	46290
33166	19438	32556	45727
33020	19815	32511	45575
32974	20105	32692	45474
32861	20054	32894	45477
32636	20101	32900	45205
32519	20320	33320	45076
32337	20573	33162	45030
32242	20225	33329	45470
32618	19869	32680	45740
32889	19843	32701	45781
33140	19769	32366	45947
33500	19628	31848	45699
33596	19719	32122	45434
33569	20135	32100	45457
33600	20251	31834	45157
34076	20498	31601	44890
33854	20612	31556	45095
33862	20380	31599	45228
34033	20187	31479	45120
33898	20268	31963	45364
33618	20007	31621	45587
34142	20090	31232	45335
34394	20245	30760	45453
34839	20438	30552	44867
35101	20644	30413	44790
35273	20847	30288	44743
35151	21068	30369	44519
35263	20907	29981	44606
35842	20808	29269	44865
36458	20474	29175	45111
36327	20422	29488	45079
36114	20354	29418	45066
35948	20662	29309	44661
36192	20983	29431	44448
35935	21115	29641	44497
35639	21003	29727	44586
35880	20982	29609	44426
36147	21189	29387	44544
36194	21053	29365	44553
36227	20997	29257	44500
35897	20988	29671	44524
35769	21023	29661	44545
35843	20642	29573	44789
35911	20552	29764	45116
35708	20486	29850	44990
35949	20414	29758	45013
36049	20477	29524	45067
36390	20545	28948	45357
36661	20172	28847	45385
36789	20142	28519	45513
36886	20209	28687	45278
36809	20527	28900	44962
36811	20871	28868	44667
36596	20529	29019	44919
36458	20640	29277	44882
36212	20703	29404	44958
36302	20426	29328	45171
36030	20503	29687	44837
35858	20594	29698	44777
35599	20536	30031	45005
35590	20829	29504	44604
36139	21156	29304	44128
36145	21581	29333	43891
35891	21569	29555	44035
36188	21799	29103	43586
36377	22525	28949	42922
36536	22654	29010	43021
36755	22683	28511	42647
37292	23239	28118	42171
37394	23381	27860	41978
37579	23546	27996	41937
37599	23554	27841	42000
37640	23442	28142	42189
37219	23389	28284	42168
37025	23340	28468	42277
37143	22898	28569	42679
37074	22713	28396	43132
37116	22204	28434	43193
37012	22601	28562	42839
36799	22887	28768	42631
36783	23016	28741	42550
36463	22812	28612	42613
36852	22994	28733	42686
36845	22668	28636	43127
36873	22388	28771	43344
36835	22071	28730	43796
37052	21382	28361	44564
37388	20840	28368	44483
37076	21177	28290	44380
37050	20977	28547	44452
37076	21286	28503	44154
37157	21652	28145	43754
37462	21944	27841	43406
37800	22261	27664	43025
37965	22578	27238	42845
38740	22844	26805	42754
38811	22713	26783	42946
38831	22620	26771	42684
38964	23032	26551	42316
39026	23375	26628	42281
38895	23097	26760	42649
38639	22830	26837	42724
38561	22699	27143	42768
38314	22792	27292	42976
38215	22608	27284	43105
37994	22455	27920	43070
37621	22572	28130	43081
37357	22536	28323	42974
37105	22781	28596	42821
36542	22732	28964	42683
36709	22791	28693	42798
36856	22510	28811	43023
36434	22410	29244	43104
36167	22539	29197	43001
36428	22379	29023	43113
36695	22489	28619	43254
37114	22266	28270	43192
37458	22419	28291	43111
37113	22584	28424	42973
36946	22405	28325	42896
37199	22624	28366	42705
37255	22740	28454	43048
37184	22172	28503	43713
36988	21718	28434	43868
36897	21905	28670	43719
36865	21813	28620	43868
37077	21451	28544	44028
37025	21793	28445	43636
37140	21902	28312	43790
36998	21669	28531	43661
36894	21637	28711	43932
36913	21501	28845	44168
36474	21168	29491	44150
35740	21522	29810	43854
35701	21717	30010	43736
35537	22051	29963	43304
35586	22156	29892	43514
35459	22005	30346	43082
34978	22384	30553	43142
35020	22490	30173	43092
35306	22343	30053	43324
35426	22249	30206	43426
35502	22103	29901	43647
35848	21921	29424	43592
36048	21831	29238	43747
36460	22118	28826	43256
36880	22367	28517	43255
36959	22245	28415	43407
37114	22104	28546	43374
36516	22335	29273	43136
36018	22505	29686	42792
35647	22670	29888	42625
35482	22720	30237	42945
35167	22456	30347	43117
35120	22400	30452	43395
35015	22195	30686	43606
34973	21695	30678	43845
34717	21686	31174	44225
34481	21549	30976	44135
34271	21337	31010	44112
34539	21281	31056	44293
34418	21088	31282	44398
34160	20980	31313	44537
34249	21203	30921	44181
34608	21434	30803	43800
34877	21691	30560	43745
35124	21866	30339	43741
35155	21778	30485	43600
35059	21819	30752	43452
34649	22161	30551	43399
35045	22014	30472	43339
34949	22297	31012	43251
34797	22434	30833	43366
34681	21995	30960	43462
34474	21932	31029	43744
34692	21478	30659	44179
35093	21274	30336	44320
35390	21196	30258	44214
35406	21421	29971	44274
35598	21239	29756	44631
35784	21095	29886	44510
35625	21042	29596	44449
36073	20765	29219	45139
36306	20242	29384	45357
35800	20190	29750	45429
35786	20193	29791	45464
35816	19747	29832	45767
35686	19895	30045	45763
35409	19562	30270	46225
34871	19002	30465	46572
35322	18944	30198	46517
35325	18975	30049	46343
35626	19200	30079	46284
35550	19137	30041	46712
35598	18850	30264	46666
35312	18966	30088	46581
35230	19166	30577	46356
34818	19104	30720	46286
34771	19233	30575	46211
34931	19567	30553	45786
34847	19863	30579	45466
34810	19940	30775	45748
34568	19800	31133	46105
34450	19389	31052	45776
34530	20018	31064	45291
34799	20143	30703	44985
35014	20762	30516	44605
34998	20992	30497	44448
34781	21143	30560	44328
34812	21114	30735	44410
34798	20978	30702	44733
34898	20781	30685	44605
34762	20890	30901	44540
34558	20856	30877	44812
34579	20943	30844	44278
34640	21637	31007	43686
34691	21861	30697	43617
34706	21892	30834	43575
34828	21703	30866	43960
34900	21537	30909	43973
34859	21305	30524	44345
34945	21167	30476	44739
35463	20576	30075	44984
35392	20579	30329	45154
35468	20175	30309	45164
35220	20366	30401	45333
35059	20202	30666	45217
34864	20239	30641	44993
34771	20490	30867	45309
34845	20145	30690	45288
35110	19948	30283	45502
35496	19813	29765	45745
35923	19736	29434	45864
36231	19492	29496	45996
35981	19246	29640	46548
35968	19037	29490	46931
35877	18462	29503	47343
36356	18023	28841	47702
36694	17978	28668	47793
36770	17723	28339	47949
37205	17422	28492	48145
37050	17670	28598	47597
36769	18167	28635	47373
36852	18058	28484	47219
37007	18576	28369	46908
36876	18761	28601	46777
36936	18671	28701	47035
36796	18279	28671	47291
36885	18380	28779	47170
36732	18706	29232	46669
36251	18810	29390	46541
35894	19082	29676	46150
36170	19570	29366	45924
36327	19601	29167	45763
36322	19721	29217	45887
36167	19588	29258	45965
36207	19549	29151	45902
36452	19570	29042	45807
36425	19635	29081	45601
36521	19717	28979	45803
36729	19642	28828	45950
36700	19616	28757	45969
36737	19529	28651	45872
36884	20115	28609	45239
36868	20278	28644	45253
37033	20607	28760	45118
36890	20256	28356	45265
37095	20103	28626	45437
36564	20308	29137	45153
36256	20184	29124	45649
36711	19693	28692	46031
36727	19595	28961	46173
36527	19262	28605	46204
37008	18817	28408	46984
37192	18549	28371	46969
36967	18538	28569	46944
37097	18500	28460	47051
37220	18411	28289	47177
37358	18518	27867	46895
37741	18596	27981	47193
37666	18164	27937	47106
37749	18575	27809	46886
37758	18723	27676	46618
37665	18981	27982	46615
37559	19177	28154	46666
37363	18779	28278	46808
37163	18825	28398	46593
37172	19148	28403	46383
37408	19316	28142	45974
37618	19735	27769	45722
37673	19713	27888	45855
37850	19760	27662	45498
37889	20017	27467	45616
38256	19704	27319	45682
38139	19665	27618	46020
37602	19531	27812	46072
37734	19475	27768	46207
37890	19295	27651	46166
37786	19436	27663	46030
37704	19686	27951	45903
37507	19478	28130	46197
37562	19205	27823	46247
37494	19335	27905	46094
37563	19347	27753	46163
37746	19195	27871	46475
37707	19272	27627	46427
37861	19090	27649	46549
37799	18768	27769	46448
37596	19161	27927	46212
37484	19224	27831	46199
37851	19436	27399	46098
38312	19750	27183	45816
38544	19724	26759	45916
38705	19471	26743	46154
39028	19568	25804	45992
40030	19783	25049	45646
40619	20008	24631	45381
40925	20480	24524	45035
40670	20901	24807	44485
40739	21126	24888	44606
40756	20874	24990	44753
40550	20526	25338	45038
39928	20423	25785	45482
39758	19872	25981	45464
39293	20058	26333	45431
39302	20035	26473	45773
38990	19642	26814	46052
38522	19281	27278	46236
38044	19362	27406	46385
37994	18969	27474	46454
37973	19237	27491	46442
37865	19359	27847	46150
37718	19296	27863	46299
37621	19237	27874	46204
37553	19125	27720	46630
38000	18898	27351	46782
38130	18761	27559	46731
37930	18898	27694	46298
37858	19318	27498	46319
38277	19028	27236	46300
38201	19238	27355	46112
38414	19430	27144	46141
38179	19506	27372	46062
38092	19218	27194	46341
38604	19377	26793	45923
38767	19669	26693	45925
38660	19372	27088	46121
38369	19170	27044	46341
38372	19417	27278	46243
38193	19192	27163	46218
38494	19376	27078	46179
38428	19386	27257	46049
38445	19584	27254	46086
38185	19670	27169	45878
38599	19590	27361	46186
38095	19082	27403	46278
37990	19278	27281	46358
38250	18941	27325	46201
38195	19318	27238	46470
38235	19041	27501	46336
37895	19091	27672	46605
37798	19151	27767	46587
37699	19108	27887	46287
37636	19295	27636	46186
38199	19302	27220	46129
38492	19051	27011	46533
38887	18904	26466	46643
39110	18928	26313	46869
39314	18889	25987	46670
39682	18986	25693	46333
39616	19408	25871	45923
39370	19792	26131	45718
39416	20048	26292	45546
39141	20347	26449	44897
39179	20885	26605	44651
38898	20663	26937	44925
38416	20352	27456	45322
37618	20305	27878	45114
37676	20376	27738	45284
37749	20304	27530	45209
38245	20299	26888	45141
39103	20404	26063	44975
39749	20421	25563	45340
40134	20342	25205	45399
40414	19976	25020	45274
40732	20473	24601	44992
40917	20519	24754	44953
40829	20356	24542	45147
41196	20177	24499	45400
40734	20098	24780	45363
40492	20093	25079	45548
40173	19847	25476	45566
40058	19872	25435	45687
40138	19636	25494	46011
40176	19590	25405	45790
40103	19437	25378	46068
39944	19509	25469	45763
39814	19847	25998	45444
39435	20146	26251	45543
38886	20126	27139	45348
38403	20271	27408	45147
38218	20455	27659	44973
37696	20498	27888	44938
37775	20476	27699	45131
37995	20322	27688	45147
37797	20459	27612	44966
37912	20653	27736	44599
37498	21148	28193	44256
37529	21520	27907	43766
37869	21867	27565	43687
38162	21692	27253	43939
38289	21739	27263	43680
38425	21902	27249	43387
38375	22209	27462	43531
38147	21687	27628	44069
37995	21586	27358	43857
38378	21565	26864	44180
38693	21438	26880	43939
38457	21748	26830	43535
38937	21953	26322	43320
39133	22377	26443	43195
39097	22526	26457	42818
38961	22771	26958	42731
38334	22991	27418	42527
37965	23112	27616	42282
37697	23337	27394	42181
38247	23393	27102	42385
38378	23191	27082	42515
38436	22634	26988	43084
38559	22202	26842	43323
38726	22174	26722	43239
38820	22205	26720	43486
39032	21901	26629	43434
38980	22342	26422	43299
39158	22209	26069	43619
39409	21824	25957	43758
39577	21480	26062	44191
39545	21021	26044	44491
39592	21151	26139	44412
39175	21203	26440	44432
39213	21079	26326	44413
39207	21079	26115	44634
39426	20809	26320	44883
39288	20469	26366	44978
39286	20490	26240	44981
39371	20659	26062	44885
39502	20338	26002	45438
39653	19764	25780	45683
39844	19808	25902	45851
39549	19520	26127	45938
39335	19557	26318	45814
39234	19671	26142	45903
39165	19773	26566	45899
38952	19713	26720	45764
38539	19692	27008	45831
38353	19882	27417	45360
38338	20413	27143	45045
38318	20454	27035	45226
38408	20309	26991	45287
38399	20318	27079	44958
38499	20640	26772	45010
38909	20509	26501	44953
39050	20544	26386	44971
39072	20537	26258	44790
39410	20719	26000	44841
39466	20703	26048	44771
39797	20877	25458	44682
40045	21003	25179	44490
40592	21220	24662	44451
41100	21058	24283	44457
41497	21061	23884	44425
41622	21183	23938	44052
41589	21739	23777	43766
41928	21750	23610	43860
41921	21927	23320	43614
42340	21782	23192	43743
42433	21724	23104	43484
42658	22006	22735	43408
42764	22187	22989	43281
42297	22297	23213	43056
42286	22594	23242	42707
42066	22712	23419	42941
41949	22707	23775	42549
41668	23064	23894	42778
41521	22792	24195	42547
41313	22995	24418	42439
40988	23174	24636	42602
40786	22834	24838	42772
40293	22647	25367	42999
40184	22436	25355	43317
40050	22202	25918	43434
39468	22202	26238	43342
39431	22223	26154	43621
39286	22053	26218	43581
39270	21827	26363	43639
38970	21984	26579	43564
38909	21807	26737	44078
38746	21411	27001	44335
38298	21044	27270	44349
38576	21351	26759	44151
38897	21447	26659	44030
38999	21385	26833	43918
38614	21635	27092	43997
38259	21397	27591	44187
37964	21184	27641	44368
38030	21243	27520	44245
37954	21270	27561	44321
37868	20779	27850	44901
37520	20572	28187	44977
37237	20593	28291	44952
37334	20599	28122	44974
37727	20607	27803	45029
37851	20409	27692	45245
37867	20244	27444	45370
38197	20101	27192	45248
38351	20241	27257	45246
38491	20307	26948	44986
38712	20681	26664	44959
38803	20573	26527	44863
39173	20604	26116	44868
39576	20684	25726	44760
39894	20804	25488	44413
40124	21212	25227	44213
40394	21462	25260	43687
40089	21812	25539	43363
40079	22221	25318	43226
40234	22062	25405	43381
40219	22042	25439	43565
39930	21975	25584	43788
39835	21777	25665	43917
39817	21548	25707	44345
39913	21241	25471	44376
40112	21091	25622	44295
39679	21181	25952	44254
39532	21203	25792	44265
39678	21009	25782	44711
39745	20567	25984	44757
39452	20759	26193	44622
39304	21081	26164	44349
39301	21160	26439	44341
39293	21240	26005	44292
39723	21156	25641	44191
39877	21685	25795	43714
39938	21922	25666	43302
39778	22176	25790	43407
39879	22084	25722	43383
39960	22164	25518	43405
40194	22140	25339	43440
40473	21993	24769	43787
40438	21581	24834	43843
40631	21598	24491	44079
41327	21338	24433	44189
41048	21304	24552	44131
40840	21158	24782	44260
40802	21561	24923	43945
40721	21523	24895	44079
40294	21392	25205	44483
40307	20772	25221	44674
40251	21041	25255	44237
40255	21412	25405	44208
40108	21386	25406	44227
40127	21128	25367	44455
40108	21090	25122	44640
40262	20864	25193	44678
40605	20807	25001	44755
40413	20880	25140	44226
40283	21286	25403	44361
40019	21006	25695	44456
39846	21043	25595	44688
39978	21101	25650	44231
39732	21601	25794	43938
39711	21777	25829	43474
40058	22211	25628	42982
39962	22529	25936	43006
39540	22248	25834	43440
39562	22330	26181	42975
39081	22305	26609	43134
38604	22389	27110	43276
38349	22228	27169	43255
38353	21974	27180	43600
38484	21828	27054	43856
38473	21591	26694	44001
38980	21457	26780	44067
38854	21678	26482	43921
39113	21679	26348	43894
39001	21574	26656	44243
38695	21324	27355	44124
37896	21512	28127	43766
37109	21809	28524	43780
36949	21731	28745	43884
36859	21643	28831	44094
36592	21469	28861	43967
36570	21716	29079	43648
36237	21650	29112	43783
36493	21794	29036	43710
36331	22049	29237	43475
36422	22185	29075	42827
36427	22992	29115	42220
36340	23211	29143	42274
36351	23281	29186	42192
36350	23164	29239	42615
36360	22800	29081	42724
36501	22722	28941	42870
36684	22660	28936	42849
36551	22478	29434	43167
36396	22050	29087	43122
36610	22307	29035	42913
36495	22610	29079	43013
36382	22388	29382	43066
36139	22269	29403	43264
36083	21979	29619	43731
35849	21685	29827	44115
35770	21206	29651	44500
35866	21167	29810	44470
35581	21037	29879	44823
35646	20867	29927	44769
35651	20675	29852	44834
35795	20685	29859	44924
35584	20655	29700	44926
35857	20734	29792	44675
35622	21021	30029	44607
35544	20794	29940	44785
35585	20653	29900	45048
35525	20303	30054	45321
35739	20195	30023	45402
35347	20159	30304	45233
35149	20314	30608	45001
34819	20548	30656	44982
35099	20733	30410	44891
35255	20439	30360	45320
35265	20241	30143	45385
35566	20037	29719	45544
35757	19890	29883	45561
35834	19896	29434	45653
36402	19893	29073	45805
36355	19495	29477	45902
36051	19666	29715	45627
35395	20126	30373	45221
35237	20573	30509	44927
34739	20563	30839	44717
34663	20834	30761	44945
34721	20576	30858	44980
34711	20449	30767	45211
34713	20308	30687	44979
34974	20642	30781	44879
35010	20611	30371	45132
35414	19938	30275	45567
35202	19958	30279	45527
35055	19919	30217	45605
35205	20076	30500	45278
34823	20173	30673	45295
34710	20378	31019	45131
34253	20486	31042	44837
34624	21088	30968	44192
34675	21426	30849	44070
34938	21243	30546	44117
35267	21490	30015	44058
35920	21523	29366	43623
36335	22113	29123	43183
36402	22164	29244	43347
36526	22349	28938	42928
36838	22563	28875	42776
36731	22738	28960	42593
36303	22923	29409	42707
36172	22887	29263	42942
36561	22641	28813	42904
36640	22565	28900	43023
36621	22621	28978	42638
36551	23190	29092	42080
36459	23609	29156	41841
36449	23451	29238	42039
36068	23449	29751	42328
35676	23139	29607	42494
35786	22925	29611	42680
35780	23131	29656	42365
35761	22947	29865	42942
35597	22564	30251	42929
35238	22550	30496	43078
34883	22425	30723	42828
34952	22724	30271	42943
35278	22743	30397	42662
35298	22801	30109	42913
35347	22594	30197	42992
35261	22634	30046	42982
35396	22319	30044	43557
35393	21876	30021	43747
35688	21556	30037	43988
35538	21508	30001	44319
35664	21152	29849	44301
35823	21317	29425	44102
36006	21456	29497	43943
36119	21542	29645	43907
35728	21605	29805	44135
35973	21142	29851	44497
35843	21003	29825	44422
35766	20980	29544	44603
35907	20823	29852	44801
35515	20415	30019	45131
35512	20468	29926	45118
35749	20281	29774	45285
35981	20563	29452	45076
36282	20490	29187	45059
36602	20458	28731	45107
37122	20808	28588	44762
36664	20771	28595	44639
36654	20982	29040	44596
36569	21194	28720	44121
36896	21278	28674	44279
37223	21444	28355	44161
37495	21253	27931	44226
37461	21386	28051	44152
37742	21605	27507	43924
38304	21440	27382	44323
38086	20912	27360	44896
38322	20462	27102	45186
38298	20478	27214	44950
38114	20283	27524	45272
38203	20365	27303	44958
38124	20329	27610	44937
37825	20558	27902	45019
37626	20740	27582	44929
37937	20567	27842	44710
37639	20756	27916	44666
37697	20792	27992	44660
37543	21151	28039	44327
37457	21383	28198	43776
37153	21723	28422	43768
37087	22152	28405	43263
36768	22120	28582	43429
37043	21968	28471	43657
37196	21763	28279	43778
37241	21670	28411	44024
37357	21375	27998	44119
37764	21360	27790	44109
37615	21471	27803	43935
37806	21650	27968	43801
37851	21734	27809	43650
37786	21988	27814	43522
37791	22086	27822	43611
37987	21745	27518	43786
38045	21762	27617	43731
37775	22007	27840	43109
37685	22408	27681	42915
38090	22646	27135	42812
38594	22748	26990	42824
38657	22921	26950	42635
38713	22876	26885	42457
38812	22888	26510	42753
38940	22593	26379	42779
39102	22890	26043	42678
39707	22835	25973	42987
39251	22565	26137	43384
39436	22064	25787	43508
39739	21842	25737	43709
39667	22054	26100	43541
39143	22146	26504	43539
38888	21906	26691	43514
38734	22086	26577	43537
38722	21907	26745	43835
38853	21571	26404	44136
39549	21603	26059	43868
39727	21801	25786	43941
39494	21575	25779	43968
39706	21519	25993	43900
39401	21735	26131	43753
39358	21943	26217	43471
39371	22191	26257	43322
39220	22698	26062	43051
39488	22778	25895	42669
39647	22921	25837	42502
39870	23031	25556	42493
39856	23168	25420	42280
40051	22889	25163	42585
40565	22814	24843	42619
40450	22707	25017	42789
40580	22708	25072	42626
40707	22713	24987	42941
40487	22583	24899	42653
40473	23102	25068	42434
40539	23308	24913	41989
40555	23685	25059	41784
40370	23811	25516	41548
39773	24061	25570	41616
40072	23856	25202	41875
40305	23647	25373	41685
40002	23855	25718	41689
39498	23953	26459	41606
39115	23718	26392	41964
39067	23480	26325	42167
39025	23106	26519	42643
39003	22710	26552	42717
38929	23068	26457	42458
39103	23042	26507	42428
38995	23221	26360	42094
39012	23876	26600	41565
38577	24272	27075	41278
38397	23981	27305	41522
38342	24361	27370	41061
37903	24554	27686	41039
37585	24660	27653	41085
37812	24424	27714	40898
37501	24569	28104	41205
37250	24228	28398	41213
37370	24173	28132	41540
37233	24346	28136	41406
37474	23889	27856	41521
37672	23976	27832	41670
38017	23883	27394	41752
38219	23855	27244	41672
38324	23721	26736	41928
38897	23450	26557	42114
39040	23330	26544	42357
39093	23066	26338	42434
39137	23287	26632	42235
38956	23209	26593	42505
39021	22896	26453	42702
39183	22745	26417	42858
39160	22586	26438	42942
39503	22626	25590	42853
40057	22754	25539	42810
40145	22891	25531	42744
39649	22683	26036	43010
39452	22362	26346	42894
39480	22678	25743	42871
39555	22845	26141	42686
39305	22830	26322	42848
39218	22459	26084	43315
39563	22196	26171	43284
39493	22065	25880	43768
39721	21769	25912	43634
39675	21695	25679	43902
39752	21533	26041	44043
39566	21613	26062	43926
39376	21653	26089	43987
39320	21487	26472	43980
39046	21428	26591	44047
39343	21402	26019	44256
39563	21264	25803	44216
39963	21340	25389	44440
40414	20948	24970	44629
40322	20769	25375	44567
40104	21159	25404	44165
40297	21297	25471	44212
39900	21336	25578	44468
40067	21151	25467	44723
39957	20716	25514	45047
39796	20625	25642	44955
39979	20436	25450	45057
40289	20331	25208	45380
40327	20229	25182	45211
40142	20193	25525	45523
40116	20101	25591	45651
39691	19700	25643	45906
39831	19598	26002	45878
39742	19846	25936	45751
39286	19644	26248	45804
39210	19814	26507	45619
38767	20064	26639	45352
38848	20147	26611	45309
39159	20196	26278	45179
39336	20465	26274	44783
39368	20920	26246	44615
39175	20900	26400	44597
39038	20931	26257	44471
39356	20938	26536	44320
38690	21262	27003	44341
38578	20973	27082	44702
38343	20673	27097	44818
38582	20944	26955	44515
38549	21116	27040	44501
38695	21228	26839	44655
38776	20729	26434	44799
39301	20976	26197	44709
39429	20767	26176	44639
39400	20991	26391	44493
39052	21108	26737	44385
38754	21337	26997	44148
38552	21602	26881	43990
38636	21300	26891	44220
38648	21303	26781	44270
38888	21395	26407	44198
39251	21105	26446	44695
38987	20644	26443	44809
38619	20834	27063	44725
38498	20675	27066	44770
38340	20794	27066	44830
38356	20455	27174	45077
38366	20532	27030	45173
38534	20589	27059	45037
38458	20641	27140	45039
38439	20664	27099	44896
38450	20572	27094	45000
38320	20381	27157	45332
38369	20203	26925	45031
38708	20567	26860	44847
38722	20348	26731	45100
38809	20416	26756	45259
38596	20490	26826	45077
38912	20484	26575	45006
38834	20523	26805	45164
38649	20351	26726	45278
38849	20041	26590	45606
39005	19815	26634	45539
38860	19881	26626	45915
38883	19200	26703	46558
38703	18764	27073	46855
38252	18750	27412	47000
37954	18626	27620	46862
37996	18703	27830	46765
37666	18923	28345	46884
36956	18727	28684	46799
36611	18702	29200	46845
36355	18712	29476	46733
36078	18817	29260	46790
36239	18555	29277	47034
36320	18793	29163	46301
36336	19294	29147	46243
36231	19034	29415	46680
35942	18719	29837	46674
35635	18782	29823	46828
35429	18598	30133	47029
35433	18112	29945	47415
35561	18089	29889	47205
35760	18671	29669	46473
35959	19447	29722	46011
35895	19768	29334	45775
36358	19872	29074	45668
36408	19630	28959	45884
36666	19292	28803	46189
36725	19069	28638	46492
37079	18736	28250	46920
37500	18533	27942	47205
37775	18477	27768	46594
37677	18949	28049	46219
37466	19191	28349	46399
37085	18638	28606	46830
36938	18690	28878	46638
36646	19232	28958	46213
36605	19344	28631	46287
36953	19252	28554	46454
36944	19258	28738	46410
36919	19136	28944	46294
36422	18918	29370	46679
36065	18866	29588	46579
35784	18832	29853	46467
35822	19080	29789	46285
35686	19107	30026	46398
35492	19092	30284	46364
35440	19263	30118	46213
35545	19345	30185	46317
35193	19427	30323	46098
35100	19722	30080	45631
35713	20176	29673	45116
35949	20358	29632	45020
35924	20598	29654	44957
35761	20428	29881	44931
35682	20599	29899	45047
35570	20328	29931	45280
35678	19934	30132	45659
35502	19786	30271	45959
35520	19501	30179	45683
35215	19780	30220	45614
35499	20127	30034	45429
35541	20291	30055	44969
35380	20656	30339	44702
35136	20815	30304	44688
35263	20962	29941	44570
35798	20831	29944	44743
35340	20732	30210	44872
35063	20663	30610	44875
34683	20835	31298	44761
34168	20457	31256	45246
34340	20167	31081	45649
34421	19993	31091	45930
34570	19657	30940	46027
34791	19458	30737	46081
35149	19633	30280	45884
35241	19508	30420	46038
35308	19531	29950	45860
35753	19762	29548	46032
36056	19368	29531	46026
36124	19544	29583	45807
35906	19672	29729	45860
35636	19810	30081	45472
35493	20105	29912	45197
35761	20185	29681	45653
35931	19443	29216	46218
36498	19348	28738	46298
37215	19307	27993	46072
37743	19604	27981	45864
37627	19713	27589	46009
38064	19603	27320	45820
38192	19845	27092	45799
38452	19614	27307	45705
38275	19783	27435	45775
38256	19606	27374	45977
38265	19654	27283	45777
38437	19774	26914	45673
38543	19972	27062	45491
38362	20062	27296	45456
38367	19907	27723	45751
37769	20009	27859	45487
37789	20089	27373	45394
38075	19980	27232	45764
38546	19834	27166	45921
38415	19701	26985	45760
38365	19853	27505	45472
38023	20210	27613	45312
37825	20404	27714	45182
37708	20442	27816	45201
37618	20451	27813	45300
37642	20277	27779	45439
37818	19942	27748	45558
37828	19752	27717	45933
37993	19635	27399	45778
38350	19839	27169	45888
38672	19369	26690	46439
38564	19066	26997	46599
38677	18901	26735	46609
38741	18981	26584	46617
39090	18661	26564	46910
38844	18801	26653	46637
38914	18793	26801	46510
39001	19178	26805	46493
38881	19077	26603	46288
38880	19405	26660	46184
39117	19365	26303	46116
39300	19103	26171	46519
39371	19178	26295	46166
39101	19533	26277	45740
39537	19925	26049	45440
39261	20253	26273	44989
39473	20654	25704	45032
39715	20420	25913	45177
39575	20356	25846	45119
39659	20339	25794	45063
39702	20565	25967	45227
39720	20551	26023	45098
39468	20372	26112	45243
39627	20453	26015	45107
39533	20473	25891	44908
39527	20725	26075	44691
39389	20898	26103	44725
39419	20467	26248	45222
39158	20279	26356	45250
38914	20299	26729	45218
38892	20051	26715	45480
38805	20027	26854	45374
38612	20086	26937	45244
38466	20424	27024	45088
38703	20445	26833	44790
38781	21061	26673	44473
39022	20952	26457	44556
39211	21115	26222	44085
39376	21770	26133	43602
39194	21897	25980	43461
39426	21894	26241	43576
39431	21765	26095	43972
39577	21403	25786	43859
39729	21839	25846	43721
39728	21771	25611	43850
39975	21900	25508	43540
40109	22025	25683	43896
39698	21807	25983	43610
39906	21989	25624	43188
39929	22362	25664	43288
39986	22078	25652	43379
39895	22219	25828	43434
39531	21994	25955	43457
39757	22439	25731	43190
39686	22623	25763	42600
39997	22977	25598	42557
40161	23099	25470	42757
40058	22991	25574	42353
39849	23143	25643	42567
39806	23095	25624	42277
39904	23104	25664	42300
40070	23087	25372	42703
40112	22677	25531	43051
39994	22453	25427	43111
39995	22503	25620	42985
39934	22343	25465	43234
40159	22031	25327	43621
40101	21866	25696	43825
39843	21809	25794	43873
39625	21637	25861	44004
39740	21641	25960	43847
39577	21713	25719	43721
39688	21932	26031	43677
39316	21951	26233	43933
39116	21939	26527	43584
39011	21920	26504	43459
38990	21866	26641	43944
38825	21328	26920	44214
38783	21213	26771	44172
38759	21428	26786	43932
38583	21658	26856	43741
38634	21765	26899	43523
38625	22269	27071	43043
38572	23072	27214	42365
38513	23245	26917	42125
38742	23417	26713	42287
38911	23302	26883	42097
38736	23404	26747	42283
38800	23249	26900	42610
38677	23040	26727	42306
38965	23021	26486	42546
38788	22579	26548	43014
38935	22276	26508	43238
38813	22106	26903	43256
38539	22328	27170	43333
38165	22113	27520	43333
38006	22370	27658	43232
37892	22234	27645	43297
38146	22165	27320	43382
38465	21886	26947	43659
38694	21831	26725	43644
38942	21899	26393	43544
38868	22042	26665	43522
38853	22020	26346	43608
39507	21979	25892	43491
39994	22189	25415	43428
40103	21712	25700	43953
39931	21675	25454	43814
40048	21471	25410	43952
40227	21636	25464	43764
40170	21687	25524	43730
39963	21748	25753	43744
39926	21742	25691	43625
39934	22057	25597	43325
40301	22259	25435	43364
40273	21991	25319	43693
40138	21842	25376	43589
40290	22124	25077	43382
40326	22222	25004	43428
40549	22116	24724	43334
40982	22329	24245	43046
41177	22486	24485	42935
40999	22632	24618	42753
41037	22845	24440	42939
41038	22773	24536	42576
41097	23202	24280	41977
41398	23875	24145	41624
41415	23633	23879	42100
41612	23413	23908	41876
41649	23844	23947	41835
41459	23497	24204	41935
41385	23564	24127	42000
41630	23615	23971	41861
41705	23860	23963	41792
41634	23712	23790	41767
41603	23679	24226	41946
41236	23689	24407	42116
41144	23159	24515	42287
40930	23228	24715	42263
40692	23295	24872	42110
40924	23239	24657	42092
40782	23313	24766	42380
40723	23201	24609	42344
41119	22871	24261	42883
41242	22601	24231	42928
41222	22492	24340	43109
41364	22447	24212	42969
41144	22650	24444	42765
40956	22911	24377	42368
41189	23416	24315	41962
41317	23539	24403	42192
41206	23464	24514	42140
40961	23330	24446	42409
41121	22969	24371	42735
41101	22647	24368	42780
40880	22772	24664	42915
41141	22629	24286	42992
40876	22548	24528	43039
40870	22453	24729	42921
40866	22482	24818	42891
40591	22765	24750	42567
40794	23004	24667	42579
40914	22936	24724	42805
40929	22429	24708	43092
40649	22405	24856	43191
40687	22394	24846	43090
40744	22461	24843	42821
40778	22937	24780	42405
40696	23145	24818	42441
40798	22981	24659	42414
41079	23529	24729	42193
40787	23232	24599	42327
40737	22936	25028	42853
40464	22587	25101	42995
40470	22621	24974	43121
40629	22151	24832	43748
40665	21784	25138	43843
40363	21668	25118	44050
40369	21402	25241	44417
40190	20946	25265	44727
40511	20790	25156	44983
40341	20642	25443	45141
39899	20117	25472	45563
40078	20018	25247	45624
40145	19972	25441	45459
40397	20268	25276	45256
40174	20428	25220	44891
40261	20879	25194	44510
40419	21094	25108	44443
40190	21143	25683	44284
39840	21447	25267	43799
40134	21880	25453	43667
39894	21834	25861	43661
39526	22021	25931	43343
39590	21975	26030	43570
39538	21810	25886	43792
39760	21807	25861	43542
39322	21923	25955	43854
39644	21681	25604	44127
39818	20807	25444	44652
39923	20938	25429	44742
40145	20739	25259	44988
40088	20803	25500	44721
40083	20815	25636	44698
39755	20897	26139	44591
39278	20676	26437	45017
38939	20649	26830	44799
38360	20915	27336	44700
38146	20664	27538	44872
37874	20547	27979	45274
37691	19954	28071	45713
37367	19639	28024	46231
37543	19257	28323	46255
37081	19021	28267	46642
37342	18812	28274	46764
36998	18777	28611	46837
36919	18924	28796	46340
36716	19376	28988	46351
36455	19495	29215	46208
36370	19497	29049	45953
36482	19687	29287	45958
36353	19452	29190	45927
36504	19453	28758	45894
37080	19583	28330	45888
37352	19537	28059	45862
37738	19722	27598	45395
37863	20432	27561	44980
38032	20554	27559	44791
37921	20966	27552	44433
37958	20846	27622	45154
37608	20323	28011	45160
37549	20636	28135	44998
37385	20643	28053	45121
37630	20279	27661	45285
38222	20121	27043	45571
38506	19764	26827	46039
38603	19283	26897	46259
38580	19322	26962	46088
38787	19577	26786	45658
38624	20251	26829	45254
39072	20399	26461	44864
39095	20575	26397	44819
39308	21032	26219	44450
39061	21011	26764	44601
38761	20666	26698	45028
38770	20430	26854	45240
38689	20262	26858	45211
38561	20108	27159	45310
38274	20384	27599	45160
37793	20345	27713	44968
37790	20841	27570	44571
38187	21097	27156	44259
38804	21626	26549	43750
39039	21874	26465	43475
39014	22085	26596	43587
38941	21703	26455	43773
38954	21774	26590	43628
38850	21825	26845	43577
38684	21894	27145	43767
38414	21686	27018	43678
38491	21610	26952	43852
38556	21708	26717	43768
38642	21749	26941	43629
38683	22199	26661	43138
39050	22590	26225	42786
39524	22743	26099	42879
39709	22603	25888	42952
39704	22606	25959	42811
39385	22727	26065	42906
39606	22535	25948	43062
39402	22353	26357	43301
39369	22243	26209	43358
39115	22202	26499	43675
39124	21794	26455	43764
38721	21612	27212	43841
38405	21798	27072	43638
38542	21881	26980	43498
38583	21897	26980	43445
38688	22179	27047	43352
38578	22287	27030	43208
38465	22432	27244	43186
38319	21997	27245	43728
38252	21572	27260	43856
38095	21838	27481	43627
37886	22057	27627	43232
38163	22314	27436	43339
38162	21945	27398	43369
38170	22334	27356	43137
38246	22731	27350	42558
38182	23083	27391	42474
38113	23014	27280	42603
38493	22975	26983	42546
38115	23290	27311	42181
38393	23625	27155	41680
38471	24054	26774	41498
38810	23890	26754	41926
38893	23770	26483	41776
39256	23865	25866	41728
39769	23590	25597	42021
39877	23365	25544	42037
40124	23229	25277	42049
40543	23596	24869	41716
40631	23945	24896	41129
40826	24279	24321	41170
41258	24034	24332	41508
41483	24106	24056	41375
41573	24156	23872	41319
41848	24295	23855	41065
41707	24479	24010	41053
41381	24409	23994	41145
41526	24340	24074	41275
41615	24021	23888	41536
41585	24113	23841	41340
41603	24278	23970	41204
41750	24376	23714	41268
41681	24093	24106	41257
41381	24112	24060	41348
41450	24284	23936	41227
41560	24308	24063	41369
41602	24021	23917	41600
41828	23956	23803	41535
41726	23853	23760	41771
41504	23685	24178	41371
41494	24358	23987	41030
41609	24494	24119	41133
41351	24314	24237	41519
41220	23658	24345	41980
41422	23345	23800	42489
41897	22849	23696	42639
41787	22856	23955	42783
41877	22840	23582	42625
42208	22960	23276	42737
42561	22787	22990	42670
42677	22853	22777	42708
42574	22913	23174	42613
42420	22952	23052	42367
42376	23305	23514	42183
41916	23479	23762	42213
41856	23017	23513	42891
42064	22114	23494	43302
42122	22276	23230	42906
42196	22365	23580	43271
42160	22511	23476	42941
42087	22793	23481	42707
42059	22486	23355	42797
42102	22517	23332	42578
42341	23349	23058	42108
42561	23327	22689	42140
42967	23543	22546	42211
43195	23647	22394	41724
43181	24186	22595	41538
42920	23895	22272	41381
43690	24134	21783	41425
43430	24119	22222	41295
43330	24351	22300	41035
43303	24529	22157	41170
43441	24462	21761	41116
43758	24386	21587	41301
44098	24393	21297	41181
44067	24506	21544	40952
43722	24534	21841	41022
43920	24692	21570	40838
43975	24794	21581	40680
44242	24976	21304	40608
44335	25201	21304	40114
44365	25567	21095	39950
44598	25588	20610	39655
45161	26197	20529	39223
45179	26676	20174	38516
45091	27232	20071	38180
45462	27458	19989	37898
45707	27561	19891	38006
45704	27731	19961	37674
45696	27949	19601	37383
46049	28264	19453	37013
46175	28608	19137	36563
46468	29267	18989	36263
46656	29551	18927	35782
46776	29839	18776	35586
46721	30150	18894	35438
46517	29800	19004	36214
46665	29265	18967	36365
46665	29311	18773	35949
47179	29609	18177	35798
47428	29585	17972	35960
47729	29313	17683	36283
47711	29450	17713	36219
47914	29208	17768	36412
47866	29103	17675	36480
47995	28990	17740	36617
47818	29073	17508	36370
48077	29001	17406	36684
48196	28878	17455	36876
47947	28669	17408	36949
48213	28625	17025	36962
48852	28533	16773	36965
48867	28315	16770	37222
48550	28255	16782	37220
48570	28182	17044	37200
48453	28569	17318	36842
48055	28814	17428	36883
47858	28496	17792	36807
47423	28768	18189	36857
47543	28523	17816	36826
47554	28738	18038	36817
47474	28548	17984	37045
47566	28497	18024	36910
47533	28769	18225	36627
47447	28867	18250	36579
47238	28827	18417	36880
47191	28610	18425	37105
47071	28365	18285	37316
47033	28171	18362	37640
47389	27854	18398	37654
46971	28005	18718	37322
46533	28365	19173	37000
46417	28188	19277	37592
46040	27943	19469	37281
46244	28263	19332	37534
46079	27909	19321	37822
46301	27805	19045	37768
46761	27551	18941	37864
46489	27608	19127	37840
46557	27607	18780	37706
46986	28004	18476	37276
47290	28269	18216	37252
47339	28430	18107	37079
47267	28635	18323	36956
47010	28484	18607	37103
46985	28256	18696	37378
46636	27809	18833	37888
46747	27714	18814	38223
46608	27147	19068	38322
46387	27304	18984	37964
46582	27836	18949	37254
46851	28419	18561	36848
46923	28920	18374	36524
47368	28767	18249	36753
47380	28879	18073	36637
47449	28901	18066	36724
47507	28927	17923	36771
47758	28828	17463	36646
48270	28977	17531	36338
47836	29001	17542	36478
48049	29109	17522	36542
47850	28855	17814	36491
47584	28725	18382	36811
46975	28870	18321	36432
47130	29115	18449	36370
47080	29259	18598	36311
46827	29019	18719	36345
46498	29432	18999	35975
46547	29466	18854	36032
46544	29517	19223	35838
46125	29621	19957	35910
45581	29759	20084	35527
45215	30090	20201	35727
45503	29762	20061	35736
45509	29869	19945	35485
45499	30062	20141	35539
45109	30037	20332	35232
45211	30240	20163	35282
45081	30372	20251	34875
45379	30733	20202	34657
45286	30923	20342	34616
45278	30932	20308	34573
44974	31087	20457	34213
45113	31361	20105	34262
45445	31227	20012	34316
45469	31137	19975	34444
45535	30824	19889	34863
45796	30874	19613	34548
46032	31137	19305	34161
46374	31339	18936	34302
46646	31172	18742	34349
46804	31241	18700	34028
46555	31600	18917	33690
46229	31871	19716	33677
45398	31960	20431	33542
45012	32091	20665	33669
44650	31920	20732	33812
44504	31784	20966	33981
44557	31374	20934	34145
44762	31411	20832	33928
44746	31808	20954	33931
44625	31767	20606	33921
44922	32130	20421	33510
45353	31953	19779	33858
45850	31626	19558	33923
45954	31595	19702	33931
45781	31920	19786	33416
45739	32059	19883	33880
45620	31598	20027	33849
45494	31656	19960	33989
45771	31624	19989	33922
45388	31765	20226	33837
45294	31949	20328	33579
45165	31923	20280	33555
45256	32038	20013	33375
45898	31810	19334	33592
46499	31886	18952	33610
46763	31793	18786	33693
46709	31923	18990	33705
46655	31999	19006	33476
46361	32116	19121	33563
46234	32046	19416	33316
46033	31943	19307	33569
46389	32271	19109	33040
46277	32591	19186	33004
46720	32601	18756	33188
46879	32375	18518	33445
47079	31909	18325	33605
47256	32098	18416	33765
47136	31746	18399	33904
47064	31650	18579	33658
46794	31999	18719	33322
46551	32279	18985	33107
46860	32406	18399	33308
47267	32313	18376	33131
47128	32011	18553	33624
47074	31735	18696	33498
46958	32042	18509	33300
46950	32496	18590	33198
46850	32411	18784	33102
46697	32325	18940	33235
46726	32273	18785	33259
46639	32347	19125	33300
46359	31955	19071	34047
46362	31228	19274	34278
46225	31191	19169	34285
46507	31172	18843	34407
46947	31115	18853	34327
46561	31322	19026	34282
46469	31064	19271	34614
46218	31234	19528	34024
45892	31645	19521	33802
46263	31969	19229	33254
46470	32533	19283	32911
45980	32929	19528	32659
46172	32887	19297	32599
46085	32848	19468	32654
45949	32989	19612	32665
46153	32852	19376	32688
46457	32834	18965	32577
46616	32919	19067	32721
46219	32858	19510	32556
45949	32912	19552	32518
45987	32718	19466	33053
45890	32459	19751	33036
45840	32442	19886	33222
45774	32349	19757	33169
45835	32316	19472	33232
46418	32221	19025	33050
46655	32699	19042	32553
46441	33022	18820	32306
46894	33421	18576	32336
46980	33490	18457	32072
47158	33664	18143	31931
47416	33418	18024	31867
47433	33694	18240	31941
47111	33378	18468	32331
47234	33003	18368	32721
47113	33042	18505	32691
46687	32878	19002	32787
46293	32666	19096	32841
46472	32515	18834	33269
46726	32216	18669	33695
46738	31643	18779	33907
46721	31586	19047	33984
46248	31755	19385	33615
46107	31976	19700	33515
45721	32077	19815	33421
45847	32099	19640	33386
46089	32310	19583	33018
45911	32751	19622	32647
45675	32804	19973	32779
45428	32820	20079	32928
45432	32826	20085	32834
45623	32770	19779	32884
45889	32677	19648	32724
45847	32788	19928	32616
45657	32879	19773	32568
45879	33412	19374	32047
46377	33433	18965	32077
46691	33290	18842	32464
47083	32947	18417	32867
47192	32691	18197	33229
47653	32292	18107	33260
47209	32315	18450	33191
46909	32285	18913	33491
46391	31806	19172	33795
46577	31346	19174	34259
46093	31567	19681	34014
45640	31661	19833	33748
45942	31873	19312	33817
46077	31346	19729	34000
45674	31143	20000	34330
45253	31053	20347	34217
45399	31099	20143	34616
45373	31014	20035	34435
45675	31190	19859	34555
45549	30903	20022	34654
45417	30572	20254	35214
45318	30317	20192	35214
45272	30273	20397	35427
44916	30018	20645	35119
44690	30399	20690	35234
44827	30295	20466	35320
44868	30204	20686	35416
44795	29831	20497	35880
45031	29539	20519	35766
45041	29616	20513	35972
45247	29800	20161	35812
45780	29940	19588	35693
45982	29996	19233	35635
46434	29990	19087	35698
46444	29515	19256	36278
46332	29203	18969	36270
46512	29111	18960	36473
46688	29135	18710	36276
46819	29354	18810	36193
46564	29490	19311	35982
45921	29760	19900	35743
45421	29913	20280	35833
45296	29392	20214	36241
45155	29179	20559	36404
44890	28964	20865	36509
44707	28935	20913	36783
44309	28767	21254	37056
44105	28493	21498	37146
44169	28140	21180	37436
44403	28227	21130	37294
44300	28135	21430	37671
43806	28049	21794	37683
43578	27725	21958	37711
43727	27606	21745	38097
43632	27402	22091	38127
43354	27657	22392	37986
42874	27444	22847	38217
42832	27415	23145	38047
42246	27318	23383	38218
42021	27326	23463	37995
42407	27677	23124	38107
42568	27584	22859	37823
42736	27971	22820	37554
42833	28035	22554	37605
43107	27902	22346	37565
43191	28027	22644	37261
42724	28357	22544	36988
43134	28651	22187	36672
43340	29196	22191	36225
43466	29460	22042	35933
43579	29649	21871	35878
43914	29957	21404	35607
44137	30023	21244	35529
44376	29709	21412	35973
43955	29322	21820	36222
43783	29558	21465	35836
43911	29782	21548	35926
44245	29634	21099	35931
44458	29668	20871	35700
44655	30050	20835	35538
44901	30071	20806	35543
44938	29811	20722	35486
44601	30444	20954	34930
44479	30654	21249	34910
44444	30605	20952	34952
44435	30682	21123	34986
44538	30622	21086	34637
44541	30981	20613	34136
45073	31355	20186	34270
45553	31379	19842	34168
45510	31610	19675	33937
45979	31496	19352	34104
46549	31518	18925	33919
46684	31581	19047	34121
46391	31317	19094	34120
46267	31255	19254	34327
46365	31322	19124	34150
46324	31543	19175	33711
46234	31925	19161	33693
46164	31713	19408	34057
46261	31420	19080	34138
46615	31226	18760	34568
46814	30644	18769	34865
46834	30614	18619	35182
46875	30384	18596	35308
46831	30062	18576	35594
47152	30053	18278	35347
47196	30250	18152	35180
47581	30076	17759	35632
47771	29794	17688	35743
47807	29944	17913	35277
47650	30374	18241	35044
46856	30482	18865	34926
46498	30755	19079	34956
46428	30490	19395	35009
46139	30455	19434	34974
46141	30531	19017	35031
46723	30310	19097	35574
46334	29651	19011	36074
46319	29403	19170	36209
46400	29441	19454	36247
46014	29256	19394	36204
46084	29410	19370	36252
46345	29342	19122	36133
46268	29187	19426	36450
45988	29301	19551	36053
45914	29601	19519	36001
46072	29170	19338	36276
46005	29249	19299	36244
46074	29230	19371	36345
46097	29024	19220	36421
46570	29303	18653	36074
46943	29619	18730	36006
46591	29590	19060	35762
46361	29811	19150	35951
46171	29617	19173	35863
46375	29451	18966	35982
46728	29663	18746	35531
47135	30176	18497	35307
47098	30014	18484	35421
46852	30049	18854	35526
46841	30067	18634	35337
46828	30135	18607	35455
46918	30285	18649	35177
47064	30661	18595	34738
46998	30870	18519	34736
47281	30813	18044	34768
47101	30820	18459	34717
47038	30941	18703	34226
46859	31687	18534	33639
47253	32142	18438	33284
47279	32317	18186	33042
47258	32395	18154	32905
47276	32690	18075	32786
47506	32807	18095	32531
47212	33362	18636	32054
46747	33616	18785	31871
46664	33639	19077	32059
46476	33708	19129	31735
46315	33795	19422	31824
46140	33515	19560	31987
45917	33429	19793	32287
45561	33401	19856	32185
45930	33194	19707	32416
45911	33036	19460	32566
45816	32983	20007	32609
45528	33189	20211	32385
45131	33086	20266	32565
45541	33119	19933	32522
45717	32716	19947	32850
45870	32164	19502	33494
45988	32039	19350	33728
46251	31685	19257	34040
46586	31544	18947	34036
46380	31434	19127	34113
46480	31464	19166	33962
46416	31457	18655	34208
46925	31250	18423	34270
47348	31330	18251	34330
47112	31042	18450	34571
47217	30989	18372	34585
47191	30872	18222	34488
47357	30876	18336	34753
46972	30751	18441	34839
47085	30739	18246	34834
47269	30574	18390	34840
47018	30553	18587	35127
46825	30434	18212	35235
47600	30536	17935	35026
47623	30716	17774	34506
48004	30989	17486	34359
48149	31566	17469	33648
48116	31765	17610	33956
47608	31418	18029	34315
47370	31096	18111	34159
47767	31538	18095	33920
47202	31545	18390	34004
46906	31972	18874	33459
46567	31934	18871	33813
46336	31731	19233	33273
46366	32524	19461	32820
46048	32730	19743	32851
46064	32690	19285	33009
46333	32388	18924	33046
46780	32556	18653	33229
47011	32355	18309	33056
47470	32620	18209	32745
47125	32670	18821	33181
46436	32183	19023	33458
46365	31855	19052	33864
46633	31600	19165	34073
46142	31348	19759	34146
45820	31649	19468	33973
46190	31422	19145	34297
46539	31326	18993	33839
46654	31485	18743	33890
46595	31956	19214	33488
46277	32042	19112	33595
46319	31949	19254	33506
46223	32193	19203	32978
46353	32336	19294	33293
46045	31986	19752	33407
45767	32258	20056	33212
45198	32474	20777	33097
44568	32260	20837	33123
44655	32230	20831	33209
44652	32316	20898	33261
44953	32515	20444	32732
45071	33025	20174	32226
45266	33454	20196	32075
45061	33726	20229	31822
45445	33812	20133	31612
45216	33833	20451	31726
45145	33957	20538	31406
44868	34065	20751	31458
44782	33976	20576	31589
45236	33969	19813	31120
45980	34570	19549	30905
45918	34683	19809	30834
45452	34780	20186	30638
45250	34838	20390	30537
45132	34960	20360	30723
45132	34738	20319	30784
45450	34500	20339	31247
45198	33850	20109	31745
45409	33903	20299	31554
45135	34093	20469	31385
45086	34269	20769	31334
44684	34211	20629	31448
45045	33928	20365	31975
45365	33597	20209	31662
45352	33852	20208	31731
45495	33767	19924	31724
45554	33882	19866	31497
45388	33920	20218	31429
45303	34212	20261	31213
45298	34387	20332	30977
45348	34845	20138	30563
45392	34874	20036	30535
45445	34990	20262	30669
45319	34692	20172	31009
45266	34537	20255	31330
45383	34394	20277	31185
45364	34385	20361	31179
45174	34046	20335	31932
45494	33653	19989	31992
45508	33335	19667	32183
45742	33611	19650	32093
46187	33481	19398	32249
46218	33470	19625	32030
45877	33455	19622	32231
45972	33098	19575	32335
45895	33235	19530	32566
45822	32931	19889	32802
45655	32609	19931	33011
45562	32298	19913	33299
45710	31883	19536	33754
45858	31695	19892	33541
45459	31983	20293	33471
45308	32067	20153	33309
45261	32217	20300	33188
45246	32333	20399	33131
45231	32569	20625	32831
45022	32834	20483	32952
44993	32669	20529	33072
45263	32729	20383	32737
45142	32779	20477	32467
44760	33120	20736	32568
44840	33321	20575	31989
45145	33695	20535	32029
45005	33586	20255	32022
45156	33692	20172	31478
45759	34068	19884	31289
45521	34302	20090	31315
45381	33860	20409	31648
45067	33865	20470	31835
44851	34023	20532	31646
45104	33790	20621	32152
44843	33318	20626	32634
44831	32904	20751	32690
45099	32609	20646	33041
44765	32353	20818	33200
44811	32290	20941	33108
44398	32596	21166	33013
44278	32359	21398	33448
43876	31985	22105	33305
43303	32101	22652	33568
42906	32084	22611	33491
42980	32088	22394	33311
43065	32230	22297	33398
43298	32107	22068	33382
43869	32175	21426	33281
44061	32490	21474	33096
44046	32572	21387	32800
44029	32983	21469	32448
44230	33157	21342	32250
43898	33268	21743	32125
43862	33442	21693	32226
43522	33467	22065	32281
43446	33344	22173	32278
43563	33211	21706	32288
43685	33109	22075	32375
43392	33178	22150	32252
43766	33168	21659	32525
43743	32883	21711	32624
43928	32703	21563	32891
44069	32706	21289	32583
44293	32861	21410	32813
43997	32433	21540	33251
43821	32209	21786	33384
43772	32049	21672	33778
44019	31492	21364	34217
43833	31372	21769	33775
43964	31845	21416	33701
44011	31562	21616	33856
44224	31533	21471	34150
44185	31113	21013	34495
44691	30916	20725	34565
44860	31115	20720	34354
45100	31404	20388	33783
45241	31723	20225	33741
45141	31840	20594	33590
44923	32074	20502	33286
45058	32393	20480	33110
45193	32458	20071	32932
45432	32570	20345	32964
45042	32746	20804	32713
44216	33000	21064	32348
44609	33281	20537	32352
45035	33101	20356	32078
45388	33619	20120	31959
45444	33750	20169	31989
45106	33363	20690	32108
44760	33547	20795	31985
44923	33502	20683	32324
44926	32893	20820	33029
44873	32531	20704	33052
44898	32708	20442	32869
45202	32913	20452	32592
44980	33044	20634	32347
45016	33074	20440	32510
45046	32929	20551	32451
45014	32896	20342	32480
45327	33186	20139	32217
45346	33162	20367	32209
45209	33258	20351	32280
44989	33214	20788	32323
44531	33266	21143	32183
44315	33568	21106	31855
44426	33553	21182	32029
44297	33442	21284	31961
44015	33661	21401	32089
43875	33210	21741	32514
43432	33023	22098	32439
43300	33034	22090	32444
43653	33191	21627	32163
44167	33321	21332	32070
44338	33275	21326	32141
44261	33323	20992	32253
44722	33201	20455	32298
45344	32912	19781	32760
45760	32681	20067	32780
45289	32785	20381	32936
45158	32103	20314	33454
45282	32110	20161	33825
45462	31826	19780	33818
45703	31657	19622	34137
46015	31353	19338	34108
46022	31392	19537	34392
46119	31116	19144	34310
46379	31524	19599	33866
45847	31574	19714	34128
45645	31441	20228	33819
45562	31808	19845	33669
45859	32062	19590	33257
45838	32533	19814	33099
45572	32530	20037	32943
45497	32792	20269	32836
45116	32481	20480	33270
45149	32099	20023	33384
45603	31985	19590	33401
45875	31857	19526	33512
46043	31844	19406	33691
46098	31933	19392	33689
46236	32009	19217	33486
46305	31991	19387	33430
46107	32127	19560	33400
45700	32142	19997	33349
45435	32303	20415	33107
45197	32412	20203	32980
45216	32803	20396	32676
45018	33039	20536	32332
44938	33199	20416	32435
45095	33216	20237	32469
45252	33145	20403	32547
45238	32880	20361	32846
45526	32559	19835	33189
45547	32534	19799	32823
45667	32775	19861	32664
45856	33006	19632	32533
45804	33112	19773	32546
45554	32790	19887	32517
45642	33205	19754	32288
45732	33227	19772	32587
46000	32724	19530	32909
46071	32697	19534	32777
45998	33045	19634	32269
46032	33254	19700	32231
45755	33339	19607	31929
45902	33796	19806	31822
45691	33866	19981	31678
45698	34032	19983	31464
45497	33886	20137	32021
45388	33476	19906	32062
45671	33401	19727	32045
45856	33255	19535	32370
45824	33152	19848	32562
45826	32998	19764	32600
46075	32948	19537	32750
46193	32668	19366	33193
46353	31995	19438	33870
46296	31461	19379	34226
46103	31160	19359	34316
46130	31078	19679	34502
45762	30704	20041	34669
45716	31134	19910	34189
45640	31455	20001	33899
45223	31688	20325	33792
45129	31591	20468	33741
44857	31847	20532	33406
45115	32333	20337	32937
45397	32624	20160	32569
45398	32911	20240	32658
45104	32994	20421	32556
45131	32972	20556	32679
44819	33030	20883	32760
44362	32732	21285	32769
44629	32553	20972	33098
44564	32321	21018	33261
44727	32252	20985	33141
44349	32226	21241	33158
44372	32379	21144	33140
44577	32443	20668	33052
45153	32650	19869	32974
45838	32420	19979	33162
45321	32169	20653	33380
44846	32048	20642	33524
44907	32304	20601	33347
44896	32254	20401	33114
45587	32427	19697	33085
45946	32606	19627	32886
46112	32633	19366	32715
46126	33225	19314	32114
46279	33618	19052	31830
46417	33476	18919	32094
46662	33106	18656	32347
47003	33376	18375	32152
47351	33512	18294	32064
47052	33705	18736	31828
46695	33809	18809	31753
46769	33950	18635	31472
46608	34236	18972	31058
46278	34682	19403	30771
46159	34603	19369	31313
46007	34076	19420	31319
45860	34081	19655	31570
45634	34184	19833	31003
45846	34411	19741	30915
45718	34939	19903	30511
45834	35226	19787	30342
45930	35008	19257	30482
46169	35158	19419	30684
46066	34955	19716	30547
45634	35221	19977	30579
45435	34934	20331	30414
45112	35007	20457	30377
45052	35073	20780	30479
44496	35120	21182	30224
44294	35156	21066	30245
44633	35161	20893	30335
44749	35111	21053	30407
44307	34937	21393	30477
43830	35384	21800	30373
43498	35204	21899	30315
43769	35038	21810	30792
43659	34605	21849	30578
43801	35283	21637	30036
44147	35468	21368	30003
44282	35450	21110	30030
44527	35369	21014	30218
44341	35792	21126	29590
44398	36673	21150	28911
44361	36684	21096	28678
44793	36916	20806	28717
44553	36831	21083	28828
44347	36778	20982	28785
44766	36606	20833	29059
44628	35981	20759	29880
44920	35605	20452	29878
45310	35354	19992	30459
45813	35336	19539	30357
45888	35216	19495	30383
45915	34830	19580	30865
46012	34548	19682	31008
45833	34109	19771	31623
45838	34022	19863	31412
45933	34281	19523	31079
45923	34501	19635	31093
46115	34482	19684	31082
45826	34627	19876	31080
45445	34587	20130	30891
45448	34501	20220	30938
45328	34626	20164	30917
45366	34615	19930	31070
