0 0 114
0 1 107
0 2 76
0 3 101
0 4 108
0 5 98
0 6 105
0 7 98
0 8 111
0 9 105
0 10 114
0 11 106
0 12 112
0 13 114
0 14 109
0 15 108
0 16 109
0 17 98
0 18 120
0 19 102
0 20 102
0 21 110
0 22 106
0 23 105
0 24 109
0 25 110
0 26 101
0 27 109
0 28 99
0 29 110
0 30 109
0 31 121
0 32 96
0 33 112
0 34 93
0 35 97
0 36 95
0 37 122
0 38 102
0 39 99
0 40 107
0 41 107
0 42 95
0 43 106
0 44 84
0 45 100
0 46 79
0 47 101
0 48 114
0 49 106
0 50 113
0 51 107
0 52 110
0 53 110
0 54 115
0 55 92
0 56 125
0 57 116
0 58 100
0 59 112
0 60 98
0 61 120
0 62 117
0 63 108
0 64 99
0 65 115
0 66 124
0 67 100
0 68 104
0 69 107
0 70 113
0 71 120
0 72 96
0 73 113
0 74 103
0 75 98
0 76 114
0 77 88
0 78 92
0 79 103
0 80 93
0 81 122
0 82 102
0 83 94
0 84 92
0 85 62
0 86 90
0 87 91
0 88 85
0 89 86
0 90 92
0 91 104
0 92 100
0 93 97
0 94 91
0 95 80
0 96 102
0 97 96
0 98 108
0 99 96
0 100 84
0 101 114
0 102 116
0 103 99
0 104 108
0 105 106
0 106 112
0 107 109
0 108 92
0 109 95
0 110 100
0 111 104
0 112 91
0 113 100
0 114 99
0 115 104
0 116 117
0 117 107
0 118 100
0 119 112
0 120 117
0 121 100
0 122 105
0 123 121
0 124 105
0 125 98
0 126 127
0 127 116

1 0 83
1 1 108
1 2 99
1 3 98
1 4 98
1 5 115
1 6 100
1 7 96
1 8 96
1 9 93
1 10 109
1 11 102
1 12 121
1 13 100
1 14 100
1 15 115
1 16 96
1 17 105
1 18 96
1 19 94
1 20 98
1 21 93
1 22 85
1 23 129
1 24 109
1 25 96
1 26 108
1 27 128
1 28 116
1 29 95
1 30 101
1 31 106
1 32 83
1 33 106
1 34 99
1 35 90
1 36 106
1 37 95
1 38 107
1 39 107
1 40 122
1 41 112
1 42 96
1 43 116
1 44 124
1 45 110
1 46 105
1 47 99
1 48 104
1 49 112
1 50 105
1 51 102
1 52 113
1 53 105
1 54 113
1 55 128
1 56 101
1 57 107
1 58 96
1 59 113
1 60 92
1 61 97
1 62 104
1 63 115
1 64 126
1 65 109
1 66 100
1 67 106
1 68 113
1 69 113
1 70 98
1 71 99
1 72 105
1 73 97
1 74 110
1 75 111
1 76 102
1 77 116
1 78 104
1 79 113
1 80 106
1 81 94
1 82 126
1 83 87
1 84 62
1 85 89
1 86 77
1 87 97
1 88 87
1 89 94
1 90 92
1 91 103
1 92 98
1 93 107
1 94 84
1 95 98
1 96 105
1 97 99
1 98 110
1 99 103
1 100 98
1 101 121
1 102 111
1 103 114
1 104 116
1 105 115
1 106 110
1 107 106
1 108 99
1 109 85
1 110 102
1 111 106
1 112 95
1 113 94
1 114 78
1 115 115
1 116 113
1 117 110
1 118 116
1 119 104
1 120 106
1 121 110
1 122 103
1 123 109
1 124 117
1 125 117
1 126 115
1 127 115

2 0 96
2 1 94
2 2 90
2 3 98
2 4 99
2 5 115
2 6 105
2 7 108
2 8 114
2 9 102
2 10 100
2 11 96
2 12 113
2 13 125
2 14 111
2 15 96
2 16 107
2 17 108
2 18 105
2 19 118
2 20 112
2 21 103
2 22 113
2 23 103
2 24 108
2 25 109
2 26 94
2 27 102
2 28 111
2 29 120
2 30 104
2 31 112
2 32 107
2 33 98
2 34 113
2 35 102
2 36 80
2 37 107
2 38 95
2 39 103
2 40 91
2 41 104
2 42 106
2 43 115
2 44 106
2 45 110
2 46 119
2 47 94
2 48 108
2 49 119
2 50 109
2 51 109
2 52 124
2 53 98
2 54 105
2 55 102
2 56 106
2 57 117
2 58 104
2 59 86
2 60 98
2 61 97
2 62 108
2 63 118
2 64 103
2 65 113
2 66 103
2 67 86
2 68 99
2 69 107
2 70 110
2 71 127
2 72 108
2 73 84
2 74 97
2 75 99
2 76 98
2 77 104
2 78 111
2 79 114
2 80 113
2 81 106
2 82 118
2 83 75
2 84 80
2 85 95
2 86 82
2 87 94
2 88 98
2 89 90
2 90 97
2 91 109
2 92 118
2 93 104
2 94 104
2 95 104
2 96 108
2 97 99
2 98 100
2 99 120
2 100 109
2 101 116
2 102 114
2 103 114
2 104 115
2 105 114
2 106 110
2 107 98
2 108 99
2 109 89
2 110 95
2 111 114
2 112 110
2 113 99
2 114 106
2 115 94
2 116 97
2 117 117
2 118 102
2 119 106
2 120 82
2 121 106
2 122 96
2 123 97
2 124 93
2 125 109
2 126 115
2 127 107

3 0 86
3 1 111
3 2 93
3 3 84
3 4 97
3 5 104
3 6 102
3 7 100
3 8 105
3 9 120
3 10 93
3 11 111
3 12 101
3 13 116
3 14 96
3 15 104
3 16 106
3 17 111
3 18 97
3 19 117
3 20 120
3 21 111
3 22 101
3 23 123
3 24 96
3 25 112
3 26 115
3 27 120
3 28 117
3 29 104
3 30 106
3 31 112
3 32 104
3 33 116
3 34 100
3 35 104
3 36 99
3 37 98
3 38 104
3 39 97
3 40 101
3 41 104
3 42 125
3 43 107
3 44 113
3 45 114
3 46 116
3 47 104
3 48 108
3 49 115
3 50 92
3 51 107
3 52 97
3 53 93
3 54 118
3 55 108
3 56 103
3 57 110
3 58 106
3 59 121
3 60 91
3 61 97
3 62 103
3 63 94
3 64 98
3 65 106
3 66 101
3 67 105
3 68 102
3 69 106
3 70 112
3 71 109
3 72 112
3 73 97
3 74 89
3 75 85
3 76 119
3 77 100
3 78 117
3 79 108
3 80 116
3 81 117
3 82 121
3 83 82
3 84 67
3 85 68
3 86 75
3 87 114
3 88 116
3 89 99
3 90 102
3 91 107
3 92 108
3 93 110
3 94 109
3 95 119
3 96 89
3 97 96
3 98 125
3 99 99
3 100 113
3 101 108
3 102 98
3 103 96
3 104 115
3 105 115
3 106 98
3 107 101
3 108 110
3 109 100
3 110 99
3 111 94
3 112 104
3 113 104
3 114 103
3 115 106
3 116 102
3 117 102
3 118 99
3 119 107
3 120 103
3 121 103
3 122 114
3 123 111
3 124 112
3 125 104
3 126 95
3 127 112

4 0 111
4 1 116
4 2 109
4 3 103
4 4 110
4 5 107
4 6 118
4 7 106
4 8 106
4 9 118
4 10 107
4 11 102
4 12 126
4 13 130
4 14 97
4 15 104
4 16 97
4 17 118
4 18 119
4 19 102
4 20 120
4 21 109
4 22 111
4 23 99
4 24 107
4 25 110
4 26 117
4 27 96
4 28 113
4 29 120
4 30 99
4 31 128
4 32 113
4 33 116
4 34 104
4 35 113
4 36 95
4 37 109
4 38 110
4 39 107
4 40 114
4 41 112
4 42 106
4 43 97
4 44 110
4 45 114
4 46 118
4 47 115
4 48 111
4 49 107
4 50 93
4 51 108
4 52 94
4 53 108
4 54 111
4 55 96
4 56 119
4 57 112
4 58 116
4 59 110
4 60 99
4 61 104
4 62 90
4 63 101
4 64 102
4 65 94
4 66 106
4 67 118
4 68 115
4 69 109
4 70 112
4 71 125
4 72 98
4 73 100
4 74 99
4 75 107
4 76 100
4 77 109
4 78 112
4 79 108
4 80 117
4 81 111
4 82 112
4 83 94
4 84 91
4 85 94
4 86 74
4 87 112
4 88 123
4 89 113
4 90 100
4 91 100
4 92 105
4 93 93
4 94 116
4 95 120
4 96 114
4 97 110
4 98 108
4 99 108
4 100 102
4 101 97
4 102 104
4 103 110
4 104 107
4 105 102
4 106 111
4 107 111
4 108 114
4 109 86
4 110 99
4 111 92
4 112 102
4 113 99
4 114 104
4 115 93
4 116 110
4 117 111
4 118 107
4 119 118
4 120 104
4 121 105
4 122 99
4 123 108
4 124 103
4 125 105
4 126 109
4 127 95

5 0 114
5 1 107
5 2 113
5 3 111
5 4 113
5 5 104
5 6 100
5 7 97
5 8 120
5 9 99
5 10 109
5 11 112
5 12 119
5 13 90
5 14 101
5 15 94
5 16 121
5 17 104
5 18 106
5 19 102
5 20 116
5 21 111
5 22 104
5 23 111
5 24 111
5 25 105
5 26 108
5 27 112
5 28 109
5 29 119
5 30 112
5 31 101
5 32 114
5 33 106
5 34 103
5 35 118
5 36 93
5 37 126
5 38 110
5 39 117
5 40 109
5 41 107
5 42 104
5 43 120
5 44 119
5 45 110
5 46 100
5 47 111
5 48 121
5 49 108
5 50 95
5 51 97
5 52 102
5 53 97
5 54 97
5 55 111
5 56 109
5 57 125
5 58 108
5 59 104
5 60 107
5 61 102
5 62 101
5 63 102
5 64 110
5 65 99
5 66 101
5 67 112
5 68 117
5 69 84
5 70 111
5 71 117
5 72 97
5 73 108
5 74 104
5 75 75
5 76 108
5 77 103
5 78 105
5 79 114
5 80 111
5 81 117
5 82 93
5 83 90
5 84 73
5 85 82
5 86 79
5 87 110
5 88 105
5 89 101
5 90 119
5 91 108
5 92 101
5 93 118
5 94 118
5 95 109
5 96 107
5 97 102
5 98 105
5 99 116
5 100 113
5 101 112
5 102 101
5 103 98
5 104 102
5 105 105
5 106 102
5 107 125
5 108 104
5 109 106
5 110 103
5 111 103
5 112 114
5 113 93
5 114 108
5 115 107
5 116 110
5 117 117
5 118 117
5 119 97
5 120 111
5 121 115
5 122 120
5 123 102
5 124 98
5 125 103
5 126 107
5 127 99

6 0 105
6 1 105
6 2 117
6 3 123
6 4 111
6 5 106
6 6 110
6 7 121
6 8 118
6 9 114
6 10 111
6 11 122
6 12 104
6 13 114
6 14 114
6 15 117
6 16 100
6 17 121
6 18 108
6 19 109
6 20 110
6 21 122
6 22 103
6 23 110
6 24 117
6 25 107
6 26 105
6 27 98
6 28 117
6 29 102
6 30 106
6 31 113
6 32 92
6 33 107
6 34 115
6 35 114
6 36 115
6 37 109
6 38 117
6 39 111
6 40 112
6 41 101
6 42 111
6 43 88
6 44 126
6 45 113
6 46 103
6 47 117
6 48 101
6 49 106
6 50 103
6 51 94
6 52 115
6 53 109
6 54 93
6 55 113
6 56 122
6 57 101
6 58 130
6 59 113
6 60 118
6 61 105
6 62 99
6 63 95
6 64 98
6 65 99
6 66 106
6 67 94
6 68 111
6 69 123
6 70 126
6 71 123
6 72 110
6 73 115
6 74 94
6 75 102
6 76 109
6 77 110
6 78 120
6 79 112
6 80 112
6 81 112
6 82 116
6 83 71
6 84 94
6 85 81
6 86 97
6 87 109
6 88 95
6 89 111
6 90 112
6 91 108
6 92 119
6 93 102
6 94 118
6 95 113
6 96 112
6 97 117
6 98 111
6 99 106
6 100 104
6 101 110
6 102 99
6 103 96
6 104 109
6 105 116
6 106 119
6 107 104
6 108 106
6 109 97
6 110 94
6 111 104
6 112 99
6 113 96
6 114 112
6 115 119
6 116 96
6 117 116
6 118 102
6 119 92
6 120 111
6 121 96
6 122 99
6 123 96
6 124 98
6 125 97
6 126 97
6 127 91

7 0 102
7 1 97
7 2 114
7 3 116
7 4 110
7 5 127
7 6 111
7 7 106
7 8 118
7 9 95
7 10 107
7 11 105
7 12 98
7 13 105
7 14 105
7 15 106
7 16 100
7 17 97
7 18 100
7 19 103
7 20 116
7 21 90
7 22 97
7 23 103
7 24 99
7 25 111
7 26 98
7 27 101
7 28 109
7 29 102
7 30 107
7 31 98
7 32 93
7 33 97
7 34 112
7 35 111
7 36 118
7 37 125
7 38 121
7 39 99
7 40 105
7 41 113
7 42 109
7 43 106
7 44 121
7 45 115
7 46 116
7 47 96
7 48 108
7 49 107
7 50 97
7 51 100
7 52 120
7 53 118
7 54 114
7 55 97
7 56 127
7 57 111
7 58 92
7 59 126
7 60 93
7 61 109
7 62 105
7 63 122
7 64 120
7 65 95
7 66 106
7 67 115
7 68 103
7 69 113
7 70 116
7 71 113
7 72 110
7 73 117
7 74 103
7 75 111
7 76 84
7 77 110
7 78 112
7 79 108
7 80 96
7 81 103
7 82 99
7 83 78
7 84 84
7 85 95
7 86 85
7 87 109
7 88 110
7 89 106
7 90 109
7 91 109
7 92 132
7 93 99
7 94 114
7 95 103
7 96 130
7 97 101
7 98 101
7 99 99
7 100 120
7 101 118
7 102 87
7 103 120
7 104 106
7 105 120
7 106 100
7 107 125
7 108 113
7 109 93
7 110 90
7 111 108
7 112 102
7 113 112
7 114 112
7 115 117
7 116 120
7 117 112
7 118 118
7 119 106
7 120 106
7 121 110
7 122 100
7 123 94
7 124 99
7 125 94
7 126 87
7 127 99

8 0 111
8 1 120
8 2 103
8 3 108
8 4 109
8 5 113
8 6 105
8 7 108
8 8 108
8 9 116
8 10 103
8 11 103
8 12 108
8 13 117
8 14 107
8 15 88
8 16 94
8 17 90
8 18 103
8 19 95
8 20 111
8 21 99
8 22 98
8 23 92
8 24 107
8 25 93
8 26 96
8 27 98
8 28 109
8 29 93
8 30 92
8 31 98
8 32 111
8 33 111
8 34 103
8 35 116
8 36 108
8 37 118
8 38 106
8 39 110
8 40 110
8 41 124
8 42 130
8 43 114
8 44 115
8 45 109
8 46 105
8 47 121
8 48 112
8 49 106
8 50 104
8 51 107
8 52 108
8 53 104
8 54 115
8 55 99
8 56 110
8 57 99
8 58 113
8 59 96
8 60 93
8 61 102
8 62 100
8 63 105
8 64 102
8 65 86
8 66 117
8 67 108
8 68 97
8 69 102
8 70 119
8 71 83
8 72 100
8 73 103
8 74 103
8 75 108
8 76 126
8 77 123
8 78 113
8 79 112
8 80 109
8 81 97
8 82 107
8 83 87
8 84 99
8 85 90
8 86 79
8 87 101
8 88 101
8 89 106
8 90 109
8 91 108
8 92 118
8 93 111
8 94 103
8 95 109
8 96 116
8 97 101
8 98 111
8 99 106
8 100 105
8 101 114
8 102 95
8 103 105
8 104 98
8 105 96
8 106 115
8 107 120
8 108 102
8 109 88
8 110 113
8 111 98
8 112 112
8 113 104
8 114 117
8 115 104
8 116 119
8 117 110
8 118 112
8 119 112
8 120 108
8 121 104
8 122 99
8 123 91
8 124 85
8 125 92
8 126 97
8 127 98

9 0 106
9 1 118
9 2 117
9 3 123
9 4 117
9 5 111
9 6 104
9 7 104
9 8 82
9 9 114
9 10 80
9 11 102
9 12 108
9 13 111
9 14 99
9 15 92
9 16 85
9 17 89
9 18 102
9 19 77
9 20 106
9 21 104
9 22 87
9 23 93
9 24 98
9 25 80
9 26 90
9 27 86
9 28 91
9 29 81
9 30 96
9 31 97
9 32 84
9 33 90
9 34 95
9 35 106
9 36 113
9 37 113
9 38 111
9 39 98
9 40 104
9 41 112
9 42 104
9 43 96
9 44 112
9 45 102
9 46 117
9 47 112
9 48 106
9 49 117
9 50 86
9 51 105
9 52 101
9 53 112
9 54 118
9 55 118
9 56 95
9 57 100
9 58 107
9 59 100
9 60 119
9 61 100
9 62 86
9 63 86
9 64 101
9 65 101
9 66 104
9 67 113
9 68 113
9 69 115
9 70 110
9 71 112
9 72 100
9 73 88
9 74 93
9 75 98
9 76 116
9 77 113
9 78 108
9 79 112
9 80 132
9 81 95
9 82 100
9 83 77
9 84 80
9 85 76
9 86 90
9 87 122
9 88 111
9 89 109
9 90 119
9 91 105
9 92 107
9 93 102
9 94 117
9 95 102
9 96 114
9 97 109
9 98 123
9 99 100
9 100 113
9 101 105
9 102 105
9 103 98
9 104 97
9 105 107
9 106 109
9 107 106
9 108 113
9 109 104
9 110 94
9 111 114
9 112 117
9 113 120
9 114 101
9 115 115
9 116 125
9 117 108
9 118 116
9 119 119
9 120 95
9 121 118
9 122 105
9 123 98
9 124 107
9 125 93
9 126 104
9 127 95

10 0 106
10 1 117
10 2 118
10 3 115
10 4 99
10 5 120
10 6 105
10 7 112
10 8 106
10 9 106
10 10 93
10 11 100
10 12 108
10 13 105
10 14 102
10 15 104
10 16 105
10 17 111
10 18 104
10 19 101
10 20 91
10 21 85
10 22 105
10 23 90
10 24 90
10 25 86
10 26 78
10 27 97
10 28 98
10 29 89
10 30 101
10 31 89
10 32 94
10 33 89
10 34 87
10 35 94
10 36 102
10 37 95
10 38 89
10 39 95
10 40 113
10 41 105
10 42 117
10 43 108
10 44 100
10 45 113
10 46 111
10 47 117
10 48 105
10 49 94
10 50 112
10 51 120
10 52 114
10 53 102
10 54 102
10 55 111
10 56 115
10 57 94
10 58 88
10 59 111
10 60 117
10 61 99
10 62 105
10 63 96
10 64 102
10 65 99
10 66 107
10 67 94
10 68 109
10 69 115
10 70 111
10 71 108
10 72 103
10 73 97
10 74 95
10 75 100
10 76 94
10 77 113
10 78 106
10 79 101
10 80 108
10 81 102
10 82 104
10 83 90
10 84 88
10 85 79
10 86 87
10 87 109
10 88 99
10 89 116
10 90 116
10 91 128
10 92 108
10 93 114
10 94 115
10 95 114
10 96 121
10 97 97
10 98 114
10 99 103
10 100 100
10 101 116
10 102 89
10 103 93
10 104 110
10 105 102
10 106 91
10 107 108
10 108 118
10 109 99
10 110 101
10 111 111
10 112 117
10 113 117
10 114 117
10 115 127
10 116 112
10 117 97
10 118 102
10 119 112
10 120 105
10 121 106
10 122 95
10 123 96
10 124 103
10 125 97
10 126 107
10 127 89

11 0 120
11 1 85
11 2 123
11 3 115
11 4 98
11 5 98
11 6 110
11 7 112
11 8 111
11 9 113
11 10 111
11 11 119
11 12 99
11 13 104
11 14 105
11 15 119
11 16 111
11 17 104
11 18 108
11 19 98
11 20 107
11 21 92
11 22 108
11 23 87
11 24 91
11 25 97
11 26 100
11 27 100
11 28 101
11 29 97
11 30 106
11 31 91
11 32 94
11 33 105
11 34 100
11 35 101
11 36 82
11 37 93
11 38 102
11 39 109
11 40 102
11 41 106
11 42 99
11 43 116
11 44 114
11 45 108
11 46 102
11 47 110
11 48 95
11 49 91
11 50 101
11 51 101
11 52 124
11 53 117
11 54 98
11 55 103
11 56 83
11 57 107
11 58 103
11 59 97
11 60 118
11 61 118
11 62 111
11 63 90
11 64 98
11 65 111
11 66 104
11 67 127
11 68 98
11 69 113
11 70 120
11 71 99
11 72 101
11 73 95
11 74 94
11 75 84
11 76 91
11 77 103
11 78 111
11 79 99
11 80 111
11 81 80
11 82 99
11 83 104
11 84 96
11 85 103
11 86 99
11 87 118
11 88 111
11 89 110
11 90 104
11 91 113
11 92 87
11 93 100
11 94 94
11 95 104
11 96 100
11 97 102
11 98 120
11 99 118
11 100 102
11 101 111
11 102 106
11 103 99
11 104 94
11 105 89
11 106 113
11 107 109
11 108 84
11 109 102
11 110 102
11 111 109
11 112 109
11 113 91
11 114 104
11 115 123
11 116 111
11 117 126
11 118 111
11 119 99
11 120 104
11 121 101
11 122 97
11 123 95
11 124 90
11 125 106
11 126 112
11 127 100

12 0 102
12 1 112
12 2 107
12 3 95
12 4 107
12 5 117
12 6 106
12 7 114
12 8 102
12 9 114
12 10 118
12 11 100
12 12 101
12 13 114
12 14 109
12 15 100
12 16 92
12 17 108
12 18 106
12 19 98
12 20 91
12 21 102
12 22 90
12 23 91
12 24 103
12 25 98
12 26 105
12 27 110
12 28 87
12 29 74
12 30 100
12 31 96
12 32 85
12 33 90
12 34 89
12 35 92
12 36 90
12 37 95
12 38 89
12 39 106
12 40 91
12 41 95
12 42 102
12 43 98
12 44 103
12 45 97
12 46 88
12 47 95
12 48 104
12 49 105
12 50 109
12 51 102
12 52 95
12 53 102
12 54 120
12 55 114
12 56 121
12 57 111
12 58 96
12 59 120
12 60 118
12 61 114
12 62 118
12 63 94
12 64 91
12 65 116
12 66 104
12 67 95
12 68 105
12 69 104
12 70 87
12 71 119
12 72 105
12 73 98
12 74 110
12 75 107
12 76 103
12 77 99
12 78 96
12 79 106
12 80 90
12 81 87
12 82 90
12 83 76
12 84 91
12 85 83
12 86 95
12 87 113
12 88 110
12 89 102
12 90 113
12 91 128
12 92 110
12 93 106
12 94 89
12 95 113
12 96 113
12 97 105
12 98 91
12 99 115
12 100 99
12 101 121
12 102 107
12 103 97
12 104 85
12 105 103
12 106 99
12 107 107
12 108 99
12 109 109
12 110 116
12 111 111
12 112 95
12 113 95
12 114 111
12 115 110
12 116 110
12 117 111
12 118 104
12 119 103
12 120 96
12 121 94
12 122 88
12 123 100
12 124 106
12 125 127
12 126 96
12 127 98

13 0 93
13 1 103
13 2 117
13 3 115
13 4 97
13 5 96
13 6 112
13 7 92
13 8 95
13 9 106
13 10 101
13 11 112
13 12 104
13 13 106
13 14 99
13 15 101
13 16 101
13 17 104
13 18 102
13 19 103
13 20 106
13 21 119
13 22 121
13 23 114
13 24 93
13 25 100
13 26 115
13 27 121
13 28 100
13 29 79
13 30 93
13 31 95
13 32 99
13 33 89
13 34 93
13 35 101
13 36 82
13 37 95
13 38 101
13 39 92
13 40 108
13 41 101
13 42 106
13 43 112
13 44 119
13 45 109
13 46 104
13 47 108
13 48 107
13 49 105
13 50 111
13 51 107
13 52 96
13 53 115
13 54 106
13 55 104
13 56 113
13 57 113
13 58 91
13 59 115
13 60 115
13 61 109
13 62 100
13 63 90
13 64 108
13 65 100
13 66 117
13 67 110
13 68 116
13 69 110
13 70 114
13 71 106
13 72 107
13 73 107
13 74 105
13 75 105
13 76 106
13 77 108
13 78 92
13 79 91
13 80 85
13 81 88
13 82 95
13 83 99
13 84 78
13 85 86
13 86 84
13 87 115
13 88 126
13 89 119
13 90 98
13 91 108
13 92 108
13 93 105
13 94 117
13 95 101
13 96 93
13 97 94
13 98 103
13 99 98
13 100 94
13 101 106
13 102 96
13 103 95
13 104 91
13 105 102
13 106 113
13 107 114
13 108 122
13 109 123
13 110 109
13 111 113
13 112 108
13 113 112
13 114 111
13 115 112
13 116 121
13 117 107
13 118 118
13 119 108
13 120 109
13 121 93
13 122 105
13 123 91
13 124 103
13 125 104
13 126 96
13 127 89

14 0 116
14 1 100
14 2 110
14 3 107
14 4 98
14 5 103
14 6 103
14 7 100
14 8 91
14 9 98
14 10 93
14 11 103
14 12 109
14 13 109
14 14 102
14 15 108
14 16 100
14 17 106
14 18 86
14 19 106
14 20 113
14 21 116
14 22 111
14 23 113
14 24 107
14 25 106
14 26 111
14 27 119
14 28 82
14 29 76
14 30 79
14 31 95
14 32 94
14 33 102
14 34 111
14 35 101
14 36 92
14 37 115
14 38 118
14 39 125
14 40 104
14 41 104
14 42 106
14 43 116
14 44 115
14 45 93
14 46 101
14 47 104
14 48 109
14 49 123
14 50 110
14 51 104
14 52 106
14 53 115
14 54 107
14 55 91
14 56 102
14 57 110
14 58 91
14 59 95
14 60 116
14 61 112
14 62 108
14 63 110
14 64 117
14 65 118
14 66 104
14 67 99
14 68 108
14 69 124
14 70 103
14 71 114
14 72 99
14 73 89
14 74 110
14 75 102
14 76 90
14 77 89
14 78 83
14 79 73
14 80 88
14 81 92
14 82 90
14 83 78
14 84 91
14 85 90
14 86 89
14 87 114
14 88 86
14 89 112
14 90 107
14 91 102
14 92 102
14 93 99
14 94 114
14 95 97
14 96 87
14 97 101
14 98 106
14 99 95
14 100 107
14 101 113
14 102 75
14 103 86
14 104 94
14 105 104
14 106 115
14 107 106
14 108 90
14 109 112
14 110 104
14 111 106
14 112 119
14 113 111
14 114 105
14 115 121
14 116 114
14 117 110
14 118 112
14 119 109
14 120 93
14 121 113
14 122 100
14 123 119
14 124 107
14 125 90
14 126 103
14 127 106

15 0 91
15 1 127
15 2 105
15 3 112
15 4 116
15 5 113
15 6 108
15 7 104
15 8 101
15 9 89
15 10 89
15 11 110
15 12 109
15 13 102
15 14 107
15 15 100
15 16 108
15 17 109
15 18 94
15 19 89
15 20 102
15 21 103
15 22 110
15 23 107
15 24 103
15 25 120
15 26 102
15 27 115
15 28 89
15 29 80
15 30 88
15 31 93
15 32 93
15 33 114
15 34 91
15 35 99
15 36 106
15 37 117
15 38 102
15 39 123
15 40 108
15 41 101
15 42 94
15 43 84
15 44 95
15 45 90
15 46 91
15 47 90
15 48 88
15 49 104
15 50 98
15 51 102
15 52 110
15 53 124
15 54 91
15 55 107
15 56 97
15 57 102
15 58 92
15 59 104
15 60 104
15 61 101
15 62 109
15 63 107
15 64 115
15 65 119
15 66 110
15 67 86
15 68 106
15 69 100
15 70 106
15 71 122
15 72 103
15 73 94
15 74 119
15 75 108
15 76 102
15 77 94
15 78 87
15 79 106
15 80 88
15 81 81
15 82 83
15 83 100
15 84 94
15 85 91
15 86 82
15 87 106
15 88 105
15 89 111
15 90 104
15 91 77
15 92 113
15 93 111
15 94 120
15 95 113
15 96 92
15 97 99
15 98 113
15 99 106
15 100 105
15 101 104
15 102 93
15 103 94
15 104 95
15 105 107
15 106 105
15 107 105
15 108 113
15 109 100
15 110 106
15 111 109
15 112 107
15 113 117
15 114 113
15 115 117
15 116 111
15 117 94
15 118 101
15 119 89
15 120 94
15 121 90
15 122 98
15 123 104
15 124 113
15 125 118
15 126 102
15 127 101

16 0 93
16 1 117
16 2 108
16 3 106
16 4 113
16 5 109
16 6 88
16 7 105
16 8 106
16 9 101
16 10 97
16 11 104
16 12 119
16 13 111
16 14 111
16 15 111
16 16 117
16 17 104
16 18 81
16 19 106
16 20 120
16 21 109
16 22 115
16 23 125
16 24 99
16 25 109
16 26 124
16 27 110
16 28 79
16 29 85
16 30 94
16 31 95
16 32 77
16 33 104
16 34 112
16 35 111
16 36 88
16 37 126
16 38 111
16 39 111
16 40 118
16 41 112
16 42 86
16 43 104
16 44 89
16 45 91
16 46 105
16 47 102
16 48 102
16 49 107
16 50 119
16 51 111
16 52 115
16 53 89
16 54 107
16 55 106
16 56 114
16 57 105
16 58 89
16 59 108
16 60 97
16 61 102
16 62 118
16 63 102
16 64 107
16 65 117
16 66 106
16 67 111
16 68 117
16 69 112
16 70 107
16 71 121
16 72 105
16 73 113
16 74 103
16 75 96
16 76 106
16 77 103
16 78 105
16 79 113
16 80 94
16 81 113
16 82 122
16 83 119
16 84 117
16 85 92
16 86 95
16 87 94
16 88 107
16 89 118
16 90 105
16 91 91
16 92 112
16 93 105
16 94 109
16 95 103
16 96 123
16 97 106
16 98 94
16 99 104
16 100 112
16 101 111
16 102 99
16 103 98
16 104 100
16 105 111
16 106 107
16 107 114
16 108 114
16 109 107
16 110 103
16 111 101
16 112 93
16 113 100
16 114 116
16 115 95
16 116 98
16 117 99
16 118 101
16 119 76
16 120 95
16 121 113
16 122 89
16 123 102
16 124 115
16 125 102
16 126 117
16 127 109

17 0 107
17 1 119
17 2 120
17 3 113
17 4 103
17 5 101
17 6 104
17 7 106
17 8 110
17 9 95
17 10 104
17 11 89
17 12 103
17 13 121
17 14 100
17 15 119
17 16 111
17 17 103
17 18 105
17 19 112
17 20 115
17 21 99
17 22 115
17 23 106
17 24 127
17 25 104
17 26 90
17 27 106
17 28 84
17 29 64
17 30 84
17 31 90
17 32 97
17 33 124
17 34 109
17 35 113
17 36 95
17 37 111
17 38 123
17 39 119
17 40 106
17 41 110
17 42 102
17 43 103
17 44 94
17 45 109
17 46 117
17 47 115
17 48 102
17 49 116
17 50 116
17 51 99
17 52 106
17 53 114
17 54 115
17 55 94
17 56 108
17 57 115
17 58 99
17 59 106
17 60 108
17 61 107
17 62 118
17 63 100
17 64 104
17 65 108
17 66 104
17 67 119
17 68 121
17 69 103
17 70 127
17 71 105
17 72 116
17 73 103
17 74 113
17 75 89
17 76 110
17 77 105
17 78 109
17 79 107
17 80 114
17 81 114
17 82 117
17 83 101
17 84 109
17 85 103
17 86 106
17 87 117
17 88 117
17 89 112
17 90 107
17 91 109
17 92 96
17 93 96
17 94 112
17 95 111
17 96 109
17 97 99
17 98 104
17 99 117
17 100 113
17 101 103
17 102 104
17 103 100
17 104 99
17 105 92
17 106 117
17 107 107
17 108 115
17 109 115
17 110 103
17 111 104
17 112 99
17 113 102
17 114 101
17 115 99
17 116 106
17 117 96
17 118 101
17 119 87
17 120 104
17 121 89
17 122 108
17 123 114
17 124 112
17 125 121
17 126 111
17 127 93

18 0 116
18 1 113
18 2 127
18 3 128
18 4 104
18 5 100
18 6 104
18 7 102
18 8 103
18 9 107
18 10 97
18 11 92
18 12 124
18 13 111
18 14 113
18 15 114
18 16 99
18 17 104
18 18 114
18 19 98
18 20 107
18 21 109
18 22 104
18 23 115
18 24 105
18 25 108
18 26 115
18 27 109
18 28 76
18 29 84
18 30 112
18 31 105
18 32 94
18 33 105
18 34 112
18 35 92
18 36 104
18 37 105
18 38 118
18 39 115
18 40 100
18 41 113
18 42 105
18 43 91
18 44 101
18 45 91
18 46 128
18 47 116
18 48 114
18 49 113
18 50 121
18 51 131
18 52 124
18 53 99
18 54 107
18 55 95
18 56 99
18 57 97
18 58 103
18 59 105
18 60 116
18 61 110
18 62 112
18 63 101
18 64 114
18 65 111
18 66 108
18 67 114
18 68 98
18 69 94
18 70 120
18 71 111
18 72 109
18 73 118
18 74 94
18 75 96
18 76 98
18 77 98
18 78 115
18 79 94
18 80 112
18 81 122
18 82 107
18 83 108
18 84 102
18 85 113
18 86 119
18 87 109
18 88 113
18 89 113
18 90 109
18 91 108
18 92 108
18 93 105
18 94 117
18 95 113
18 96 100
18 97 101
18 98 103
18 99 112
18 100 104
18 101 110
18 102 91
18 103 95
18 104 103
18 105 86
18 106 123
18 107 120
18 108 108
18 109 110
18 110 104
18 111 103
18 112 101
18 113 82
18 114 102
18 115 88
18 116 108
18 117 103
18 118 86
18 119 93
18 120 101
18 121 97
18 122 117
18 123 108
18 124 121
18 125 118
18 126 108
18 127 114

19 0 115
19 1 87
19 2 122
19 3 101
19 4 125
19 5 108
19 6 109
19 7 108
19 8 88
19 9 81
19 10 82
19 11 87
19 12 101
19 13 96
19 14 86
19 15 97
19 16 105
19 17 94
19 18 112
19 19 114
19 20 107
19 21 115
19 22 111
19 23 128
19 24 113
19 25 112
19 26 110
19 27 110
19 28 97
19 29 88
19 30 107
19 31 119
19 32 103
19 33 97
19 34 104
19 35 116
19 36 101
19 37 104
19 38 108
19 39 124
19 40 90
19 41 104
19 42 99
19 43 107
19 44 112
19 45 110
19 46 106
19 47 114
19 48 110
19 49 116
19 50 99
19 51 115
19 52 105
19 53 109
19 54 95
19 55 99
19 56 112
19 57 112
19 58 111
19 59 99
19 60 127
19 61 112
19 62 115
19 63 95
19 64 99
19 65 103
19 66 114
19 67 112
19 68 118
19 69 100
19 70 117
19 71 110
19 72 108
19 73 116
19 74 90
19 75 97
19 76 96
19 77 105
19 78 108
19 79 106
19 80 122
19 81 109
19 82 124
19 83 105
19 84 107
19 85 116
19 86 116
19 87 113
19 88 112
19 89 110
19 90 114
19 91 118
19 92 98
19 93 127
19 94 116
19 95 112
19 96 114
19 97 109
19 98 116
19 99 98
19 100 117
19 101 99
19 102 96
19 103 103
19 104 101
19 105 102
19 106 103
19 107 94
19 108 103
19 109 112
19 110 98
19 111 105
19 112 91
19 113 86
19 114 104
19 115 94
19 116 96
19 117 99
19 118 101
19 119 89
19 120 98
19 121 84
19 122 99
19 123 106
19 124 116
19 125 109
19 126 103
19 127 112

20 0 103
20 1 108
20 2 102
20 3 122
20 4 105
20 5 90
20 6 102
20 7 112
20 8 95
20 9 97
20 10 97
20 11 91
20 12 100
20 13 92
20 14 86
20 15 98
20 16 95
20 17 105
20 18 101
20 19 95
20 20 107
20 21 105
20 22 113
20 23 109
20 24 103
20 25 108
20 26 120
20 27 106
20 28 68
20 29 88
20 30 121
20 31 120
20 32 112
20 33 96
20 34 95
20 35 87
20 36 104
20 37 109
20 38 123
20 39 114
20 40 103
20 41 105
20 42 102
20 43 101
20 44 97
20 45 112
20 46 116
20 47 108
20 48 116
20 49 115
20 50 94
20 51 122
20 52 99
20 53 110
20 54 116
20 55 114
20 56 102
20 57 127
20 58 108
20 59 109
20 60 110
20 61 105
20 62 113
20 63 102
20 64 93
20 65 89
20 66 116
20 67 113
20 68 99
20 69 106
20 70 115
20 71 102
20 72 97
20 73 93
20 74 106
20 75 97
20 76 111
20 77 97
20 78 125
20 79 102
20 80 86
20 81 128
20 82 117
20 83 104
20 84 114
20 85 104
20 86 97
20 87 112
20 88 97
20 89 122
20 90 115
20 91 104
20 92 107
20 93 122
20 94 127
20 95 111
20 96 122
20 97 115
20 98 116
20 99 102
20 100 101
20 101 84
20 102 89
20 103 97
20 104 95
20 105 98
20 106 102
20 107 88
20 108 101
20 109 93
20 110 83
20 111 81
20 112 93
20 113 84
20 114 84
20 115 89
20 116 77
20 117 108
20 118 105
20 119 93
20 120 99
20 121 100
20 122 102
20 123 110
20 124 125
20 125 113
20 126 120
20 127 120

21 0 86
21 1 104
21 2 114
21 3 115
21 4 105
21 5 109
21 6 107
21 7 113
21 8 97
21 9 94
21 10 83
21 11 89
21 12 78
21 13 96
21 14 78
21 15 98
21 16 82
21 17 94
21 18 92
21 19 111
21 20 101
21 21 107
21 22 114
21 23 119
21 24 110
21 25 105
21 26 96
21 27 90
21 28 71
21 29 84
21 30 95
21 31 109
21 32 104
21 33 113
21 34 108
21 35 94
21 36 117
21 37 108
21 38 111
21 39 109
21 40 106
21 41 104
21 42 90
21 43 81
21 44 86
21 45 110
21 46 119
21 47 104
21 48 117
21 49 98
21 50 89
21 51 108
21 52 110
21 53 96
21 54 115
21 55 89
21 56 99
21 57 115
21 58 122
21 59 99
21 60 102
21 61 103
21 62 102
21 63 115
21 64 106
21 65 111
21 66 112
21 67 102
21 68 101
21 69 118
21 70 113
21 71 99
21 72 113
21 73 102
21 74 99
21 75 103
21 76 115
21 77 111
21 78 112
21 79 105
21 80 110
21 81 116
21 82 114
21 83 92
21 84 107
21 85 120
21 86 115
21 87 109
21 88 117
21 89 111
21 90 116
21 91 86
21 92 109
21 93 113
21 94 122
21 95 104
21 96 102
21 97 110
21 98 114
21 99 98
21 100 102
21 101 97
21 102 101
21 103 109
21 104 96
21 105 105
21 106 95
21 107 96
21 108 99
21 109 97
21 110 90
21 111 94
21 112 83
21 113 70
21 114 61
21 115 88
21 116 83
21 117 100
21 118 102
21 119 101
21 120 117
21 121 103
21 122 93
21 123 116
21 124 124
21 125 116
21 126 113
21 127 92

22 0 99
22 1 104
22 2 111
22 3 112
22 4 103
22 5 94
22 6 109
22 7 106
22 8 83
22 9 102
22 10 85
22 11 88
22 12 107
22 13 87
22 14 105
22 15 89
22 16 95
22 17 110
22 18 117
22 19 108
22 20 110
22 21 105
22 22 105
22 23 105
22 24 95
22 25 120
22 26 92
22 27 105
22 28 80
22 29 73
22 30 125
22 31 111
22 32 99
22 33 89
22 34 118
22 35 105
22 36 97
22 37 106
22 38 111
22 39 111
22 40 99
22 41 98
22 42 88
22 43 89
22 44 104
22 45 116
22 46 110
22 47 99
22 48 110
22 49 108
22 50 103
22 51 101
22 52 114
22 53 105
22 54 106
22 55 97
22 56 105
22 57 116
22 58 115
22 59 114
22 60 107
22 61 104
22 62 107
22 63 109
22 64 97
22 65 90
22 66 104
22 67 108
22 68 107
22 69 100
22 70 103
22 71 119
22 72 131
22 73 109
22 74 94
22 75 109
22 76 109
22 77 110
22 78 85
22 79 115
22 80 116
22 81 112
22 82 107
22 83 108
22 84 122
22 85 117
22 86 101
22 87 114
22 88 102
22 89 99
22 90 119
22 91 106
22 92 107
22 93 115
22 94 106
22 95 109
22 96 115
22 97 93
22 98 122
22 99 119
22 100 104
22 101 104
22 102 101
22 103 114
22 104 93
22 105 93
22 106 91
22 107 80
22 108 94
22 109 114
22 110 97
22 111 108
22 112 100
22 113 87
22 114 88
22 115 80
22 116 83
22 117 100
22 118 104
22 119 114
22 120 113
22 121 99
22 122 99
22 123 104
22 124 110
22 125 118
22 126 109
22 127 91

23 0 96
23 1 90
23 2 103
23 3 100
23 4 114
23 5 111
23 6 118
23 7 95
23 8 101
23 9 113
23 10 86
23 11 95
23 12 102
23 13 90
23 14 98
23 15 109
23 16 90
23 17 118
23 18 116
23 19 96
23 20 122
23 21 114
23 22 98
23 23 125
23 24 115
23 25 113
23 26 120
23 27 110
23 28 75
23 29 83
23 30 118
23 31 101
23 32 118
23 33 123
23 34 120
23 35 96
23 36 103
23 37 99
23 38 109
23 39 105
23 40 109
23 41 108
23 42 109
23 43 104
23 44 84
23 45 108
23 46 100
23 47 120
23 48 117
23 49 112
23 50 100
23 51 92
23 52 100
23 53 128
23 54 85
23 55 107
23 56 100
23 57 114
23 58 105
23 59 108
23 60 112
23 61 108
23 62 122
23 63 112
23 64 96
23 65 99
23 66 95
23 67 105
23 68 113
23 69 113
23 70 118
23 71 107
23 72 127
23 73 105
23 74 111
23 75 101
23 76 111
23 77 113
23 78 111
23 79 112
23 80 105
23 81 99
23 82 115
23 83 105
23 84 116
23 85 96
23 86 120
23 87 88
23 88 109
23 89 121
23 90 102
23 91 109
23 92 107
23 93 103
23 94 97
23 95 105
23 96 102
23 97 115
23 98 105
23 99 101
23 100 104
23 101 110
23 102 107
23 103 75
23 104 104
23 105 107
23 106 107
23 107 93
23 108 114
23 109 108
23 110 111
23 111 94
23 112 110
23 113 101
23 114 79
23 115 82
23 116 80
23 117 107
23 118 103
23 119 108
23 120 106
23 121 103
23 122 86
23 123 101
23 124 92
23 125 109
23 126 120
23 127 101

24 0 89
24 1 106
24 2 110
24 3 95
24 4 116
24 5 96
24 6 120
24 7 116
24 8 96
24 9 97
24 10 93
24 11 93
24 12 108
24 13 125
24 14 106
24 15 111
24 16 118
24 17 112
24 18 98
24 19 121
24 20 100
24 21 106
24 22 115
24 23 120
24 24 115
24 25 98
24 26 111
24 27 105
24 28 84
24 29 63
24 30 104
24 31 94
24 32 113
24 33 99
24 34 123
24 35 104
24 36 110
24 37 115
24 38 113
24 39 115
24 40 95
24 41 102
24 42 100
24 43 89
24 44 99
24 45 101
24 46 102
24 47 89
24 48 117
24 49 105
24 50 102
24 51 116
24 52 113
24 53 117
24 54 110
24 55 112
24 56 99
24 57 102
24 58 110
24 59 108
24 60 106
24 61 97
24 62 111
24 63 102
24 64 113
24 65 86
24 66 96
24 67 86
24 68 85
24 69 87
24 70 98
24 71 85
24 72 87
24 73 95
24 74 102
24 75 113
24 76 99
24 77 110
24 78 112
24 79 118
24 80 93
24 81 89
24 82 107
24 83 106
24 84 115
24 85 119
24 86 117
24 87 103
24 88 99
24 89 109
24 90 113
24 91 107
24 92 119
24 93 124
24 94 123
24 95 103
24 96 108
24 97 107
24 98 116
24 99 113
24 100 108
24 101 102
24 102 115
24 103 107
24 104 121
24 105 108
24 106 102
24 107 100
24 108 122
24 109 124
24 110 117
24 111 106
24 112 106
24 113 99
24 114 97
24 115 93
24 116 84
24 117 105
24 118 102
24 119 110
24 120 112
24 121 110
24 122 119
24 123 103
24 124 114
24 125 113
24 126 122
24 127 104

25 0 111
25 1 92
25 2 103
25 3 112
25 4 93
25 5 109
25 6 119
25 7 122
25 8 102
25 9 90
25 10 99
25 11 108
25 12 103
25 13 113
25 14 101
25 15 99
25 16 112
25 17 104
25 18 114
25 19 95
25 20 118
25 21 105
25 22 106
25 23 94
25 24 102
25 25 110
25 26 102
25 27 104
25 28 71
25 29 75
25 30 112
25 31 102
25 32 105
25 33 108
25 34 111
25 35 111
25 36 118
25 37 106
25 38 98
25 39 103
25 40 98
25 41 90
25 42 87
25 43 97
25 44 109
25 45 100
25 46 122
25 47 104
25 48 99
25 49 96
25 50 87
25 51 102
25 52 112
25 53 106
25 54 96
25 55 88
25 56 108
25 57 96
25 58 104
25 59 112
25 60 115
25 61 104
25 62 121
25 63 97
25 64 106
25 65 97
25 66 76
25 67 70
25 68 90
25 69 96
25 70 91
25 71 85
25 72 97
25 73 102
25 74 103
25 75 127
25 76 101
25 77 99
25 78 110
25 79 120
25 80 97
25 81 104
25 82 101
25 83 109
25 84 119
25 85 96
25 86 106
25 87 105
25 88 92
25 89 101
25 90 97
25 91 121
25 92 126
25 93 118
25 94 120
25 95 105
25 96 102
25 97 114
25 98 98
25 99 87
25 100 97
25 101 109
25 102 105
25 103 105
25 104 104
25 105 124
25 106 117
25 107 109
25 108 99
25 109 122
25 110 114
25 111 109
25 112 110
25 113 92
25 114 74
25 115 75
25 116 74
25 117 112
25 118 104
25 119 108
25 120 109
25 121 123
25 122 116
25 123 114
25 124 116
25 125 114
25 126 119
25 127 121

26 0 111
26 1 90
26 2 101
26 3 95
26 4 87
26 5 92
26 6 94
26 7 87
26 8 97
26 9 93
26 10 114
26 11 111
26 12 121
26 13 115
26 14 112
26 15 130
26 16 124
26 17 107
26 18 98
26 19 106
26 20 124
26 21 121
26 22 103
26 23 98
26 24 117
26 25 103
26 26 102
26 27 98
26 28 86
26 29 72
26 30 108
26 31 100
26 32 102
26 33 113
26 34 120
26 35 116
26 36 101
26 37 118
26 38 100
26 39 95
26 40 89
26 41 89
26 42 96
26 43 84
26 44 89
26 45 112
26 46 107
26 47 96
26 48 103
26 49 93
26 50 83
26 51 83
26 52 98
26 53 99
26 54 92
26 55 94
26 56 107
26 57 101
26 58 97
26 59 66
26 60 90
26 61 92
26 62 96
26 63 107
26 64 98
26 65 92
26 66 98
26 67 129
26 68 102
26 69 91
26 70 108
26 71 90
26 72 87
26 73 100
26 74 92
26 75 121
26 76 107
26 77 103
26 78 102
26 79 110
26 80 110
26 81 99
26 82 103
26 83 97
26 84 91
26 85 85
26 86 113
26 87 96
26 88 100
26 89 92
26 90 94
26 91 101
26 92 114
26 93 94
26 94 105
26 95 107
26 96 107
26 97 102
26 98 104
26 99 98
26 100 84
26 101 116
26 102 112
26 103 107
26 104 112
26 105 106
26 106 103
26 107 106
26 108 107
26 109 110
26 110 117
26 111 116
26 112 118
26 113 101
26 114 83
26 115 89
26 116 81
26 117 125
26 118 118
26 119 127
26 120 102
26 121 110
26 122 90
26 123 99
26 124 125
26 125 115
26 126 93
26 127 102

27 0 107
27 1 99
27 2 105
27 3 91
27 4 96
27 5 90
27 6 78
27 7 101
27 8 90
27 9 114
27 10 90
27 11 97
27 12 114
27 13 100
27 14 114
27 15 109
27 16 109
27 17 112
27 18 99
27 19 108
27 20 96
27 21 102
27 22 112
27 23 103
27 24 129
27 25 116
27 26 118
27 27 115
27 28 82
27 29 65
27 30 68
27 31 61
27 32 71
27 33 71
27 34 49
27 35 62
27 36 67
27 37 57
27 38 65
27 39 59
27 40 46
27 41 52
27 42 59
27 43 57
27 44 58
27 45 71
27 46 79
27 47 84
27 48 81
27 49 65
27 50 66
27 51 79
27 52 59
27 53 79
27 54 70
27 55 77
27 56 64
27 57 77
27 58 71
27 59 85
27 60 89
27 61 85
27 62 87
27 63 92
27 64 77
27 65 96
27 66 124
27 67 114
27 68 95
27 69 94
27 70 83
27 71 98
27 72 89
27 73 104
27 74 85
27 75 94
27 76 121
27 77 117
27 78 106
27 79 111
27 80 94
27 81 107
27 82 97
27 83 116
27 84 107
27 85 96
27 86 92
27 87 98
27 88 105
27 89 95
27 90 104
27 91 99
27 92 119
27 93 123
27 94 98
27 95 122
27 96 112
27 97 126
27 98 110
27 99 95
27 100 99
27 101 113
27 102 114
27 103 114
27 104 117
27 105 91
27 106 123
27 107 110
27 108 106
27 109 93
27 110 106
27 111 103
27 112 114
27 113 94
27 114 91
27 115 77
27 116 71
27 117 111
27 118 107
27 119 123
27 120 102
27 121 109
27 122 108
27 123 99
27 124 122
27 125 109
27 126 115
27 127 107

28 0 98
28 1 103
28 2 118
28 3 101
28 4 109
28 5 93
28 6 96
28 7 95
28 8 106
28 9 106
28 10 107
28 11 105
28 12 101
28 13 101
28 14 108
28 15 98
28 16 113
28 17 116
28 18 100
28 19 123
28 20 95
28 21 111
28 22 120
28 23 94
28 24 112
28 25 101
28 26 110
28 27 107
28 28 71
28 29 69
28 30 70
28 31 62
28 32 43
28 33 61
28 34 60
28 35 58
28 36 66
28 37 55
28 38 54
28 39 47
28 40 58
28 41 57
28 42 56
28 43 64
28 44 74
28 45 57
28 46 70
28 47 68
28 48 85
28 49 73
28 50 56
28 51 75
28 52 71
28 53 61
28 54 86
28 55 77
28 56 85
28 57 81
28 58 77
28 59 76
28 60 69
28 61 61
28 62 75
28 63 81
28 64 66
28 65 81
28 66 90
28 67 77
28 68 93
28 69 95
28 70 108
28 71 104
28 72 101
28 73 89
28 74 100
28 75 104
28 76 111
28 77 123
28 78 124
28 79 110
28 80 108
28 81 106
28 82 105
28 83 111
28 84 89
28 85 99
28 86 87
28 87 89
28 88 85
28 89 82
28 90 89
28 91 67
28 92 91
28 93 99
28 94 93
28 95 95
28 96 97
28 97 105
28 98 107
28 99 96
28 100 101
28 101 111
28 102 111
28 103 114
28 104 93
28 105 104
28 106 102
28 107 109
28 108 106
28 109 97
28 110 94
28 111 92
28 112 98
28 113 97
28 114 86
28 115 84
28 116 80
28 117 99
28 118 111
28 119 109
28 120 107
28 121 86
28 122 108
28 123 114
28 124 109
28 125 110
28 126 117
28 127 105

29 0 114
29 1 107
29 2 116
29 3 98
29 4 111
29 5 106
29 6 112
29 7 113
29 8 113
29 9 100
29 10 107
29 11 103
29 12 98
29 13 124
29 14 118
29 15 105
29 16 98
29 17 110
29 18 110
29 19 110
29 20 87
29 21 106
29 22 122
29 23 107
29 24 125
29 25 113
29 26 87
29 27 119
29 28 93
29 29 50
29 30 64
29 31 62
29 32 62
29 33 66
29 34 62
29 35 60
29 36 64
29 37 61
29 38 57
29 39 54
29 40 58
29 41 65
29 42 69
29 43 67
29 44 65
29 45 70
29 46 62
29 47 67
29 48 53
29 49 68
29 50 73
29 51 84
29 52 64
29 53 70
29 54 117
29 55 111
29 56 126
29 57 132
29 58 75
29 59 76
29 60 59
29 61 60
29 62 62
29 63 69
29 64 58
29 65 69
29 66 61
29 67 62
29 68 57
29 69 63
29 70 57
29 71 64
29 72 62
29 73 61
29 74 56
29 75 63
29 76 65
29 77 67
29 78 69
29 79 64
29 80 65
29 81 69
29 82 78
29 83 68
29 84 71
29 85 72
29 86 71
29 87 71
29 88 82
29 89 86
29 90 96
29 91 101
29 92 88
29 93 80
29 94 91
29 95 90
29 96 88
29 97 91
29 98 88
29 99 104
29 100 110
29 101 114
29 102 108
29 103 118
29 104 119
29 105 118
29 106 114
29 107 103
29 108 101
29 109 109
29 110 101
29 111 93
29 112 101
29 113 103
29 114 86
29 115 81
29 116 81
29 117 113
29 118 117
29 119 96
29 120 110
29 121 105
29 122 87
29 123 94
29 124 98
29 125 99
29 126 103
29 127 123

30 0 109
30 1 111
30 2 106
30 3 124
30 4 105
30 5 102
30 6 107
30 7 118
30 8 98
30 9 101
30 10 110
30 11 118
30 12 97
30 13 101
30 14 110
30 15 100
30 16 115
30 17 106
30 18 118
30 19 101
30 20 117
30 21 96
30 22 118
30 23 100
30 24 107
30 25 110
30 26 97
30 27 86
30 28 96
30 29 67
30 30 73
30 31 65
30 32 54
30 33 72
30 34 66
30 35 60
30 36 69
30 37 57
30 38 59
30 39 53
30 40 60
30 41 72
30 42 72
30 43 56
30 44 71
30 45 70
30 46 69
30 47 66
30 48 54
30 49 77
30 50 75
30 51 70
30 52 79
30 53 54
30 54 122
30 55 112
30 56 128
30 57 123
30 58 89
30 59 59
30 60 61
30 61 66
30 62 71
30 63 70
30 64 46
30 65 55
30 66 53
30 67 54
30 68 53
30 69 55
30 70 50
30 71 65
30 72 63
30 73 47
30 74 54
30 75 61
30 76 72
30 77 61
30 78 60
30 79 59
30 80 61
30 81 68
30 82 71
30 83 65
30 84 79
30 85 80
30 86 81
30 87 62
30 88 86
30 89 93
30 90 89
30 91 105
30 92 96
30 93 89
30 94 93
30 95 86
30 96 93
30 97 113
30 98 88
30 99 102
30 100 103
30 101 114
30 102 122
30 103 119
30 104 111
30 105 93
30 106 117
30 107 124
30 108 113
30 109 116
30 110 104
30 111 104
30 112 87
30 113 93
30 114 75
30 115 79
30 116 83
30 117 126
30 118 107
30 119 97
30 120 108
30 121 109
30 122 93
30 123 113
30 124 107
30 125 110
30 126 97
30 127 107

31 0 102
31 1 101
31 2 114
31 3 120
31 4 96
31 5 118
31 6 125
31 7 103
31 8 99
31 9 103
31 10 104
31 11 117
31 12 108
31 13 107
31 14 113
31 15 105
31 16 118
31 17 108
31 18 105
31 19 98
31 20 112
31 21 111
31 22 107
31 23 116
31 24 115
31 25 101
31 26 113
31 27 108
31 28 88
31 29 73
31 30 82
31 31 103
31 32 115
31 33 122
31 34 74
31 35 75
31 36 60
31 37 57
31 38 71
31 39 56
31 40 65
31 41 61
31 42 65
31 43 67
31 44 71
31 45 60
31 46 63
31 47 65
31 48 63
31 49 62
31 50 67
31 51 67
31 52 67
31 53 70
31 54 99
31 55 121
31 56 127
31 57 122
31 58 85
31 59 78
31 60 58
31 61 65
31 62 69
31 63 56
31 64 74
31 65 39
31 66 65
31 67 54
31 68 62
31 69 65
31 70 50
31 71 48
31 72 52
31 73 55
31 74 69
31 75 60
31 76 67
31 77 66
31 78 62
31 79 59
31 80 61
31 81 70
31 82 56
31 83 68
31 84 71
31 85 76
31 86 68
31 87 61
31 88 78
31 89 76
31 90 94
31 91 91
31 92 75
31 93 87
31 94 73
31 95 80
31 96 98
31 97 96
31 98 94
31 99 108
31 100 97
31 101 80
31 102 100
31 103 106
31 104 102
31 105 110
31 106 100
31 107 121
31 108 101
31 109 100
31 110 104
31 111 102
31 112 111
31 113 102
31 114 85
31 115 66
31 116 83
31 117 111
31 118 93
31 119 110
31 120 105
31 121 96
31 122 104
31 123 114
31 124 119
31 125 98
31 126 114
31 127 113

32 0 121
32 1 110
32 2 105
32 3 106
32 4 110
32 5 111
32 6 98
32 7 102
32 8 112
32 9 111
32 10 109
32 11 92
32 12 107
32 13 113
32 14 119
32 15 108
32 16 101
32 17 111
32 18 106
32 19 89
32 20 105
32 21 107
32 22 101
32 23 101
32 24 94
32 25 92
32 26 89
32 27 85
32 28 112
32 29 70
32 30 77
32 31 110
32 32 117
32 33 120
32 34 76
32 35 65
32 36 59
32 37 69
32 38 53
32 39 61
32 40 55
32 41 55
32 42 63
32 43 57
32 44 64
32 45 62
32 46 57
32 47 62
32 48 56
32 49 54
32 50 48
32 51 61
32 52 41
32 53 61
32 54 65
32 55 66
32 56 65
32 57 48
32 58 72
32 59 75
32 60 68
32 61 81
32 62 87
32 63 86
32 64 95
32 65 102
32 66 107
32 67 112
32 68 103
32 69 112
32 70 114
32 71 108
32 72 115
32 73 124
32 74 112
32 75 106
32 76 102
32 77 122
32 78 109
32 79 108
32 80 108
32 81 113
32 82 116
32 83 104
32 84 89
32 85 74
32 86 74
32 87 80
32 88 85
32 89 87
32 90 76
32 91 88
32 92 86
32 93 92
32 94 96
32 95 95
32 96 62
32 97 87
32 98 97
32 99 100
32 100 84
32 101 87
32 102 99
32 103 90
32 104 112
32 105 112
32 106 111
32 107 117
32 108 107
32 109 111
32 110 110
32 111 86
32 112 116
32 113 100
32 114 81
32 115 78
32 116 68
32 117 127
32 118 102
32 119 96
32 120 94
32 121 98
32 122 109
32 123 108
32 124 114
32 125 109
32 126 112
32 127 99

33 0 112
33 1 118
33 2 109
33 3 100
33 4 101
33 5 117
33 6 107
33 7 104
33 8 101
33 9 116
33 10 122
33 11 102
33 12 114
33 13 111
33 14 123
33 15 105
33 16 112
33 17 115
33 18 112
33 19 113
33 20 110
33 21 111
33 22 113
33 23 113
33 24 106
33 25 105
33 26 95
33 27 93
33 28 98
33 29 58
33 30 78
33 31 125
33 32 132
33 33 124
33 34 73
33 35 67
33 36 73
33 37 69
33 38 63
33 39 66
33 40 61
33 41 129
33 42 129
33 43 60
33 44 52
33 45 49
33 46 47
33 47 56
33 48 69
33 49 59
33 50 62
33 51 62
33 52 58
33 53 50
33 54 62
33 55 74
33 56 62
33 57 52
33 58 58
33 59 63
33 60 64
33 61 88
33 62 80
33 63 91
33 64 89
33 65 101
33 66 105
33 67 98
33 68 117
33 69 106
33 70 110
33 71 114
33 72 110
33 73 137
33 74 113
33 75 92
33 76 93
33 77 103
33 78 104
33 79 113
33 80 96
33 81 99
33 82 119
33 83 104
33 84 77
33 85 93
33 86 83
33 87 92
33 88 85
33 89 74
33 90 76
33 91 76
33 92 63
33 93 90
33 94 99
33 95 94
33 96 94
33 97 91
33 98 96
33 99 104
33 100 102
33 101 90
33 102 96
33 103 91
33 104 99
33 105 106
33 106 110
33 107 126
33 108 107
33 109 98
33 110 96
33 111 101
33 112 96
33 113 84
33 114 70
33 115 68
33 116 67
33 117 116
33 118 117
33 119 105
33 120 101
33 121 113
33 122 111
33 123 96
33 124 102
33 125 121
33 126 124
33 127 109

34 0 101
34 1 124
34 2 108
34 3 101
34 4 91
34 5 94
34 6 125
34 7 109
34 8 109
34 9 101
34 10 104
34 11 104
34 12 124
34 13 125
34 14 116
34 15 113
34 16 97
34 17 117
34 18 105
34 19 114
34 20 117
34 21 115
34 22 105
34 23 108
34 24 109
34 25 94
34 26 95
34 27 92
34 28 77
34 29 68
34 30 78
34 31 135
34 32 111
34 33 129
34 34 72
34 35 70
34 36 53
34 37 66
34 38 67
34 39 51
34 40 55
34 41 133
34 42 134
34 43 66
34 44 56
34 45 45
34 46 51
34 47 46
34 48 60
34 49 62
34 50 53
34 51 63
34 52 62
34 53 68
34 54 53
34 55 59
34 56 50
34 57 50
34 58 65
34 59 78
34 60 78
34 61 97
34 62 92
34 63 90
34 64 86
34 65 109
34 66 92
34 67 103
34 68 90
34 69 101
34 70 101
34 71 118
34 72 115
34 73 107
34 74 111
34 75 102
34 76 98
34 77 106
34 78 117
34 79 106
34 80 123
34 81 123
34 82 104
34 83 109
34 84 92
34 85 93
34 86 105
34 87 68
34 88 111
34 89 103
34 90 118
34 91 108
34 92 116
34 93 117
34 94 116
34 95 103
34 96 109
34 97 113
34 98 102
34 99 115
34 100 104
34 101 91
34 102 106
34 103 98
34 104 91
34 105 106
34 106 105
34 107 111
34 108 116
34 109 106
34 110 108
34 111 107
34 112 81
34 113 95
34 114 83
34 115 73
34 116 64
34 117 112
34 118 126
34 119 112
34 120 103
34 121 117
34 122 109
34 123 111
34 124 98
34 125 100
34 126 120
34 127 98

35 0 110
35 1 117
35 2 101
35 3 98
35 4 112
35 5 105
35 6 111
35 7 120
35 8 113
35 9 116
35 10 105
35 11 110
35 12 97
35 13 105
35 14 101
35 15 93
35 16 112
35 17 107
35 18 112
35 19 109
35 20 113
35 21 109
35 22 120
35 23 110
35 24 115
35 25 93
35 26 88
35 27 92
35 28 87
35 29 66
35 30 72
35 31 126
35 32 137
35 33 128
35 34 57
35 35 67
35 36 73
35 37 71
35 38 58
35 39 50
35 40 61
35 41 75
35 42 76
35 43 62
35 44 54
35 45 52
35 46 44
35 47 62
35 48 56
35 49 52
35 50 41
35 51 65
35 52 50
35 53 62
35 54 61
35 55 54
35 56 58
35 57 77
35 58 73
35 59 67
35 60 79
35 61 90
35 62 96
35 63 77
35 64 102
35 65 103
35 66 96
35 67 91
35 68 97
35 69 103
35 70 115
35 71 110
35 72 106
35 73 90
35 74 100
35 75 116
35 76 118
35 77 111
35 78 101
35 79 109
35 80 111
35 81 93
35 82 115
35 83 106
35 84 97
35 85 96
35 86 95
35 87 92
35 88 99
35 89 105
35 90 121
35 91 107
35 92 103
35 93 128
35 94 93
35 95 117
35 96 110
35 97 92
35 98 100
35 99 106
35 100 82
35 101 99
35 102 95
35 103 94
35 104 100
35 105 100
35 106 102
35 107 131
35 108 111
35 109 119
35 110 101
35 111 94
35 112 72
35 113 83
35 114 72
35 115 70
35 116 73
35 117 94
35 118 95
35 119 96
35 120 105
35 121 85
35 122 100
35 123 80
35 124 105
35 125 103
35 126 109
35 127 104

36 0 108
36 1 115
36 2 107
36 3 127
36 4 123
36 5 109
36 6 104
36 7 108
36 8 109
36 9 96
36 10 104
36 11 102
36 12 94
36 13 110
36 14 96
36 15 107
36 16 114
36 17 93
36 18 107
36 19 103
36 20 103
36 21 116
36 22 109
36 23 112
36 24 89
36 25 89
36 26 92
36 27 87
36 28 95
36 29 70
36 30 68
36 31 65
36 32 59
36 33 69
36 34 70
36 35 57
36 36 71
36 37 63
36 38 73
36 39 72
36 40 70
36 41 66
36 42 65
36 43 50
36 44 50
36 45 46
36 46 52
36 47 56
36 48 48
36 49 55
36 50 40
36 51 53
36 52 50
36 53 69
36 54 56
36 55 74
36 56 59
36 57 69
36 58 73
36 59 74
36 60 78
36 61 90
36 62 87
36 63 102
36 64 85
36 65 97
36 66 97
36 67 120
36 68 122
36 69 123
36 70 113
36 71 115
36 72 100
36 73 118
36 74 119
36 75 109
36 76 127
36 77 104
36 78 114
36 79 110
36 80 101
36 81 106
36 82 112
36 83 116
36 84 89
36 85 83
36 86 99
36 87 99
36 88 106
36 89 113
36 90 117
36 91 95
36 92 104
36 93 123
36 94 114
36 95 105
36 96 107
36 97 120
36 98 113
36 99 102
36 100 92
36 101 83
36 102 89
36 103 89
36 104 78
36 105 92
36 106 96
36 107 85
36 108 108
36 109 115
36 110 85
36 111 65
36 112 67
36 113 71
36 114 76
36 115 76
36 116 63
36 117 82
36 118 95
36 119 89
36 120 96
36 121 104
36 122 98
36 123 97
36 124 92
36 125 114
36 126 103
36 127 96

37 0 103
37 1 127
37 2 127
37 3 116
37 4 126
37 5 109
37 6 109
37 7 102
37 8 103
37 9 99
37 10 117
37 11 105
37 12 108
37 13 115
37 14 106
37 15 96
37 16 97
37 17 97
37 18 101
37 19 105
37 20 103
37 21 104
37 22 103
37 23 107
37 24 115
37 25 82
37 26 102
37 27 100
37 28 102
37 29 75
37 30 64
37 31 72
37 32 68
37 33 57
37 34 72
37 35 68
37 36 66
37 37 63
37 38 78
37 39 72
37 40 67
37 41 68
37 42 63
37 43 51
37 44 54
37 45 56
37 46 44
37 47 46
37 48 50
37 49 59
37 50 58
37 51 67
37 52 126
37 53 130
37 54 80
37 55 79
37 56 69
37 57 128
37 58 123
37 59 78
37 60 74
37 61 88
37 62 104
37 63 109
37 64 98
37 65 89
37 66 94
37 67 120
37 68 100
37 69 123
37 70 108
37 71 113
37 72 111
37 73 92
37 74 103
37 75 122
37 76 117
37 77 101
37 78 90
37 79 123
37 80 110
37 81 110
37 82 111
37 83 91
37 84 96
37 85 89
37 86 98
37 87 84
37 88 105
37 89 108
37 90 117
37 91 119
37 92 123
37 93 115
37 94 110
37 95 93
37 96 120
37 97 123
37 98 103
37 99 92
37 100 106
37 101 92
37 102 92
37 103 79
37 104 85
37 105 80
37 106 66
37 107 68
37 108 79
37 109 85
37 110 83
37 111 78
37 112 75
37 113 71
37 114 76
37 115 66
37 116 67
37 117 80
37 118 82
37 119 71
37 120 81
37 121 84
37 122 92
37 123 92
37 124 94
37 125 95
37 126 102
37 127 110

38 0 112
38 1 122
38 2 113
38 3 115
38 4 105
38 5 107
38 6 104
38 7 110
38 8 106
38 9 111
38 10 103
38 11 129
38 12 123
38 13 120
38 14 91
38 15 108
38 16 103
38 17 105
38 18 105
38 19 104
38 20 104
38 21 100
38 22 105
38 23 95
38 24 94
38 25 101
38 26 87
38 27 91
38 28 100
38 29 77
38 30 68
38 31 71
38 32 64
38 33 63
38 34 74
38 35 63
38 36 68
38 37 70
38 38 64
38 39 64
38 40 54
38 41 60
38 42 54
38 43 47
38 44 48
38 45 47
38 46 49
38 47 45
38 48 48
38 49 52
38 50 63
38 51 68
38 52 120
38 53 143
38 54 66
38 55 66
38 56 73
38 57 124
38 58 126
38 59 77
38 60 82
38 61 93
38 62 104
38 63 94
38 64 92
38 65 82
38 66 90
38 67 105
38 68 107
38 69 117
38 70 116
38 71 113
38 72 117
38 73 108
38 74 101
38 75 113
38 76 95
38 77 119
38 78 112
38 79 109
38 80 116
38 81 110
38 82 108
38 83 127
38 84 92
38 85 88
38 86 105
38 87 113
38 88 107
38 89 113
38 90 106
38 91 116
38 92 106
38 93 97
38 94 112
38 95 96
38 96 100
38 97 104
38 98 120
38 99 99
38 100 90
38 101 96
38 102 78
38 103 80
38 104 84
38 105 86
38 106 83
38 107 67
38 108 77
38 109 83
38 110 71
38 111 68
38 112 67
38 113 79
38 114 74
38 115 77
38 116 64
38 117 72
38 118 73
38 119 75
38 120 57
38 121 68
38 122 76
38 123 88
38 124 93
38 125 90
38 126 90
38 127 111

39 0 95
39 1 74
39 2 100
39 3 94
39 4 96
39 5 89
39 6 106
39 7 91
39 8 104
39 9 112
39 10 108
39 11 105
39 12 93
39 13 102
39 14 105
39 15 102
39 16 102
39 17 89
39 18 101
39 19 107
39 20 114
39 21 85
39 22 124
39 23 99
39 24 112
39 25 114
39 26 126
39 27 111
39 28 108
39 29 80
39 30 75
39 31 72
39 32 79
39 33 87
39 34 75
39 35 91
39 36 86
39 37 106
39 38 128
39 39 119
39 40 121
39 41 111
39 42 79
39 43 85
39 44 88
39 45 104
39 46 97
39 47 85
39 48 53
39 49 54
39 50 72
39 51 65
39 52 134
39 53 129
39 54 62
39 55 63
39 56 82
39 57 85
39 58 64
39 59 59
39 60 63
39 61 81
39 62 95
39 63 91
39 64 107
39 65 115
39 66 87
39 67 106
39 68 103
39 69 123
39 70 92
39 71 116
39 72 121
39 73 91
39 74 113
39 75 111
39 76 117
39 77 114
39 78 108
39 79 116
39 80 113
39 81 98
39 82 101
39 83 124
39 84 101
39 85 84
39 86 112
39 87 115
39 88 109
39 89 94
39 90 98
39 91 115
39 92 116
39 93 117
39 94 111
39 95 101
39 96 96
39 97 127
39 98 108
39 99 98
39 100 91
39 101 89
39 102 73
39 103 84
39 104 77
39 105 95
39 106 96
39 107 91
39 108 99
39 109 100
39 110 85
39 111 98
39 112 105
39 113 104
39 114 103
39 115 106
39 116 121
39 117 112
39 118 116
39 119 77
39 120 81
39 121 89
39 122 93
39 123 80
39 124 82
39 125 96
39 126 89
39 127 93

40 0 92
40 1 93
40 2 79
40 3 89
40 4 97
40 5 100
40 6 108
40 7 97
40 8 92
40 9 99
40 10 89
40 11 92
40 12 89
40 13 114
40 14 107
40 15 106
40 16 103
40 17 96
40 18 113
40 19 112
40 20 108
40 21 106
40 22 107
40 23 115
40 24 89
40 25 107
40 26 116
40 27 88
40 28 109
40 29 74
40 30 81
40 31 74
40 32 78
40 33 107
40 34 118
40 35 97
40 36 76
40 37 105
40 38 110
40 39 107
40 40 111
40 41 114
40 42 88
40 43 77
40 44 86
40 45 99
40 46 85
40 47 85
40 48 51
40 49 54
40 50 59
40 51 56
40 52 55
40 53 62
40 54 68
40 55 63
40 56 70
40 57 67
40 58 66
40 59 77
40 60 64
40 61 93
40 62 117
40 63 93
40 64 97
40 65 109
40 66 94
40 67 113
40 68 118
40 69 104
40 70 116
40 71 101
40 72 133
40 73 118
40 74 123
40 75 116
40 76 113
40 77 114
40 78 97
40 79 108
40 80 129
40 81 102
40 82 99
40 83 97
40 84 101
40 85 106
40 86 106
40 87 122
40 88 97
40 89 117
40 90 104
40 91 97
40 92 108
40 93 101
40 94 113
40 95 120
40 96 112
40 97 105
40 98 114
40 99 96
40 100 97
40 101 95
40 102 88
40 103 88
40 104 86
40 105 90
40 106 77
40 107 93
40 108 105
40 109 100
40 110 101
40 111 98
40 112 108
40 113 95
40 114 101
40 115 122
40 116 101
40 117 120
40 118 107
40 119 92
40 120 99
40 121 101
40 122 106
40 123 101
40 124 102
40 125 87
40 126 95
40 127 89

41 0 98
41 1 99
41 2 83
41 3 81
41 4 102
41 5 93
41 6 105
41 7 96
41 8 115
41 9 110
41 10 108
41 11 86
41 12 94
41 13 108
41 14 105
41 15 122
41 16 117
41 17 128
41 18 119
41 19 97
41 20 128
41 21 94
41 22 104
41 23 97
41 24 87
41 25 108
41 26 124
41 27 125
41 28 112
41 29 77
41 30 66
41 31 67
41 32 82
41 33 125
41 34 117
41 35 109
41 36 98
41 37 107
41 38 106
41 39 109
41 40 122
41 41 97
41 42 101
41 43 79
41 44 98
41 45 103
41 46 98
41 47 66
41 48 67
41 49 60
41 50 70
41 51 67
41 52 67
41 53 66
41 54 76
41 55 71
41 56 82
41 57 81
41 58 71
41 59 77
41 60 80
41 61 94
41 62 116
41 63 90
41 64 105
41 65 112
41 66 98
41 67 111
41 68 105
41 69 103
41 70 100
41 71 116
41 72 123
41 73 109
41 74 111
41 75 111
41 76 122
41 77 105
41 78 102
41 79 117
41 80 104
41 81 109
41 82 110
41 83 115
41 84 91
41 85 84
41 86 103
41 87 106
41 88 121
41 89 110
41 90 107
41 91 106
41 92 108
41 93 90
41 94 102
41 95 120
41 96 121
41 97 111
41 98 114
41 99 92
41 100 83
41 101 97
41 102 81
41 103 92
41 104 72
41 105 99
41 106 80
41 107 96
41 108 89
41 109 87
41 110 93
41 111 93
41 112 97
41 113 112
41 114 102
41 115 128
41 116 109
41 117 96
41 118 123
41 119 101
41 120 95
41 121 90
41 122 96
41 123 98
41 124 104
41 125 117
41 126 106
41 127 101

42 0 109
42 1 90
42 2 102
42 3 89
42 4 90
42 5 86
42 6 89
42 7 101
42 8 98
42 9 105
42 10 104
42 11 104
42 12 97
42 13 97
42 14 89
42 15 99
42 16 111
42 17 92
42 18 128
42 19 116
42 20 111
42 21 105
42 22 101
42 23 102
42 24 98
42 25 113
42 26 92
42 27 85
42 28 76
42 29 94
42 30 80
42 31 80
42 32 81
42 33 108
42 34 93
42 35 105
42 36 102
42 37 114
42 38 111
42 39 120
42 40 122
42 41 117
42 42 98
42 43 88
42 44 74
42 45 93
42 46 95
42 47 75
42 48 78
42 49 65
42 50 70
42 51 80
42 52 49
42 53 71
42 54 58
42 55 76
42 56 62
42 57 75
42 58 71
42 59 77
42 60 85
42 61 90
42 62 119
42 63 102
42 64 106
42 65 102
42 66 107
42 67 101
42 68 106
42 69 119
42 70 103
42 71 118
42 72 116
42 73 109
42 74 110
42 75 112
42 76 106
42 77 97
42 78 103
42 79 105
42 80 93
42 81 107
42 82 103
42 83 132
42 84 89
42 85 96
42 86 90
42 87 90
42 88 97
42 89 84
42 90 97
42 91 96
42 92 110
42 93 110
42 94 102
42 95 96
42 96 105
42 97 104
42 98 94
42 99 94
42 100 102
42 101 83
42 102 97
42 103 80
42 104 93
42 105 92
42 106 105
42 107 90
42 108 98
42 109 88
42 110 111
42 111 112
42 112 102
42 113 92
42 114 92
42 115 91
42 116 89
42 117 106
42 118 102
42 119 97
42 120 96
42 121 93
42 122 110
42 123 111
42 124 121
42 125 115
42 126 92
42 127 99

43 0 97
43 1 84
43 2 99
43 3 91
43 4 89
43 5 82
43 6 101
43 7 114
43 8 99
43 9 104
43 10 115
43 11 108
43 12 92
43 13 99
43 14 107
43 15 106
43 16 93
43 17 94
43 18 109
43 19 105
43 20 98
43 21 121
43 22 103
43 23 116
43 24 81
43 25 94
43 26 98
43 27 89
43 28 97
43 29 83
43 30 79
43 31 73
43 32 85
43 33 98
43 34 94
43 35 92
43 36 99
43 37 120
43 38 120
43 39 114
43 40 119
43 41 98
43 42 102
43 43 81
43 44 91
43 45 100
43 46 103
43 47 107
43 48 72
43 49 66
43 50 66
43 51 67
43 52 63
43 53 48
43 54 76
43 55 72
43 56 71
43 57 72
43 58 73
43 59 86
43 60 83
43 61 98
43 62 96
43 63 96
43 64 100
43 65 92
43 66 95
43 67 104
43 68 106
43 69 112
43 70 129
43 71 100
43 72 100
43 73 106
43 74 118
43 75 103
43 76 111
43 77 108
43 78 102
43 79 114
43 80 108
43 81 107
43 82 124
43 83 118
43 84 103
43 85 95
43 86 95
43 87 97
43 88 97
43 89 86
43 90 88
43 91 95
43 92 85
43 93 93
43 94 92
43 95 82
43 96 95
43 97 109
43 98 91
43 99 102
43 100 95
43 101 88
43 102 93
43 103 97
43 104 91
43 105 101
43 106 99
43 107 93
43 108 113
43 109 108
43 110 117
43 111 110
43 112 98
43 113 96
43 114 89
43 115 90
43 116 101
43 117 107
43 118 113
43 119 106
43 120 108
43 121 108
43 122 123
43 123 118
43 124 130
43 125 109
43 126 110
43 127 95

44 0 80
44 1 94
44 2 101
44 3 98
44 4 91
44 5 76
44 6 85
44 7 86
44 8 96
44 9 116
44 10 114
44 11 109
44 12 104
44 13 106
44 14 99
44 15 102
44 16 116
44 17 119
44 18 111
44 19 91
44 20 115
44 21 92
44 22 105
44 23 82
44 24 83
44 25 99
44 26 90
44 27 83
44 28 98
44 29 91
44 30 100
44 31 90
44 32 80
44 33 104
44 34 104
44 35 92
44 36 99
44 37 124
44 38 119
44 39 100
44 40 91
44 41 116
44 42 101
44 43 99
44 44 98
44 45 96
44 46 96
44 47 94
44 48 70
44 49 77
44 50 72
44 51 60
44 52 73
44 53 69
44 54 63
44 55 76
44 56 60
44 57 79
44 58 90
44 59 77
44 60 87
44 61 101
44 62 113
44 63 106
44 64 118
44 65 113
44 66 100
44 67 102
44 68 120
44 69 101
44 70 120
44 71 112
44 72 108
44 73 120
44 74 88
44 75 103
44 76 86
44 77 110
44 78 121
44 79 109
44 80 110
44 81 107
44 82 117
44 83 125
44 84 95
44 85 107
44 86 105
44 87 86
44 88 99
44 89 101
44 90 93
44 91 84
44 92 85
44 93 94
44 94 104
44 95 87
44 96 92
44 97 93
44 98 91
44 99 101
44 100 93
44 101 92
44 102 71
44 103 94
44 104 100
44 105 104
44 106 94
44 107 97
44 108 128
44 109 91
44 110 110
44 111 113
44 112 107
44 113 97
44 114 97
44 115 114
44 116 95
44 117 127
44 118 122
44 119 103
44 120 108
44 121 104
44 122 113
44 123 131
44 124 121
44 125 107
44 126 105
44 127 97

45 0 110
45 1 103
45 2 96
45 3 79
45 4 83
45 5 97
45 6 89
45 7 92
45 8 94
45 9 98
45 10 108
45 11 100
45 12 113
45 13 112
45 14 110
45 15 95
45 16 111
45 17 118
45 18 124
45 19 110
45 20 123
45 21 100
45 22 108
45 23 118
45 24 90
45 25 102
45 26 98
45 27 101
45 28 89
45 29 81
45 30 90
45 31 96
45 32 96
45 33 93
45 34 107
45 35 116
45 36 104
45 37 113
45 38 120
45 39 115
45 40 110
45 41 120
45 42 100
45 43 108
45 44 121
45 45 107
45 46 100
45 47 112
45 48 65
45 49 69
45 50 73
45 51 61
45 52 67
45 53 70
45 54 65
45 55 70
45 56 69
45 57 72
45 58 81
45 59 91
45 60 88
45 61 100
45 62 106
45 63 97
45 64 104
45 65 105
45 66 109
45 67 119
45 68 116
45 69 113
45 70 115
45 71 111
45 72 123
45 73 120
45 74 112
45 75 98
45 76 89
45 77 96
45 78 102
45 79 123
45 80 110
45 81 101
45 82 112
45 83 101
45 84 98
45 85 102
45 86 91
45 87 101
45 88 104
45 89 101
45 90 86
45 91 103
45 92 94
45 93 79
45 94 93
45 95 88
45 96 82
45 97 95
45 98 97
45 99 91
45 100 105
45 101 98
45 102 98
45 103 100
45 104 92
45 105 91
45 106 107
45 107 102
45 108 112
45 109 118
45 110 109
45 111 108
45 112 134
45 113 101
45 114 103
45 115 99
45 116 115
45 117 123
45 118 80
45 119 110
45 120 106
45 121 100
45 122 115
45 123 114
45 124 109
45 125 112
45 126 114
45 127 105

46 0 98
46 1 114
46 2 101
46 3 107
46 4 96
46 5 87
46 6 89
46 7 89
46 8 87
46 9 100
46 10 107
46 11 108
46 12 118
46 13 112
46 14 113
46 15 104
46 16 113
46 17 104
46 18 119
46 19 106
46 20 113
46 21 98
46 22 111
46 23 87
46 24 102
46 25 102
46 26 110
46 27 109
46 28 108
46 29 111
46 30 121
46 31 118
46 32 100
46 33 74
46 34 97
46 35 112
46 36 94
46 37 113
46 38 110
46 39 108
46 40 115
46 41 109
46 42 100
46 43 109
46 44 112
46 45 109
46 46 114
46 47 122
46 48 65
46 49 76
46 50 64
46 51 74
46 52 92
46 53 93
46 54 78
46 55 93
46 56 81
46 57 84
46 58 80
46 59 81
46 60 89
46 61 89
46 62 99
46 63 105
46 64 99
46 65 106
46 66 92
46 67 113
46 68 111
46 69 117
46 70 87
46 71 116
46 72 111
46 73 102
46 74 105
46 75 107
46 76 107
46 77 89
46 78 101
46 79 118
46 80 111
46 81 97
46 82 109
46 83 116
46 84 108
46 85 95
46 86 99
46 87 102
46 88 94
46 89 97
46 90 103
46 91 94
46 92 82
46 93 87
46 94 87
46 95 81
46 96 89
46 97 79
46 98 73
46 99 81
46 100 93
46 101 101
46 102 105
46 103 102
46 104 90
46 105 96
46 106 95
46 107 91
46 108 95
46 109 122
46 110 108
46 111 129
46 112 114
46 113 109
46 114 112
46 115 119
46 116 101
46 117 127
46 118 114
46 119 120
46 120 116
46 121 116
46 122 115
46 123 126
46 124 100
46 125 107
46 126 121
46 127 113

47 0 108
47 1 106
47 2 114
47 3 104
47 4 83
47 5 85
47 6 79
47 7 94
47 8 87
47 9 92
47 10 100
47 11 91
47 12 105
47 13 108
47 14 111
47 15 89
47 16 126
47 17 110
47 18 114
47 19 102
47 20 110
47 21 112
47 22 115
47 23 109
47 24 100
47 25 109
47 26 100
47 27 102
47 28 100
47 29 110
47 30 104
47 31 109
47 32 107
47 33 93
47 34 96
47 35 100
47 36 114
47 37 117
47 38 109
47 39 124
47 40 103
47 41 110
47 42 112
47 43 118
47 44 120
47 45 124
47 46 120
47 47 112
47 48 61
47 49 73
47 50 81
47 51 82
47 52 95
47 53 94
47 54 88
47 55 73
47 56 80
47 57 75
47 58 90
47 59 90
47 60 89
47 61 109
47 62 122
47 63 95
47 64 106
47 65 101
47 66 98
47 67 100
47 68 104
47 69 104
47 70 107
47 71 103
47 72 107
47 73 113
47 74 103
47 75 122
47 76 101
47 77 103
47 78 102
47 79 97
47 80 101
47 81 106
47 82 105
47 83 97
47 84 101
47 85 101
47 86 97
47 87 103
47 88 106
47 89 105
47 90 104
47 91 92
47 92 89
47 93 84
47 94 83
47 95 85
47 96 103
47 97 95
47 98 89
47 99 90
47 100 83
47 101 81
47 102 83
47 103 107
47 104 89
47 105 96
47 106 93
47 107 104
47 108 105
47 109 103
47 110 95
47 111 106
47 112 119
47 113 112
47 114 116
47 115 98
47 116 116
47 117 96
47 118 107
47 119 110
47 120 114
47 121 89
47 122 110
47 123 99
47 124 107
47 125 101
47 126 127
47 127 118

48 0 112
48 1 102
48 2 110
48 3 83
48 4 96
48 5 101
48 6 91
48 7 90
48 8 93
48 9 87
48 10 102
48 11 113
48 12 103
48 13 99
48 14 100
48 15 101
48 16 103
48 17 115
48 18 104
48 19 106
48 20 104
48 21 126
48 22 105
48 23 100
48 24 104
48 25 125
48 26 111
48 27 118
48 28 112
48 29 95
48 30 95
48 31 117
48 32 88
48 33 89
48 34 96
48 35 109
48 36 117
48 37 112
48 38 112
48 39 105
48 40 109
48 41 106
48 42 113
48 43 112
48 44 106
48 45 97
48 46 101
48 47 100
48 48 77
48 49 76
48 50 86
48 51 78
48 52 106
48 53 109
48 54 115
48 55 114
48 56 98
48 57 128
48 58 121
48 59 92
48 60 84
48 61 100
48 62 114
48 63 120
48 64 104
48 65 116
48 66 93
48 67 116
48 68 101
48 69 102
48 70 109
48 71 119
48 72 122
48 73 108
48 74 104
48 75 114
48 76 105
48 77 111
48 78 105
48 79 109
48 80 92
48 81 105
48 82 106
48 83 109
48 84 100
48 85 90
48 86 109
48 87 90
48 88 111
48 89 107
48 90 107
48 91 95
48 92 98
48 93 105
48 94 107
48 95 101
48 96 110
48 97 102
48 98 101
48 99 113
48 100 107
48 101 118
48 102 114
48 103 102
48 104 100
48 105 125
48 106 97
48 107 100
48 108 106
48 109 105
48 110 114
48 111 118
48 112 121
48 113 113
48 114 112
48 115 112
48 116 122
48 117 95
48 118 107
48 119 112
48 120 89
48 121 115
48 122 106
48 123 94
48 124 109
48 125 103
48 126 95
48 127 117

49 0 112
49 1 116
49 2 111
49 3 95
49 4 87
49 5 99
49 6 89
49 7 77
49 8 78
49 9 99
49 10 108
49 11 104
49 12 104
49 13 102
49 14 83
49 15 108
49 16 105
49 17 113
49 18 113
49 19 118
49 20 121
49 21 112
49 22 115
49 23 105
49 24 112
49 25 109
49 26 111
49 27 99
49 28 106
49 29 98
49 30 96
49 31 115
49 32 101
49 33 97
49 34 95
49 35 110
49 36 105
49 37 107
49 38 111
49 39 99
49 40 115
49 41 111
49 42 115
49 43 97
49 44 107
49 45 106
49 46 114
49 47 113
49 48 75
49 49 85
49 50 84
49 51 84
49 52 115
49 53 105
49 54 105
49 55 111
49 56 109
49 57 103
49 58 120
49 59 81
49 60 88
49 61 101
49 62 107
49 63 119
49 64 98
49 65 114
49 66 114
49 67 125
49 68 99
49 69 109
49 70 123
49 71 97
49 72 102
49 73 101
49 74 115
49 75 100
49 76 102
49 77 93
49 78 104
49 79 99
49 80 113
49 81 93
49 82 115
49 83 82
49 84 99
49 85 110
49 86 102
49 87 100
49 88 95
49 89 93
49 90 98
49 91 85
49 92 127
49 93 122
49 94 118
49 95 100
49 96 109
49 97 120
49 98 99
49 99 96
49 100 109
49 101 113
49 102 101
49 103 97
49 104 109
49 105 109
49 106 99
49 107 119
49 108 97
49 109 115
49 110 100
49 111 103
49 112 113
49 113 112
49 114 107
49 115 100
49 116 124
49 117 112
49 118 109
49 119 115
49 120 117
49 121 105
49 122 100
49 123 94
49 124 106
49 125 102
49 126 113
49 127 107

50 0 91
50 1 92
50 2 110
50 3 89
50 4 90
50 5 90
50 6 90
50 7 85
50 8 74
50 9 95
50 10 90
50 11 105
50 12 117
50 13 113
50 14 121
50 15 103
50 16 103
50 17 114
50 18 106
50 19 109
50 20 116
50 21 115
50 22 109
50 23 116
50 24 97
50 25 112
50 26 90
50 27 104
50 28 105
50 29 96
50 30 99
50 31 106
50 32 97
50 33 95
50 34 102
50 35 106
50 36 112
50 37 118
50 38 119
50 39 83
50 40 119
50 41 109
50 42 103
50 43 113
50 44 107
50 45 118
50 46 118
50 47 102
50 48 69
50 49 76
50 50 79
50 51 84
50 52 102
50 53 112
50 54 115
50 55 113
50 56 107
50 57 115
50 58 118
50 59 99
50 60 73
50 61 96
50 62 96
50 63 106
50 64 114
50 65 88
50 66 115
50 67 105
50 68 114
50 69 108
50 70 93
50 71 105
50 72 100
50 73 115
50 74 99
50 75 104
50 76 112
50 77 97
50 78 124
50 79 119
50 80 112
50 81 99
50 82 110
50 83 105
50 84 103
50 85 109
50 86 108
50 87 115
50 88 89
50 89 107
50 90 101
50 91 103
50 92 129
50 93 83
50 94 108
50 95 90
50 96 115
50 97 94
50 98 107
50 99 110
50 100 97
50 101 104
50 102 104
50 103 100
50 104 107
50 105 104
50 106 94
50 107 106
50 108 108
50 109 123
50 110 117
50 111 97
50 112 107
50 113 101
50 114 112
50 115 90
50 116 114
50 117 98
50 118 106
50 119 124
50 120 122
50 121 106
50 122 98
50 123 115
50 124 97
50 125 103
50 126 102
50 127 105

51 0 104
51 1 99
51 2 88
51 3 86
51 4 86
51 5 96
51 6 92
51 7 96
51 8 77
51 9 94
51 10 97
51 11 99
51 12 90
51 13 91
51 14 106
51 15 112
51 16 115
51 17 110
51 18 114
51 19 107
51 20 112
51 21 104
51 22 100
51 23 100
51 24 115
51 25 103
51 26 112
51 27 118
51 28 119
51 29 114
51 30 112
51 31 106
51 32 98
51 33 101
51 34 94
51 35 111
51 36 112
51 37 126
51 38 114
51 39 98
51 40 102
51 41 90
51 42 113
51 43 101
51 44 124
51 45 116
51 46 92
51 47 96
51 48 77
51 49 64
51 50 76
51 51 70
51 52 118
51 53 116
51 54 102
51 55 100
51 56 112
51 57 120
51 58 100
51 59 92
51 60 83
51 61 112
51 62 115
51 63 124
51 64 116
51 65 130
51 66 109
51 67 110
51 68 116
51 69 114
51 70 103
51 71 113
51 72 109
51 73 127
51 74 113
51 75 100
51 76 110
51 77 116
51 78 115
51 79 105
51 80 101
51 81 103
51 82 106
51 83 111
51 84 117
51 85 107
51 86 104
51 87 105
51 88 108
51 89 102
51 90 98
51 91 72
51 92 113
51 93 110
51 94 106
51 95 88
51 96 106
51 97 99
51 98 109
51 99 106
51 100 111
51 101 119
51 102 115
51 103 109
51 104 108
51 105 107
51 106 96
51 107 107
51 108 103
51 109 112
51 110 95
51 111 104
51 112 114
51 113 120
51 114 114
51 115 114
51 116 96
51 117 101
51 118 103
51 119 112
51 120 110
51 121 96
51 122 90
51 123 102
51 124 100
51 125 103
51 126 97
51 127 100

52 0 82
52 1 101
52 2 90
52 3 106
52 4 98
52 5 96
52 6 79
52 7 87
52 8 86
52 9 104
52 10 90
52 11 96
52 12 96
52 13 95
52 14 83
52 15 87
52 16 100
52 17 111
52 18 102
52 19 119
52 20 97
52 21 116
52 22 107
52 23 114
52 24 97
52 25 94
52 26 96
52 27 110
52 28 107
52 29 110
52 30 123
52 31 108
52 32 104
52 33 88
52 34 91
52 35 112
52 36 108
52 37 110
52 38 98
52 39 110
52 40 91
52 41 109
52 42 113
52 43 109
52 44 106
52 45 92
52 46 99
52 47 109
52 48 70
52 49 67
52 50 73
52 51 91
52 52 111
52 53 97
52 54 100
52 55 111
52 56 99
52 57 117
52 58 118
52 59 96
52 60 93
52 61 114
52 62 108
52 63 102
52 64 112
52 65 126
52 66 114
52 67 120
52 68 102
52 69 109
52 70 108
52 71 129
52 72 107
52 73 119
52 74 125
52 75 116
52 76 110
52 77 110
52 78 104
52 79 104
52 80 97
52 81 103
52 82 109
52 83 120
52 84 111
52 85 97
52 86 130
52 87 108
52 88 102
52 89 96
52 90 84
52 91 103
52 92 99
52 93 107
52 94 92
52 95 109
52 96 103
52 97 113
52 98 130
52 99 116
52 100 99
52 101 98
52 102 123
52 103 109
52 104 122
52 105 113
52 106 108
52 107 109
52 108 95
52 109 114
52 110 108
52 111 97
52 112 119
52 113 114
52 114 106
52 115 97
52 116 100
52 117 103
52 118 100
52 119 88
52 120 103
52 121 110
52 122 97
52 123 84
52 124 96
52 125 104
52 126 91
52 127 97

53 0 99
53 1 101
53 2 75
53 3 91
53 4 86
53 5 72
53 6 104
53 7 98
53 8 79
53 9 101
53 10 103
53 11 97
53 12 79
53 13 99
53 14 97
53 15 90
53 16 90
53 17 100
53 18 118
53 19 109
53 20 89
53 21 106
53 22 111
53 23 122
53 24 112
53 25 107
53 26 106
53 27 91
53 28 103
53 29 116
53 30 117
53 31 104
53 32 116
53 33 99
53 34 93
53 35 94
53 36 105
53 37 105
53 38 103
53 39 104
53 40 103
53 41 112
53 42 109
53 43 112
53 44 117
53 45 116
53 46 106
53 47 109
53 48 74
53 49 71
53 50 82
53 51 88
53 52 117
53 53 86
53 54 126
53 55 113
53 56 127
53 57 114
53 58 109
53 59 93
53 60 97
53 61 108
53 62 105
53 63 110
53 64 111
53 65 128
53 66 100
53 67 88
53 68 113
53 69 117
53 70 106
53 71 123
53 72 105
53 73 107
53 74 101
53 75 106
53 76 100
53 77 84
53 78 100
53 79 112
53 80 99
53 81 101
53 82 113
53 83 92
53 84 101
53 85 101
53 86 119
53 87 99
53 88 102
53 89 93
53 90 91
53 91 107
53 92 103
53 93 118
53 94 98
53 95 105
53 96 107
53 97 103
53 98 111
53 99 123
53 100 107
53 101 110
53 102 108
53 103 117
53 104 84
53 105 97
53 106 120
53 107 107
53 108 101
53 109 107
53 110 94
53 111 110
53 112 120
53 113 101
53 114 116
53 115 113
53 116 117
53 117 123
53 118 92
53 119 101
53 120 108
53 121 119
53 122 103
53 123 88
53 124 105
53 125 92
53 126 105
53 127 101

54 0 87
54 1 103
54 2 92
54 3 109
54 4 110
54 5 127
54 6 108
54 7 97
54 8 83
54 9 85
54 10 80
54 11 87
54 12 97
54 13 96
54 14 103
54 15 99
54 16 93
54 17 104
54 18 83
54 19 103
54 20 88
54 21 103
54 22 91
54 23 95
54 24 108
54 25 96
54 26 107
54 27 110
54 28 101
54 29 118
54 30 122
54 31 103
54 32 101
54 33 85
54 34 103
54 35 113
54 36 114
54 37 103
54 38 103
54 39 112
54 40 107
54 41 98
54 42 93
54 43 114
54 44 115
54 45 120
54 46 114
54 47 121
54 48 85
54 49 73
54 50 72
54 51 76
54 52 102
54 53 111
54 54 117
54 55 91
54 56 100
54 57 105
54 58 100
54 59 102
54 60 95
54 61 109
54 62 109
54 63 115
54 64 107
54 65 100
54 66 112
54 67 118
54 68 118
54 69 93
54 70 105
54 71 110
54 72 106
54 73 82
54 74 103
54 75 114
54 76 106
54 77 107
54 78 101
54 79 131
54 80 107
54 81 117
54 82 109
54 83 120
54 84 109
54 85 119
54 86 112
54 87 80
54 88 87
54 89 106
54 90 104
54 91 96
54 92 102
54 93 105
54 94 109
54 95 116
54 96 111
54 97 100
54 98 96
54 99 114
54 100 110
54 101 94
54 102 123
54 103 124
54 104 118
54 105 103
54 106 104
54 107 101
54 108 105
54 109 105
54 110 111
54 111 99
54 112 120
54 113 121
54 114 120
54 115 108
54 116 127
54 117 95
54 118 118
54 119 105
54 120 115
54 121 107
54 122 106
54 123 107
54 124 97
54 125 92
54 126 104
54 127 100

55 0 120
55 1 112
55 2 103
55 3 106
55 4 109
55 5 103
55 6 113
55 7 111
55 8 90
55 9 76
55 10 99
55 11 90
55 12 87
55 13 80
55 14 105
55 15 83
55 16 103
55 17 92
55 18 105
55 19 99
55 20 82
55 21 98
55 22 99
55 23 89
55 24 102
55 25 98
55 26 104
55 27 102
55 28 101
55 29 96
55 30 93
55 31 118
55 32 77
55 33 99
55 34 92
55 35 88
55 36 96
55 37 86
55 38 95
55 39 96
55 40 97
55 41 118
55 42 109
55 43 114
55 44 105
55 45 104
55 46 115
55 47 99
55 48 79
55 49 73
55 50 79
55 51 85
55 52 115
55 53 108
55 54 116
55 55 105
55 56 108
55 57 105
55 58 114
55 59 97
55 60 83
55 61 122
55 62 108
55 63 119
55 64 97
55 65 125
55 66 93
55 67 106
55 68 119
55 69 111
55 70 117
55 71 98
55 72 95
55 73 101
55 74 104
55 75 120
55 76 122
55 77 104
55 78 113
55 79 89
55 80 125
55 81 113
55 82 107
55 83 97
55 84 118
55 85 99
55 86 111
55 87 82
55 88 86
55 89 102
55 90 100
55 91 110
55 92 104
55 93 98
55 94 96
55 95 110
55 96 106
55 97 113
55 98 111
55 99 105
55 100 113
55 101 105
55 102 106
55 103 86
55 104 117
55 105 100
55 106 106
55 107 117
55 108 118
55 109 112
55 110 91
55 111 96
55 112 98
55 113 108
55 114 98
55 115 111
55 116 115
55 117 111
55 118 115
55 119 117
55 120 123
55 121 98
55 122 111
55 123 95
55 124 104
55 125 114
55 126 121
55 127 117

56 0 112
56 1 123
56 2 113
56 3 105
56 4 123
56 5 93
56 6 102
56 7 115
56 8 109
56 9 96
56 10 98
56 11 99
56 12 90
56 13 95
56 14 114
56 15 98
56 16 93
56 17 101
56 18 109
56 19 104
56 20 97
56 21 82
56 22 91
56 23 104
56 24 105
56 25 90
56 26 109
56 27 105
56 28 116
56 29 98
56 30 102
56 31 106
56 32 88
56 33 110
56 34 104
56 35 86
56 36 91
56 37 86
56 38 87
56 39 100
56 40 79
56 41 96
56 42 95
56 43 91
56 44 73
56 45 87
56 46 90
56 47 90
56 48 83
56 49 84
56 50 78
56 51 87
56 52 101
56 53 115
56 54 119
56 55 114
56 56 115
56 57 112
56 58 94
56 59 97
56 60 97
56 61 121
56 62 125
56 63 105
56 64 108
56 65 92
56 66 117
56 67 82
56 68 108
56 69 101
56 70 117
56 71 104
56 72 96
56 73 95
56 74 100
56 75 112
56 76 109
56 77 111
56 78 110
56 79 118
56 80 116
56 81 105
56 82 112
56 83 107
56 84 107
56 85 107
56 86 95
56 87 111
56 88 116
56 89 123
56 90 104
56 91 132
56 92 108
56 93 99
56 94 107
56 95 108
56 96 96
56 97 107
56 98 107
56 99 111
56 100 127
56 101 108
56 102 115
56 103 84
56 104 93
56 105 85
56 106 102
56 107 107
56 108 106
56 109 96
56 110 117
56 111 117
56 112 93
56 113 117
56 114 110
56 115 108
56 116 113
56 117 106
56 118 106
56 119 118
56 120 111
56 121 101
56 122 103
56 123 98
56 124 97
56 125 113
56 126 128
56 127 114

57 0 105
57 1 105
57 2 103
57 3 123
57 4 112
57 5 88
57 6 117
57 7 103
57 8 82
57 9 100
57 10 99
57 11 84
57 12 107
57 13 110
57 14 98
57 15 110
57 16 112
57 17 101
57 18 115
57 19 113
57 20 94
57 21 114
57 22 114
57 23 106
57 24 104
57 25 112
57 26 105
57 27 115
57 28 117
57 29 102
57 30 91
57 31 106
57 32 95
57 33 96
57 34 104
57 35 80
57 36 73
57 37 101
57 38 100
57 39 100
57 40 85
57 41 113
57 42 89
57 43 94
57 44 91
57 45 81
57 46 88
57 47 87
57 48 80
57 49 88
57 50 80
57 51 87
57 52 123
57 53 106
57 54 121
57 55 127
57 56 123
57 57 122
57 58 93
57 59 103
57 60 90
57 61 115
57 62 103
57 63 102
57 64 96
57 65 104
57 66 116
57 67 103
57 68 91
57 69 81
57 70 105
57 71 110
57 72 101
57 73 109
57 74 109
57 75 96
57 76 97
57 77 95
57 78 100
57 79 95
57 80 95
57 81 109
57 82 115
57 83 98
57 84 107
57 85 107
57 86 91
57 87 114
57 88 128
57 89 107
57 90 113
57 91 95
57 92 98
57 93 95
57 94 104
57 95 93
57 96 87
57 97 106
57 98 96
57 99 103
57 100 118
57 101 121
57 102 111
57 103 105
57 104 103
57 105 104
57 106 103
57 107 104
57 108 123
57 109 110
57 110 97
57 111 112
57 112 99
57 113 108
57 114 102
57 115 115
57 116 119
57 117 107
57 118 100
57 119 108
57 120 106
57 121 102
57 122 97
57 123 91
57 124 89
57 125 94
57 126 113
57 127 108

58 0 100
58 1 115
58 2 111
58 3 105
58 4 106
58 5 101
58 6 99
58 7 109
58 8 99
58 9 99
58 10 102
58 11 88
58 12 85
58 13 102
58 14 88
58 15 100
58 16 109
58 17 124
58 18 113
58 19 100
58 20 117
58 21 117
58 22 119
58 23 113
58 24 118
58 25 111
58 26 122
58 27 113
58 28 112
58 29 90
58 30 102
58 31 95
58 32 107
58 33 113
58 34 116
58 35 118
58 36 92
58 37 109
58 38 113
58 39 133
58 40 109
58 41 99
58 42 103
58 43 112
58 44 93
58 45 102
58 46 100
58 47 99
58 48 101
58 49 89
58 50 84
58 51 88
58 52 105
58 53 117
58 54 118
58 55 109
58 56 115
58 57 95
58 58 108
58 59 88
58 60 108
58 61 83
58 62 94
58 63 108
58 64 101
58 65 92
58 66 111
58 67 99
58 68 94
58 69 107
58 70 109
58 71 102
58 72 92
58 73 107
58 74 103
58 75 90
58 76 88
58 77 91
58 78 100
58 79 106
58 80 88
58 81 103
58 82 112
58 83 98
58 84 102
58 85 100
58 86 108
58 87 99
58 88 107
58 89 117
58 90 104
58 91 116
58 92 118
58 93 103
58 94 107
58 95 103
58 96 99
58 97 98
58 98 97
58 99 123
58 100 115
58 101 122
58 102 111
58 103 118
58 104 102
58 105 104
58 106 110
58 107 112
58 108 113
58 109 107
58 110 80
58 111 102
58 112 96
58 113 96
58 114 120
58 115 112
58 116 109
58 117 108
58 118 116
58 119 118
58 120 112
58 121 105
58 122 102
58 123 99
58 124 99
58 125 102
58 126 110
58 127 96

59 0 123
59 1 111
59 2 103
59 3 99
59 4 106
59 5 77
59 6 116
59 7 108
59 8 94
59 9 102
59 10 99
59 11 89
59 12 87
59 13 104
59 14 98
59 15 87
59 16 100
59 17 113
59 18 115
59 19 113
59 20 111
59 21 118
59 22 101
59 23 108
59 24 104
59 25 106
59 26 99
59 27 104
59 28 120
59 29 107
59 30 110
59 31 100
59 32 114
59 33 105
59 34 111
59 35 113
59 36 113
59 37 114
59 38 105
59 39 116
59 40 105
59 41 105
59 42 104
59 43 102
59 44 102
59 45 93
59 46 81
59 47 113
59 48 113
59 49 91
59 50 85
59 51 89
59 52 107
59 53 115
59 54 105
59 55 100
59 56 111
59 57 112
59 58 89
59 59 95
59 60 93
59 61 91
59 62 106
59 63 102
59 64 112
59 65 98
59 66 101
59 67 93
59 68 110
59 69 115
59 70 117
59 71 114
59 72 104
59 73 104
59 74 89
59 75 93
59 76 111
59 77 90
59 78 111
59 79 100
59 80 107
59 81 95
59 82 112
59 83 114
59 84 129
59 85 118
59 86 115
59 87 84
59 88 89
59 89 98
59 90 99
59 91 104
59 92 110
59 93 113
59 94 103
59 95 108
59 96 118
59 97 99
59 98 104
59 99 102
59 100 101
59 101 101
59 102 102
59 103 89
59 104 110
59 105 98
59 106 109
59 107 114
59 108 110
59 109 88
59 110 111
59 111 101
59 112 87
59 113 113
59 114 103
59 115 102
59 116 111
59 117 112
59 118 91
59 119 108
59 120 113
59 121 111
59 122 78
59 123 83
59 124 103
59 125 119
59 126 123
59 127 117

60 0 110
60 1 98
60 2 110
60 3 113
60 4 107
60 5 99
60 6 108
60 7 107
60 8 110
60 9 110
60 10 105
60 11 91
60 12 100
60 13 101
60 14 104
60 15 95
60 16 96
60 17 116
60 18 98
60 19 109
60 20 113
60 21 121
60 22 129
60 23 107
60 24 103
60 25 100
60 26 111
60 27 125
60 28 109
60 29 111
60 30 108
60 31 113
60 32 96
60 33 123
60 34 125
60 35 120
60 36 101
60 37 124
60 38 103
60 39 113
60 40 114
60 41 115
60 42 111
60 43 106
60 44 92
60 45 96
60 46 94
60 47 97
60 48 81
60 49 100
60 50 80
60 51 89
60 52 117
60 53 105
60 54 103
60 55 105
60 56 116
60 57 111
60 58 110
60 59 98
60 60 106
60 61 112
60 62 108
60 63 126
60 64 123
60 65 108
60 66 107
60 67 101
60 68 102
60 69 111
60 70 107
60 71 99
60 72 102
60 73 111
60 74 107
60 75 105
60 76 111
60 77 93
60 78 121
60 79 99
60 80 119
60 81 99
60 82 116
60 83 116
60 84 101
60 85 115
60 86 104
60 87 108
60 88 100
60 89 117
60 90 126
60 91 104
60 92 102
60 93 103
60 94 114
60 95 96
60 96 103
60 97 106
60 98 119
60 99 111
60 100 83
60 101 115
60 102 108
60 103 100
60 104 100
60 105 97
60 106 106
60 107 99
60 108 99
60 109 114
60 110 107
60 111 104
60 112 100
60 113 91
60 114 114
60 115 105
60 116 98
60 117 112
60 118 114
60 119 124
60 120 101
60 121 124
60 122 97
60 123 89
60 124 85
60 125 119
60 126 119
60 127 117

61 0 104
61 1 99
61 2 114
61 3 121
61 4 118
61 5 80
61 6 107
61 7 104
61 8 106
61 9 119
61 10 121
61 11 103
61 12 107
61 13 97
61 14 108
61 15 103
61 16 96
61 17 118
61 18 118
61 19 116
61 20 111
61 21 104
61 22 114
61 23 109
61 24 99
61 25 94
61 26 110
61 27 105
61 28 95
61 29 94
61 30 112
61 31 123
61 32 117
61 33 107
61 34 114
61 35 127
61 36 125
61 37 97
61 38 118
61 39 125
61 40 113
61 41 100
61 42 123
61 43 96
61 44 86
61 45 97
61 46 95
61 47 98
61 48 102
61 49 82
61 50 79
61 51 89
61 52 89
61 53 83
61 54 84
61 55 100
61 56 80
61 57 104
61 58 88
61 59 102
61 60 117
61 61 110
61 62 105
61 63 101
61 64 109
61 65 103
61 66 93
61 67 103
61 68 119
61 69 112
61 70 126
61 71 112
61 72 111
61 73 113
61 74 108
61 75 99
61 76 101
61 77 105
61 78 117
61 79 120
61 80 119
61 81 83
61 82 92
61 83 99
61 84 127
61 85 100
61 86 124
61 87 108
61 88 97
61 89 105
61 90 98
61 91 109
61 92 88
61 93 107
61 94 112
61 95 110
61 96 103
61 97 109
61 98 113
61 99 87
61 100 111
61 101 101
61 102 80
61 103 96
61 104 91
61 105 100
61 106 97
61 107 104
61 108 103
61 109 106
61 110 121
61 111 106
61 112 114
61 113 94
61 114 117
61 115 107
61 116 107
61 117 110
61 118 112
61 119 103
61 120 111
61 121 124
61 122 88
61 123 96
61 124 95
61 125 115
61 126 97
61 127 103

62 0 113
62 1 104
62 2 124
62 3 113
62 4 116
62 5 118
62 6 103
62 7 114
62 8 128
62 9 105
62 10 104
62 11 98
62 12 119
62 13 126
62 14 120
62 15 121
62 16 113
62 17 113
62 18 109
62 19 107
62 20 88
62 21 109
62 22 101
62 23 110
62 24 117
62 25 113
62 26 109
62 27 107
62 28 104
62 29 99
62 30 116
62 31 95
62 32 107
62 33 114
62 34 112
62 35 112
62 36 118
62 37 109
62 38 107
62 39 115
62 40 120
62 41 118
62 42 114
62 43 115
62 44 102
62 45 103
62 46 92
62 47 94
62 48 87
62 49 98
62 50 99
62 51 86
62 52 78
62 53 71
62 54 84
62 55 102
62 56 106
62 57 98
62 58 95
62 59 94
62 60 112
62 61 97
62 62 108
62 63 108
62 64 120
62 65 100
62 66 113
62 67 97
62 68 123
62 69 104
62 70 110
62 71 102
62 72 117
62 73 116
62 74 102
62 75 106
62 76 106
62 77 108
62 78 120
62 79 119
62 80 109
62 81 102
62 82 90
62 83 99
62 84 108
62 85 113
62 86 103
62 87 116
62 88 105
62 89 92
62 90 106
62 91 101
62 92 101
62 93 128
62 94 112
62 95 98
62 96 109
62 97 112
62 98 113
62 99 107
62 100 118
62 101 104
62 102 101
62 103 102
62 104 102
62 105 106
62 106 78
62 107 105
62 108 106
62 109 109
62 110 101
62 111 130
62 112 113
62 113 111
62 114 105
62 115 108
62 116 111
62 117 109
62 118 97
62 119 118
62 120 116
62 121 99
62 122 101
62 123 93
62 124 94
62 125 114
62 126 105
62 127 117

63 0 111
63 1 100
63 2 110
63 3 88
63 4 112
63 5 112
63 6 105
63 7 120
63 8 108
63 9 115
63 10 103
63 11 119
63 12 105
63 13 104
63 14 110
63 15 110
63 16 115
63 17 116
63 18 113
63 19 99
63 20 101
63 21 95
63 22 125
63 23 118
63 24 111
63 25 117
63 26 106
63 27 110
63 28 121
63 29 105
63 30 102
63 31 104
63 32 112
63 33 115
63 34 97
63 35 101
63 36 104
63 37 105
63 38 106
63 39 108
63 40 110
63 41 117
63 42 112
63 43 105
63 44 93
63 45 103
63 46 104
63 47 95
63 48 116
63 49 127
63 50 119
63 51 104
63 52 121
63 53 121
63 54 77
63 55 99
63 56 102
63 57 97
63 58 100
63 59 95
63 60 108
63 61 128
63 62 105
63 63 108
63 64 80
63 65 106
63 66 116
63 67 116
63 68 106
63 69 99
63 70 115
63 71 109
63 72 100
63 73 99
63 74 94
63 75 110
63 76 108
63 77 110
63 78 110
63 79 105
63 80 110
63 81 102
63 82 82
63 83 106
63 84 104
63 85 120
63 86 123
63 87 120
63 88 111
63 89 100
63 90 106
63 91 80
63 92 106
63 93 116
63 94 97
63 95 97
63 96 110
63 97 102
63 98 99
63 99 112
63 100 109
63 101 93
63 102 98
63 103 102
63 104 116
63 105 107
63 106 123
63 107 94
63 108 87
63 109 122
63 110 121
63 111 113
63 112 119
63 113 128
63 114 123
63 115 115
63 116 98
63 117 104
63 118 114
63 119 107
63 120 127
63 121 108
63 122 100
63 123 86
63 124 101
63 125 100
63 126 92
63 127 110

64 0 117
64 1 107
64 2 111
64 3 114
64 4 97
64 5 109
64 6 113
64 7 112
64 8 108
64 9 92
64 10 95
64 11 97
64 12 115
64 13 79
64 14 113
64 15 117
64 16 101
64 17 124
64 18 132
64 19 105
64 20 101
64 21 125
64 22 109
64 23 123
64 24 88
64 25 103
64 26 120
64 27 113
64 28 109
64 29 108
64 30 112
64 31 122
64 32 107
64 33 98
64 34 107
64 35 105
64 36 92
64 37 101
64 38 85
64 39 114
64 40 110
64 41 107
64 42 108
64 43 102
64 44 97
64 45 94
64 46 98
64 47 105
64 48 119
64 49 122
64 50 124
64 51 108
64 52 96
64 53 104
64 54 102
64 55 102
64 56 99
64 57 92
64 58 99
64 59 93
64 60 99
64 61 105
64 62 117
64 63 116
64 64 109
64 65 95
64 66 113
64 67 109
64 68 103
64 69 90
64 70 104
64 71 108
64 72 124
64 73 105
64 74 100
64 75 115
64 76 101
64 77 110
64 78 99
64 79 120
64 80 125
64 81 108
64 82 104
64 83 116
64 84 112
64 85 98
64 86 117
64 87 112
64 88 98
64 89 104
64 90 93
64 91 114
64 92 99
64 93 131
64 94 114
64 95 112
64 96 112
64 97 105
64 98 95
64 99 97
64 100 94
64 101 109
64 102 94
64 103 99
64 104 106
64 105 107
64 106 115
64 107 97
64 108 109
64 109 123
64 110 113
64 111 119
64 112 108
64 113 110
64 114 109
64 115 107
64 116 121
64 117 104
64 118 101
64 119 119
64 120 109
64 121 97
64 122 93
64 123 88
64 124 81
64 125 129
64 126 107
64 127 111

65 0 106
65 1 123
65 2 120
65 3 112
65 4 112
65 5 118
65 6 110
65 7 102
65 8 112
65 9 106
65 10 99
65 11 107
65 12 116
65 13 120
65 14 102
65 15 114
65 16 123
65 17 96
65 18 121
65 19 119
65 20 120
65 21 94
65 22 113
65 23 105
65 24 103
65 25 114
65 26 107
65 27 101
65 28 90
65 29 119
65 30 106
65 31 109
65 32 96
65 33 99
65 34 97
65 35 96
65 36 85
65 37 97
65 38 112
65 39 84
65 40 127
65 41 119
65 42 116
65 43 111
65 44 112
65 45 105
65 46 105
65 47 105
65 48 122
65 49 111
65 50 107
65 51 108
65 52 109
65 53 90
65 54 110
65 55 113
65 56 87
65 57 98
65 58 100
65 59 89
65 60 110
65 61 110
65 62 104
65 63 106
65 64 107
65 65 90
65 66 119
65 67 100
65 68 126
65 69 114
65 70 115
65 71 116
65 72 109
65 73 119
65 74 118
65 75 109
65 76 114
65 77 116
65 78 85
65 79 98
65 80 106
65 81 101
65 82 112
65 83 114
65 84 109
65 85 102
65 86 123
65 87 106
65 88 96
65 89 91
65 90 101
65 91 117
65 92 103
65 93 116
65 94 115
65 95 114
65 96 106
65 97 96
65 98 113
65 99 107
65 100 97
65 101 114
65 102 106
65 103 93
65 104 110
65 105 107
65 106 109
65 107 119
65 108 113
65 109 120
65 110 110
65 111 116
65 112 106
65 113 99
65 114 103
65 115 116
65 116 114
65 117 102
65 118 110
65 119 109
65 120 103
65 121 100
65 122 90
65 123 97
65 124 80
65 125 108
65 126 116
65 127 119

66 0 106
66 1 104
66 2 108
66 3 118
66 4 105
66 5 113
66 6 107
66 7 88
66 8 108
66 9 117
66 10 107
66 11 119
66 12 87
66 13 121
66 14 118
66 15 103
66 16 117
66 17 119
66 18 101
66 19 113
66 20 106
66 21 111
66 22 99
66 23 116
66 24 119
66 25 125
66 26 117
66 27 112
66 28 94
66 29 116
66 30 113
66 31 113
66 32 114
66 33 114
66 34 95
66 35 95
66 36 106
66 37 118
66 38 108
66 39 106
66 40 122
66 41 115
66 42 116
66 43 94
66 44 111
66 45 101
66 46 107
66 47 101
66 48 117
66 49 103
66 50 115
66 51 102
66 52 115
66 53 104
66 54 102
66 55 86
66 56 94
66 57 95
66 58 88
66 59 83
66 60 104
66 61 124
66 62 100
66 63 95
66 64 118
66 65 102
66 66 120
66 67 98
66 68 108
66 69 110
66 70 108
66 71 114
66 72 111
66 73 124
66 74 100
66 75 103
66 76 108
66 77 113
66 78 82
66 79 92
66 80 99
66 81 109
66 82 113
66 83 108
66 84 107
66 85 117
66 86 110
66 87 107
66 88 91
66 89 90
66 90 104
66 91 107
66 92 99
66 93 94
66 94 117
66 95 117
66 96 110
66 97 105
66 98 108
66 99 95
66 100 116
66 101 88
66 102 111
66 103 123
66 104 121
66 105 111
66 106 133
66 107 104
66 108 98
66 109 102
66 110 106
66 111 111
66 112 112
66 113 107
66 114 123
66 115 90
66 116 105
66 117 97
66 118 100
66 119 98
66 120 106
66 121 93
66 122 91
66 123 78
66 124 98
66 125 115
66 126 113
66 127 120

67 0 116
67 1 101
67 2 102
67 3 101
67 4 117
67 5 105
67 6 112
67 7 116
67 8 115
67 9 113
67 10 107
67 11 110
67 12 106
67 13 111
67 14 106
67 15 116
67 16 106
67 17 115
67 18 103
67 19 94
67 20 109
67 21 112
67 22 95
67 23 101
67 24 109
67 25 96
67 26 102
67 27 104
67 28 118
67 29 99
67 30 109
67 31 110
67 32 120
67 33 103
67 34 112
67 35 104
67 36 99
67 37 97
67 38 118
67 39 106
67 40 101
67 41 114
67 42 94
67 43 105
67 44 93
67 45 108
67 46 99
67 47 111
67 48 105
67 49 113
67 50 113
67 51 110
67 52 108
67 53 105
67 54 107
67 55 96
67 56 106
67 57 79
67 58 73
67 59 91
67 60 102
67 61 118
67 62 105
67 63 103
67 64 106
67 65 115
67 66 113
67 67 100
67 68 107
67 69 112
67 70 101
67 71 122
67 72 114
67 73 89
67 74 114
67 75 115
67 76 93
67 77 108
67 78 106
67 79 105
67 80 100
67 81 88
67 82 110
67 83 95
67 84 126
67 85 112
67 86 116
67 87 104
67 88 106
67 89 96
67 90 93
67 91 116
67 92 110
67 93 119
67 94 114
67 95 111
67 96 116
67 97 118
67 98 82
67 99 102
67 100 111
67 101 110
67 102 115
67 103 114
67 104 127
67 105 112
67 106 104
67 107 111
67 108 111
67 109 103
67 110 118
67 111 109
67 112 111
67 113 124
67 114 132
67 115 119
67 116 119
67 117 114
67 118 114
67 119 105
67 120 102
67 121 86
67 122 88
67 123 88
67 124 94
67 125 83
67 126 113
67 127 97

68 0 109
68 1 109
68 2 120
68 3 104
68 4 107
68 5 122
68 6 96
68 7 86
68 8 92
68 9 102
68 10 94
68 11 100
68 12 84
68 13 102
68 14 96
68 15 99
68 16 98
68 17 83
68 18 78
68 19 102
68 20 92
68 21 98
68 22 101
68 23 88
68 24 102
68 25 101
68 26 106
68 27 107
68 28 102
68 29 116
68 30 110
68 31 116
68 32 113
68 33 113
68 34 80
68 35 102
68 36 96
68 37 113
68 38 117
68 39 110
68 40 112
68 41 126
68 42 109
68 43 106
68 44 104
68 45 86
68 46 113
68 47 118
68 48 91
68 49 111
68 50 112
68 51 114
68 52 104
68 53 101
68 54 106
68 55 105
68 56 110
68 57 96
68 58 72
68 59 84
68 60 100
68 61 109
68 62 101
68 63 114
68 64 95
68 65 101
68 66 114
68 67 97
68 68 116
68 69 115
68 70 99
68 71 118
68 72 115
68 73 107
68 74 101
68 75 96
68 76 100
68 77 110
68 78 109
68 79 108
68 80 105
68 81 91
68 82 92
68 83 109
68 84 124
68 85 115
68 86 102
68 87 105
68 88 103
68 89 97
68 90 97
68 91 106
68 92 117
68 93 108
68 94 108
68 95 104
68 96 117
68 97 113
68 98 106
68 99 110
68 100 112
68 101 102
68 102 117
68 103 101
68 104 104
68 105 121
68 106 121
68 107 92
68 108 91
68 109 99
68 110 102
68 111 111
68 112 106
68 113 109
68 114 117
68 115 86
68 116 99
68 117 114
68 118 119
68 119 124
68 120 115
68 121 94
68 122 99
68 123 93
68 124 102
68 125 105
68 126 96
68 127 116

69 0 102
69 1 123
69 2 105
69 3 116
69 4 103
69 5 110
69 6 101
69 7 106
69 8 90
69 9 97
69 10 85
69 11 100
69 12 89
69 13 78
69 14 105
69 15 93
69 16 86
69 17 81
69 18 92
69 19 106
69 20 102
69 21 97
69 22 97
69 23 94
69 24 88
69 25 96
69 26 106
69 27 103
69 28 104
69 29 113
69 30 117
69 31 122
69 32 107
69 33 103
69 34 110
69 35 107
69 36 104
69 37 108
69 38 110
69 39 117
69 40 117
69 41 106
69 42 117
69 43 100
69 44 105
69 45 107
69 46 116
69 47 108
69 48 110
69 49 109
69 50 113
69 51 107
69 52 116
69 53 111
69 54 120
69 55 111
69 56 112
69 57 75
69 58 75
69 59 86
69 60 77
69 61 95
69 62 99
69 63 85
69 64 96
69 65 91
69 66 109
69 67 104
69 68 117
69 69 112
69 70 106
69 71 99
69 72 114
69 73 122
69 74 108
69 75 105
69 76 104
69 77 103
69 78 111
69 79 103
69 80 116
69 81 105
69 82 90
69 83 106
69 84 107
69 85 115
69 86 120
69 87 120
69 88 104
69 89 108
69 90 119
69 91 108
69 92 123
69 93 112
69 94 95
69 95 102
69 96 101
69 97 109
69 98 116
69 99 109
69 100 86
69 101 101
69 102 114
69 103 94
69 104 89
69 105 101
69 106 99
69 107 107
69 108 92
69 109 111
69 110 108
69 111 100
69 112 112
69 113 94
69 114 107
69 115 95
69 116 113
69 117 112
69 118 110
69 119 107
69 120 108
69 121 103
69 122 96
69 123 94
69 124 91
69 125 91
69 126 114
69 127 103

70 0 102
70 1 116
70 2 101
70 3 104
70 4 112
70 5 95
70 6 91
70 7 85
70 8 87
70 9 96
70 10 93
70 11 99
70 12 85
70 13 75
70 14 87
70 15 73
70 16 85
70 17 93
70 18 94
70 19 96
70 20 90
70 21 87
70 22 97
70 23 95
70 24 90
70 25 113
70 26 107
70 27 117
70 28 105
70 29 100
70 30 113
70 31 109
70 32 109
70 33 110
70 34 110
70 35 98
70 36 99
70 37 114
70 38 103
70 39 111
70 40 94
70 41 96
70 42 111
70 43 111
70 44 115
70 45 102
70 46 112
70 47 107
70 48 116
70 49 104
70 50 106
70 51 108
70 52 97
70 53 102
70 54 97
70 55 127
70 56 125
70 57 80
70 58 72
70 59 87
70 60 90
70 61 87
70 62 100
70 63 98
70 64 98
70 65 87
70 66 93
70 67 109
70 68 114
70 69 109
70 70 111
70 71 105
70 72 112
70 73 110
70 74 93
70 75 102
70 76 109
70 77 106
70 78 104
70 79 118
70 80 99
70 81 123
70 82 107
70 83 102
70 84 106
70 85 111
70 86 98
70 87 112
70 88 104
70 89 101
70 90 115
70 91 121
70 92 107
70 93 110
70 94 116
70 95 105
70 96 117
70 97 113
70 98 99
70 99 119
70 100 118
70 101 102
70 102 98
70 103 95
70 104 88
70 105 89
70 106 91
70 107 95
70 108 93
70 109 105
70 110 101
70 111 98
70 112 95
70 113 100
70 114 97
70 115 121
70 116 93
70 117 126
70 118 114
70 119 130
70 120 109
70 121 89
70 122 92
70 123 94
70 124 111
70 125 90
70 126 108
70 127 105

71 0 104
71 1 107
71 2 101
71 3 113
71 4 113
71 5 105
71 6 94
71 7 98
71 8 92
71 9 92
71 10 94
71 11 92
71 12 78
71 13 89
71 14 88
71 15 87
71 16 88
71 17 110
71 18 101
71 19 105
71 20 105
71 21 113
71 22 97
71 23 113
71 24 104
71 25 115
71 26 110
71 27 106
71 28 105
71 29 103
71 30 101
71 31 96
71 32 97
71 33 118
71 34 106
71 35 116
71 36 114
71 37 103
71 38 88
71 39 113
71 40 103
71 41 121
71 42 106
71 43 98
71 44 116
71 45 107
71 46 133
71 47 94
71 48 121
71 49 100
71 50 111
71 51 109
71 52 116
71 53 95
71 54 103
71 55 109
71 56 115
71 57 77
71 58 85
71 59 92
71 60 76
71 61 100
71 62 77
71 63 109
71 64 97
71 65 99
71 66 95
71 67 107
71 68 120
71 69 117
71 70 119
71 71 98
71 72 97
71 73 111
71 74 122
71 75 111
71 76 104
71 77 110
71 78 103
71 79 118
71 80 110
71 81 109
71 82 101
71 83 97
71 84 112
71 85 101
71 86 113
71 87 102
71 88 106
71 89 106
71 90 102
71 91 94
71 92 100
71 93 92
71 94 101
71 95 91
71 96 105
71 97 96
71 98 85
71 99 88
71 100 84
71 101 96
71 102 84
71 103 102
71 104 86
71 105 82
71 106 83
71 107 90
71 108 100
71 109 91
71 110 81
71 111 84
71 112 99
71 113 96
71 114 81
71 115 91
71 116 90
71 117 98
71 118 99
71 119 106
71 120 103
71 121 88
71 122 88
71 123 94
71 124 107
71 125 100
71 126 108
71 127 105

72 0 109
72 1 100
72 2 113
72 3 110
72 4 106
72 5 97
72 6 112
72 7 100
72 8 90
72 9 98
72 10 82
72 11 89
72 12 93
72 13 97
72 14 93
72 15 73
72 16 96
72 17 114
72 18 106
72 19 102
72 20 108
72 21 101
72 22 109
72 23 112
72 24 104
72 25 130
72 26 115
72 27 108
72 28 112
72 29 115
72 30 101
72 31 111
72 32 114
72 33 109
72 34 117
72 35 107
72 36 100
72 37 90
72 38 93
72 39 103
72 40 105
72 41 119
72 42 124
72 43 127
72 44 102
72 45 109
72 46 104
72 47 117
72 48 94
72 49 104
72 50 105
72 51 107
72 52 117
72 53 113
72 54 116
72 55 129
72 56 133
72 57 91
72 58 88
72 59 84
72 60 92
72 61 83
72 62 81
72 63 101
72 64 107
72 65 96
72 66 89
72 67 112
72 68 109
72 69 109
72 70 110
72 71 110
72 72 98
72 73 102
72 74 119
72 75 107
72 76 95
72 77 115
72 78 113
72 79 92
72 80 114
72 81 111
72 82 113
72 83 102
72 84 105
72 85 99
72 86 117
72 87 89
72 88 105
72 89 112
72 90 104
72 91 107
72 92 104
72 93 93
72 94 91
72 95 101
72 96 100
72 97 85
72 98 88
72 99 87
72 100 86
72 101 89
72 102 86
72 103 79
72 104 76
72 105 84
72 106 75
72 107 81
72 108 77
72 109 84
72 110 80
72 111 89
72 112 80
72 113 84
72 114 87
72 115 89
72 116 84
72 117 104
72 118 98
72 119 75
72 120 98
72 121 91
72 122 90
72 123 95
72 124 106
72 125 111
72 126 117
72 127 109

73 0 100
73 1 107
73 2 124
73 3 120
73 4 114
73 5 88
73 6 102
73 7 92
73 8 87
73 9 91
73 10 90
73 11 95
73 12 87
73 13 98
73 14 81
73 15 88
73 16 96
73 17 111
73 18 116
73 19 112
73 20 102
73 21 119
73 22 118
73 23 113
73 24 124
73 25 106
73 26 107
73 27 108
73 28 111
73 29 102
73 30 99
73 31 93
73 32 102
73 33 111
73 34 117
73 35 115
73 36 97
73 37 111
73 38 105
73 39 98
73 40 105
73 41 121
73 42 109
73 43 118
73 44 115
73 45 106
73 46 108
73 47 110
73 48 103
73 49 105
73 50 119
73 51 104
73 52 122
73 53 111
73 54 100
73 55 114
73 56 110
73 57 84
73 58 83
73 59 104
73 60 87
73 61 101
73 62 95
73 63 76
73 64 98
73 65 96
73 66 100
73 67 116
73 68 127
73 69 115
73 70 109
73 71 99
73 72 108
73 73 97
73 74 104
73 75 125
73 76 113
73 77 127
73 78 112
73 79 101
73 80 106
73 81 109
73 82 118
73 83 116
73 84 100
73 85 103
73 86 111
73 87 106
73 88 105
73 89 95
73 90 104
73 91 110
73 92 107
73 93 104
73 94 104
73 95 93
73 96 84
73 97 101
73 98 91
73 99 97
73 100 93
73 101 88
73 102 81
73 103 93
73 104 89
73 105 84
73 106 111
73 107 116
73 108 118
73 109 101
73 110 108
73 111 90
73 112 88
73 113 85
73 114 79
73 115 85
73 116 102
73 117 111
73 118 105
73 119 102
73 120 97
73 121 82
73 122 98
73 123 96
73 124 114
73 125 91
73 126 115
73 127 115

74 0 114
74 1 110
74 2 109
74 3 95
74 4 106
74 5 111
74 6 104
74 7 96
74 8 80
74 9 92
74 10 87
74 11 95
74 12 85
74 13 88
74 14 82
74 15 101
74 16 89
74 17 114
74 18 114
74 19 114
74 20 115
74 21 111
74 22 105
74 23 114
74 24 117
74 25 111
74 26 114
74 27 98
74 28 99
74 29 99
74 30 89
74 31 90
74 32 95
74 33 98
74 34 117
74 35 103
74 36 111
74 37 115
74 38 101
74 39 99
74 40 87
74 41 106
74 42 112
74 43 112
74 44 108
74 45 105
74 46 96
74 47 93
74 48 115
74 49 111
74 50 104
74 51 117
74 52 108
74 53 116
74 54 97
74 55 105
74 56 99
74 57 95
74 58 88
74 59 88
74 60 96
74 61 104
74 62 89
74 63 104
74 64 95
74 65 95
74 66 102
74 67 99
74 68 102
74 69 111
74 70 92
74 71 99
74 72 113
74 73 94
74 74 107
74 75 114
74 76 115
74 77 110
74 78 106
74 79 125
74 80 106
74 81 97
74 82 109
74 83 111
74 84 108
74 85 102
74 86 124
74 87 99
74 88 113
74 89 89
74 90 100
74 91 103
74 92 89
74 93 105
74 94 103
74 95 100
74 96 91
74 97 84
74 98 99
74 99 103
74 100 85
74 101 55
74 102 79
74 103 99
74 104 99
74 105 114
74 106 123
74 107 108
74 108 110
74 109 103
74 110 106
74 111 109
74 112 84
74 113 90
74 114 96
74 115 87
74 116 101
74 117 115
74 118 108
74 119 100
74 120 83
74 121 96
74 122 90
74 123 121
74 124 94
74 125 104
74 126 99
74 127 119

75 0 93
75 1 105
75 2 113
75 3 116
75 4 97
75 5 99
75 6 110
75 7 102
75 8 93
75 9 95
75 10 92
75 11 84
75 12 107
75 13 87
75 14 100
75 15 82
75 16 107
75 17 107
75 18 115
75 19 111
75 20 100
75 21 106
75 22 108
75 23 113
75 24 120
75 25 117
75 26 101
75 27 109
75 28 117
75 29 113
75 30 99
75 31 95
75 32 110
75 33 113
75 34 121
75 35 109
75 36 103
75 37 109
75 38 108
75 39 119
75 40 104
75 41 104
75 42 120
75 43 113
75 44 98
75 45 117
75 46 117
75 47 108
75 48 104
75 49 109
75 50 103
75 51 120
75 52 118
75 53 108
75 54 99
75 55 85
75 56 75
75 57 86
75 58 91
75 59 93
75 60 75
75 61 101
75 62 95
75 63 95
75 64 91
75 65 94
75 66 90
75 67 89
75 68 105
75 69 97
75 70 101
75 71 91
75 72 98
75 73 101
75 74 109
75 75 104
75 76 102
75 77 108
75 78 101
75 79 105
75 80 117
75 81 116
75 82 108
75 83 115
75 84 89
75 85 101
75 86 108
75 87 111
75 88 111
75 89 119
75 90 113
75 91 112
75 92 111
75 93 97
75 94 111
75 95 96
75 96 87
75 97 101
75 98 113
75 99 105
75 100 101
75 101 63
75 102 73
75 103 113
75 104 118
75 105 107
75 106 105
75 107 119
75 108 115
75 109 87
75 110 109
75 111 104
75 112 97
75 113 91
75 114 88
75 115 95
75 116 97
75 117 95
75 118 99
75 119 90
75 120 93
75 121 94
75 122 94
75 123 106
75 124 110
75 125 111
75 126 108
75 127 117

76 0 111
76 1 109
76 2 106
76 3 108
76 4 100
76 5 111
76 6 116
76 7 100
76 8 107
76 9 106
76 10 99
76 11 99
76 12 96
76 13 107
76 14 93
76 15 111
76 16 86
76 17 107
76 18 101
76 19 105
76 20 102
76 21 111
76 22 112
76 23 123
76 24 107
76 25 114
76 26 102
76 27 116
76 28 111
76 29 118
76 30 95
76 31 104
76 32 109
76 33 118
76 34 109
76 35 106
76 36 108
76 37 100
76 38 105
76 39 111
76 40 109
76 41 106
76 42 103
76 43 123
76 44 110
76 45 96
76 46 119
76 47 114
76 48 118
76 49 91
76 50 108
76 51 107
76 52 109
76 53 107
76 54 98
76 55 97
76 56 100
76 57 83
76 58 80
76 59 75
76 60 97
76 61 90
76 62 84
76 63 95
76 64 94
76 65 104
76 66 101
76 67 98
76 68 79
76 69 84
76 70 84
76 71 97
76 72 115
76 73 112
76 74 108
76 75 106
76 76 121
76 77 109
76 78 112
76 79 106
76 80 108
76 81 110
76 82 111
76 83 109
76 84 123
76 85 113
76 86 102
76 87 101
76 88 100
76 89 109
76 90 104
76 91 96
76 92 118
76 93 107
76 94 102
76 95 86
76 96 97
76 97 109
76 98 108
76 99 110
76 100 119
76 101 91
76 102 89
76 103 110
76 104 101
76 105 106
76 106 103
76 107 96
76 108 120
76 109 99
76 110 103
76 111 88
76 112 102
76 113 111
76 114 97
76 115 102
76 116 108
76 117 101
76 118 103
76 119 94
76 120 116
76 121 104
76 122 93
76 123 103
76 124 105
76 125 103
76 126 123
76 127 116

77 0 115
77 1 107
77 2 102
77 3 106
77 4 108
77 5 120
77 6 109
77 7 100
77 8 111
77 9 113
77 10 115
77 11 98
77 12 99
77 13 94
77 14 99
77 15 93
77 16 98
77 17 110
77 18 98
77 19 97
77 20 109
77 21 103
77 22 109
77 23 121
77 24 100
77 25 116
77 26 116
77 27 99
77 28 113
77 29 118
77 30 95
77 31 103
77 32 97
77 33 100
77 34 117
77 35 109
77 36 111
77 37 104
77 38 111
77 39 107
77 40 124
77 41 103
77 42 115
77 43 105
77 44 121
77 45 118
77 46 115
77 47 110
77 48 121
77 49 108
77 50 110
77 51 96
77 52 105
77 53 96
77 54 94
77 55 97
77 56 99
77 57 99
77 58 104
77 59 102
77 60 108
77 61 109
77 62 116
77 63 106
77 64 106
77 65 109
77 66 106
77 67 116
77 68 120
77 69 101
77 70 113
77 71 108
77 72 79
77 73 111
77 74 105
77 75 122
77 76 124
77 77 98
77 78 112
77 79 105
77 80 116
77 81 111
77 82 110
77 83 113
77 84 102
77 85 113
77 86 104
77 87 117
77 88 119
77 89 119
77 90 100
77 91 94
77 92 108
77 93 101
77 94 130
77 95 104
77 96 90
77 97 106
77 98 125
77 99 110
77 100 128
77 101 94
77 102 76
77 103 99
77 104 92
77 105 118
77 106 127
77 107 111
77 108 103
77 109 99
77 110 85
77 111 102
77 112 110
77 113 111
77 114 115
77 115 110
77 116 111
77 117 107
77 118 113
77 119 120
77 120 110
77 121 123
77 122 104
77 123 97
77 124 99
77 125 100
77 126 106
77 127 115

78 0 118
78 1 102
78 2 92
78 3 104
78 4 108
78 5 96
78 6 114
78 7 102
78 8 109
78 9 116
78 10 105
78 11 113
78 12 106
78 13 105
78 14 109
78 15 100
78 16 88
78 17 105
78 18 103
78 19 107
78 20 102
78 21 108
78 22 113
78 23 110
78 24 98
78 25 116
78 26 124
78 27 120
78 28 111
78 29 103
78 30 97
78 31 106
78 32 97
78 33 117
78 34 127
78 35 109
78 36 100
78 37 106
78 38 120
78 39 113
78 40 102
78 41 96
78 42 117
78 43 106
78 44 103
78 45 113
78 46 103
78 47 113
78 48 105
78 49 117
78 50 93
78 51 117
78 52 105
78 53 85
78 54 95
78 55 96
78 56 100
78 57 76
78 58 108
78 59 102
78 60 102
78 61 120
78 62 112
78 63 112
78 64 105
78 65 121
78 66 109
78 67 114
78 68 101
78 69 100
78 70 107
78 71 101
78 72 101
78 73 107
78 74 121
78 75 103
78 76 113
78 77 108
78 78 108
78 79 105
78 80 107
78 81 111
78 82 119
78 83 108
78 84 122
78 85 103
78 86 115
78 87 109
78 88 118
78 89 102
78 90 123
78 91 128
78 92 118
78 93 113
78 94 133
78 95 88
78 96 82
78 97 97
78 98 106
78 99 123
78 100 113
78 101 82
78 102 77
78 103 96
78 104 109
78 105 111
78 106 115
78 107 94
78 108 106
78 109 100
78 110 110
78 111 103
78 112 115
78 113 116
78 114 118
78 115 117
78 116 121
78 117 124
78 118 100
78 119 120
78 120 117
78 121 98
78 122 123
78 123 93
78 124 110
78 125 103
78 126 107
78 127 102

79 0 122
79 1 110
79 2 115
79 3 105
79 4 103
79 5 104
79 6 102
79 7 110
79 8 119
79 9 101
79 10 89
79 11 111
79 12 99
79 13 98
79 14 99
79 15 88
79 16 87
79 17 100
79 18 122
79 19 115
79 20 110
79 21 112
79 22 109
79 23 116
79 24 109
79 25 116
79 26 113
79 27 115
79 28 102
79 29 117
79 30 95
79 31 95
79 32 109
79 33 99
79 34 90
79 35 113
79 36 113
79 37 114
79 38 98
79 39 103
79 40 92
79 41 109
79 42 99
79 43 122
79 44 112
79 45 98
79 46 100
79 47 99
79 48 99
79 49 100
79 50 106
79 51 102
79 52 117
79 53 102
79 54 119
79 55 103
79 56 114
79 57 95
79 58 108
79 59 117
79 60 104
79 61 106
79 62 110
79 63 114
79 64 98
79 65 117
79 66 103
79 67 105
79 68 96
79 69 113
79 70 106
79 71 107
79 72 121
79 73 104
79 74 104
79 75 108
79 76 93
79 77 97
79 78 127
79 79 100
79 80 105
79 81 104
79 82 111
79 83 112
79 84 119
79 85 103
79 86 115
79 87 123
79 88 118
79 89 96
79 90 102
79 91 112
79 92 108
79 93 106
79 94 100
79 95 85
79 96 84
79 97 120
79 98 116
79 99 106
79 100 113
79 101 77
79 102 76
79 103 98
79 104 104
79 105 101
79 106 104
79 107 97
79 108 103
79 109 102
79 110 114
79 111 111
79 112 111
79 113 111
79 114 100
79 115 104
79 116 119
79 117 109
79 118 104
79 119 110
79 120 121
79 121 106
79 122 109
79 123 104
79 124 92
79 125 103
79 126 104
79 127 97

80 0 101
80 1 103
80 2 97
80 3 105
80 4 110
80 5 108
80 6 115
80 7 109
80 8 115
80 9 113
80 10 112
80 11 113
80 12 110
80 13 106
80 14 102
80 15 106
80 16 103
80 17 96
80 18 107
80 19 106
80 20 102
80 21 90
80 22 104
80 23 92
80 24 103
80 25 107
80 26 115
80 27 113
80 28 91
80 29 113
80 30 139
80 31 109
80 32 118
80 33 102
80 34 100
80 35 112
80 36 120
80 37 95
80 38 123
80 39 98
80 40 106
80 41 102
80 42 106
80 43 126
80 44 107
80 45 106
80 46 113
80 47 102
80 48 103
80 49 118
80 50 105
80 51 107
80 52 92
80 53 114
80 54 101
80 55 104
80 56 110
80 57 100
80 58 96
80 59 111
80 60 112
80 61 126
80 62 114
80 63 121
80 64 115
80 65 86
80 66 101
80 67 101
80 68 119
80 69 116
80 70 107
80 71 118
80 72 124
80 73 95
80 74 103
80 75 100
80 76 92
80 77 108
80 78 111
80 79 97
80 80 96
80 81 109
80 82 99
80 83 98
80 84 103
80 85 115
80 86 111
80 87 103
80 88 106
80 89 97
80 90 109
80 91 97
80 92 99
80 93 104
80 94 103
80 95 97
80 96 90
80 97 120
80 98 119
80 99 111
80 100 111
80 101 89
80 102 80
80 103 107
80 104 99
80 105 106
80 106 108
80 107 119
80 108 109
80 109 123
80 110 106
80 111 108
80 112 118
80 113 105
80 114 116
80 115 107
80 116 114
80 117 111
80 118 112
80 119 95
80 120 106
80 121 111
80 122 114
80 123 122
80 124 117
80 125 114
80 126 99
80 127 108

81 0 110
81 1 102
81 2 114
81 3 117
81 4 96
81 5 119
81 6 122
81 7 115
81 8 101
81 9 104
81 10 94
81 11 113
81 12 106
81 13 113
81 14 105
81 15 111
81 16 99
81 17 88
81 18 110
81 19 110
81 20 107
81 21 93
81 22 107
81 23 114
81 24 117
81 25 104
81 26 120
81 27 103
81 28 117
81 29 105
81 30 97
81 31 108
81 32 111
81 33 105
81 34 90
81 35 94
81 36 117
81 37 106
81 38 107
81 39 113
81 40 116
81 41 117
81 42 111
81 43 124
81 44 111
81 45 120
81 46 114
81 47 88
81 48 109
81 49 124
81 50 103
81 51 101
81 52 102
81 53 108
81 54 117
81 55 115
81 56 99
81 57 107
81 58 117
81 59 103
81 60 112
81 61 117
81 62 108
81 63 104
81 64 98
81 65 110
81 66 91
81 67 86
81 68 113
81 69 106
81 70 107
81 71 115
81 72 97
81 73 106
81 74 89
81 75 115
81 76 107
81 77 97
81 78 100
81 79 113
81 80 98
81 81 109
81 82 113
81 83 106
81 84 107
81 85 117
81 86 110
81 87 114
81 88 111
81 89 97
81 90 120
81 91 118
81 92 119
81 93 112
81 94 111
81 95 88
81 96 94
81 97 78
81 98 84
81 99 91
81 100 76
81 101 78
81 102 95
81 103 94
81 104 104
81 105 106
81 106 101
81 107 114
81 108 103
81 109 101
81 110 120
81 111 104
81 112 107
81 113 111
81 114 104
81 115 100
81 116 110
81 117 110
81 118 125
81 119 108
81 120 102
81 121 101
81 122 111
81 123 125
81 124 103
81 125 117
81 126 103
81 127 111

82 0 106
82 1 106
82 2 96
82 3 118
82 4 112
82 5 108
82 6 109
82 7 107
82 8 100
82 9 93
82 10 91
82 11 110
82 12 113
82 13 118
82 14 111
82 15 100
82 16 98
82 17 98
82 18 108
82 19 107
82 20 102
82 21 90
82 22 113
82 23 94
82 24 103
82 25 125
82 26 102
82 27 125
82 28 92
82 29 116
82 30 107
82 31 108
82 32 90
82 33 102
82 34 89
82 35 98
82 36 108
82 37 102
82 38 113
82 39 106
82 40 127
82 41 120
82 42 92
82 43 123
82 44 103
82 45 98
82 46 93
82 47 119
82 48 119
82 49 122
82 50 118
82 51 108
82 52 102
82 53 83
82 54 106
82 55 114
82 56 99
82 57 104
82 58 118
82 59 111
82 60 107
82 61 115
82 62 113
82 63 87
82 64 123
82 65 104
82 66 129
82 67 119
82 68 122
82 69 130
82 70 129
82 71 103
82 72 87
82 73 98
82 74 114
82 75 107
82 76 97
82 77 105
82 78 87
82 79 86
82 80 95
82 81 97
82 82 91
82 83 95
82 84 101
82 85 91
82 86 86
82 87 92
82 88 85
82 89 95
82 90 77
82 91 84
82 92 75
82 93 88
82 94 85
82 95 86
82 96 70
82 97 63
82 98 73
82 99 73
82 100 67
82 101 74
82 102 79
82 103 102
82 104 101
82 105 106
82 106 110
82 107 106
82 108 99
82 109 109
82 110 114
82 111 104
82 112 113
82 113 101
82 114 102
82 115 95
82 116 101
82 117 109
82 118 107
82 119 94
82 120 110
82 121 119
82 122 122
82 123 97
82 124 102
82 125 107
82 126 112
82 127 105

83 0 106
83 1 102
83 2 95
83 3 92
83 4 104
83 5 115
83 6 125
83 7 91
83 8 121
83 9 113
83 10 115
83 11 122
83 12 113
83 13 108
83 14 101
83 15 102
83 16 107
83 17 102
83 18 101
83 19 101
83 20 103
83 21 105
83 22 94
83 23 124
83 24 100
83 25 114
83 26 110
83 27 115
83 28 101
83 29 108
83 30 94
83 31 104
83 32 97
83 33 89
83 34 107
83 35 117
83 36 108
83 37 109
83 38 89
83 39 115
83 40 96
83 41 115
83 42 112
83 43 116
83 44 108
83 45 108
83 46 95
83 47 111
83 48 116
83 49 105
83 50 110
83 51 99
83 52 79
83 53 101
83 54 104
83 55 105
83 56 107
83 57 125
83 58 105
83 59 118
83 60 125
83 61 103
83 62 119
83 63 115
83 64 105
83 65 113
83 66 112
83 67 121
83 68 118
83 69 87
83 70 123
83 71 120
83 72 96
83 73 98
83 74 101
83 75 91
83 76 102
83 77 87
83 78 92
83 79 99
83 80 97
83 81 84
83 82 76
83 83 86
83 84 82
83 85 96
83 86 86
83 87 88
83 88 80
83 89 81
83 90 77
83 91 84
83 92 80
83 93 75
83 94 79
83 95 86
83 96 83
83 97 80
83 98 73
83 99 83
83 100 93
83 101 97
83 102 84
83 103 80
83 104 103
83 105 99
83 106 104
83 107 125
83 108 108
83 109 119
83 110 98
83 111 118
83 112 106
83 113 121
83 114 100
83 115 106
83 116 115
83 117 111
83 118 111
83 119 111
83 120 107
83 121 112
83 122 99
83 123 102
83 124 99
83 125 116
83 126 95
83 127 90

84 0 102
84 1 111
84 2 97
84 3 100
84 4 96
84 5 116
84 6 116
84 7 106
84 8 125
84 9 104
84 10 99
84 11 110
84 12 111
84 13 91
84 14 109
84 15 100
84 16 87
84 17 100
84 18 107
84 19 104
84 20 88
84 21 90
84 22 71
84 23 111
84 24 109
84 25 105
84 26 102
84 27 99
84 28 104
84 29 105
84 30 133
84 31 117
84 32 98
84 33 93
84 34 103
84 35 118
84 36 105
84 37 109
84 38 109
84 39 97
84 40 95
84 41 103
84 42 103
84 43 97
84 44 107
84 45 96
84 46 101
84 47 109
84 48 99
84 49 104
84 50 94
84 51 99
84 52 109
84 53 100
84 54 99
84 55 114
84 56 117
84 57 106
84 58 107
84 59 98
84 60 121
84 61 109
84 62 121
84 63 107
84 64 98
84 65 106
84 66 97
84 67 121
84 68 109
84 69 116
84 70 106
84 71 109
84 72 98
84 73 115
84 74 100
84 75 104
84 76 101
84 77 111
84 78 102
84 79 104
84 80 87
84 81 84
84 82 96
84 83 90
84 84 96
84 85 81
84 86 102
84 87 95
84 88 79
84 89 84
84 90 78
84 91 87
84 92 80
84 93 69
84 94 82
84 95 79
84 96 81
84 97 83
84 98 84
84 99 74
84 100 74
84 101 99
84 102 89
84 103 95
84 104 112
84 105 118
84 106 95
84 107 119
84 108 104
84 109 128
84 110 107
84 111 92
84 112 106
84 113 107
84 114 123
84 115 110
84 116 109
84 117 113
84 118 114
84 119 108
84 120 107
84 121 117
84 122 115
84 123 104
84 124 107
84 125 103
84 126 110
84 127 92

85 0 107
85 1 98
85 2 103
85 3 96
85 4 101
85 5 113
85 6 119
85 7 105
85 8 119
85 9 118
85 10 112
85 11 110
85 12 114
85 13 109
85 14 96
85 15 105
85 16 109
85 17 100
85 18 109
85 19 101
85 20 97
85 21 79
85 22 85
85 23 99
85 24 108
85 25 127
85 26 95
85 27 117
85 28 115
85 29 105
85 30 112
85 31 99
85 32 106
85 33 98
85 34 102
85 35 107
85 36 105
85 37 114
85 38 110
85 39 107
85 40 86
85 41 116
85 42 98
85 43 93
85 44 89
85 45 89
85 46 103
85 47 102
85 48 110
85 49 97
85 50 100
85 51 90
85 52 112
85 53 98
85 54 120
85 55 109
85 56 109
85 57 103
85 58 101
85 59 115
85 60 117
85 61 118
85 62 113
85 63 97
85 64 113
85 65 111
85 66 101
85 67 111
85 68 101
85 69 100
85 70 104
85 71 107
85 72 102
85 73 113
85 74 89
85 75 120
85 76 116
85 77 102
85 78 98
85 79 79
85 80 96
85 81 93
85 82 91
85 83 89
85 84 107
85 85 121
85 86 111
85 87 98
85 88 97
85 89 100
85 90 114
85 91 122
85 92 111
85 93 108
85 94 101
85 95 102
85 96 116
85 97 107
85 98 114
85 99 101
85 100 88
85 101 101
85 102 111
85 103 90
85 104 103
85 105 109
85 106 123
85 107 108
85 108 100
85 109 102
85 110 118
85 111 119
85 112 99
85 113 111
85 114 121
85 115 97
85 116 107
85 117 120
85 118 109
85 119 96
85 120 115
85 121 118
85 122 111
85 123 106
85 124 112
85 125 110
85 126 126
85 127 114

86 0 110
86 1 112
86 2 93
86 3 102
86 4 115
86 5 120
86 6 112
86 7 98
86 8 104
86 9 104
86 10 101
86 11 94
86 12 115
86 13 90
86 14 96
86 15 79
86 16 89
86 17 91
86 18 99
86 19 99
86 20 85
86 21 90
86 22 91
86 23 102
86 24 106
86 25 109
86 26 112
86 27 102
86 28 111
86 29 101
86 30 117
86 31 103
86 32 96
86 33 112
86 34 88
86 35 99
86 36 116
86 37 110
86 38 111
86 39 113
86 40 90
86 41 101
86 42 98
86 43 84
86 44 101
86 45 105
86 46 97
86 47 118
86 48 120
86 49 111
86 50 125
86 51 129
86 52 117
86 53 116
86 54 115
86 55 104
86 56 129
86 57 109
86 58 114
86 59 109
86 60 99
86 61 108
86 62 107
86 63 121
86 64 108
86 65 110
86 66 119
86 67 110
86 68 104
86 69 117
86 70 103
86 71 108
86 72 119
86 73 115
86 74 116
86 75 106
86 76 114
86 77 104
86 78 96
86 79 100
86 80 89
86 81 118
86 82 111
86 83 91
86 84 89
86 85 113
86 86 130
86 87 100
86 88 107
86 89 101
86 90 117
86 91 127
86 92 122
86 93 119
86 94 92
86 95 92
86 96 117
86 97 98
86 98 109
86 99 117
86 100 101
86 101 110
86 102 99
86 103 85
86 104 98
86 105 106
86 106 106
86 107 110
86 108 108
86 109 110
86 110 100
86 111 120
86 112 100
86 113 110
86 114 114
86 115 105
86 116 98
86 117 122
86 118 111
86 119 108
86 120 106
86 121 106
86 122 110
86 123 109
86 124 93
86 125 116
86 126 123
86 127 116

87 0 93
87 1 125
87 2 117
87 3 109
87 4 107
87 5 125
87 6 113
87 7 119
87 8 95
87 9 94
87 10 101
87 11 100
87 12 96
87 13 99
87 14 94
87 15 97
87 16 95
87 17 85
87 18 95
87 19 95
87 20 98
87 21 85
87 22 88
87 23 97
87 24 93
87 25 87
87 26 110
87 27 97
87 28 95
87 29 116
87 30 110
87 31 100
87 32 106
87 33 103
87 34 102
87 35 96
87 36 96
87 37 92
87 38 112
87 39 92
87 40 108
87 41 94
87 42 99
87 43 93
87 44 92
87 45 102
87 46 107
87 47 113
87 48 109
87 49 120
87 50 104
87 51 112
87 52 125
87 53 91
87 54 120
87 55 110
87 56 116
87 57 96
87 58 114
87 59 117
87 60 116
87 61 104
87 62 116
87 63 114
87 64 108
87 65 108
87 66 99
87 67 87
87 68 111
87 69 92
87 70 111
87 71 98
87 72 114
87 73 116
87 74 112
87 75 109
87 76 105
87 77 113
87 78 116
87 79 102
87 80 113
87 81 101
87 82 109
87 83 98
87 84 104
87 85 96
87 86 115
87 87 114
87 88 109
87 89 97
87 90 103
87 91 89
87 92 106
87 93 111
87 94 123
87 95 100
87 96 103
87 97 114
87 98 129
87 99 107
87 100 109
87 101 115
87 102 122
87 103 95
87 104 99
87 105 105
87 106 98
87 107 101
87 108 124
87 109 128
87 110 97
87 111 123
87 112 117
87 113 113
87 114 108
87 115 107
87 116 113
87 117 122
87 118 105
87 119 116
87 120 104
87 121 131
87 122 100
87 123 108
87 124 102
87 125 100
87 126 104
87 127 98

88 0 126
88 1 108
88 2 108
88 3 117
88 4 113
88 5 111
88 6 120
88 7 124
88 8 92
88 9 102
88 10 115
88 11 101
88 12 96
88 13 99
88 14 105
88 15 106
88 16 106
88 17 130
88 18 101
88 19 95
88 20 107
88 21 94
88 22 95
88 23 88
88 24 94
88 25 127
88 26 103
88 27 107
88 28 106
88 29 112
88 30 109
88 31 110
88 32 96
88 33 113
88 34 115
88 35 100
88 36 97
88 37 101
88 38 99
88 39 106
88 40 114
88 41 109
88 42 102
88 43 106
88 44 88
88 45 102
88 46 100
88 47 114
88 48 112
88 49 105
88 50 101
88 51 106
88 52 109
88 53 92
88 54 90
88 55 118
88 56 108
88 57 109
88 58 104
88 59 106
88 60 95
88 61 102
88 62 109
88 63 104
88 64 103
88 65 106
88 66 111
88 67 109
88 68 106
88 69 91
88 70 93
88 71 115
88 72 120
88 73 111
88 74 117
88 75 121
88 76 107
88 77 113
88 78 109
88 79 118
88 80 105
88 81 98
88 82 97
88 83 105
88 84 110
88 85 110
88 86 119
88 87 121
88 88 99
88 89 105
88 90 101
88 91 120
88 92 113
88 93 94
88 94 88
88 95 88
88 96 104
88 97 108
88 98 117
88 99 126
88 100 100
88 101 96
88 102 111
88 103 99
88 104 93
88 105 120
88 106 104
88 107 103
88 108 116
88 109 109
88 110 107
88 111 112
88 112 120
88 113 117
88 114 99
88 115 117
88 116 89
88 117 113
88 118 109
88 119 102
88 120 112
88 121 122
88 122 118
88 123 106
88 124 119
88 125 112
88 126 113
88 127 116

89 0 109
89 1 110
89 2 114
89 3 126
89 4 115
89 5 103
89 6 99
89 7 111
89 8 112
89 9 106
89 10 106
89 11 84
89 12 103
89 13 104
89 14 110
89 15 97
89 16 103
89 17 122
89 18 100
89 19 105
89 20 102
89 21 109
89 22 105
89 23 118
89 24 101
89 25 107
89 26 98
89 27 100
89 28 115
89 29 122
89 30 104
89 31 100
89 32 107
89 33 98
89 34 112
89 35 114
89 36 96
89 37 108
89 38 120
89 39 89
89 40 109
89 41 110
89 42 106
89 43 95
89 44 120
89 45 105
89 46 109
89 47 99
89 48 106
89 49 106
89 50 91
89 51 118
89 52 102
89 53 86
89 54 116
89 55 114
89 56 93
89 57 99
89 58 105
89 59 99
89 60 112
89 61 109
89 62 95
89 63 107
89 64 108
89 65 111
89 66 106
89 67 112
89 68 101
89 69 118
89 70 113
89 71 116
89 72 118
89 73 100
89 74 113
89 75 117
89 76 115
89 77 96
89 78 112
89 79 115
89 80 114
89 81 104
89 82 106
89 83 124
89 84 103
89 85 124
89 86 101
89 87 116
89 88 116
89 89 104
89 90 116
89 91 127
89 92 114
89 93 113
89 94 109
89 95 110
89 96 118
89 97 107
89 98 107
89 99 109
89 100 100
89 101 96
89 102 109
89 103 113
89 104 88
89 105 111
89 106 108
89 107 110
89 108 102
89 109 117
89 110 109
89 111 110
89 112 103
89 113 117
89 114 113
89 115 117
89 116 114
89 117 110
89 118 103
89 119 113
89 120 105
89 121 108
89 122 109
89 123 112
89 124 110
89 125 103
89 126 103
89 127 121

90 0 116
90 1 102
90 2 113
90 3 115
90 4 113
90 5 100
90 6 102
90 7 96
90 8 90
90 9 80
90 10 103
90 11 109
90 12 101
90 13 95
90 14 118
90 15 105
90 16 94
90 17 121
90 18 99
90 19 111
90 20 112
90 21 105
90 22 104
90 23 105
90 24 107
90 25 102
90 26 107
90 27 86
90 28 103
90 29 96
90 30 106
90 31 111
90 32 107
90 33 119
90 34 107
90 35 101
90 36 98
90 37 121
90 38 121
90 39 115
90 40 104
90 41 102
90 42 109
90 43 106
90 44 94
90 45 101
90 46 109
90 47 109
90 48 96
90 49 92
90 50 114
90 51 96
90 52 93
90 53 97
90 54 106
90 55 123
90 56 108
90 57 103
90 58 120
90 59 99
90 60 108
90 61 86
90 62 114
90 63 114
90 64 100
90 65 119
90 66 115
90 67 115
90 68 109
90 69 120
90 70 110
90 71 96
90 72 102
90 73 109
90 74 117
90 75 113
90 76 95
90 77 123
90 78 105
90 79 94
90 80 107
90 81 115
90 82 105
90 83 105
90 84 98
90 85 115
90 86 119
90 87 115
90 88 99
90 89 102
90 90 118
90 91 109
90 92 102
90 93 104
90 94 105
90 95 106
90 96 109
90 97 112
90 98 117
90 99 105
90 100 98
90 101 97
90 102 110
90 103 126
90 104 108
90 105 105
90 106 110
90 107 127
90 108 102
90 109 104
90 110 110
90 111 95
90 112 92
90 113 106
90 114 115
90 115 99
90 116 121
90 117 110
90 118 115
90 119 96
90 120 106
90 121 121
90 122 116
90 123 101
90 124 119
90 125 97
90 126 103
90 127 96

91 0 110
91 1 103
91 2 119
91 3 99
91 4 110
91 5 115
91 6 113
91 7 108
91 8 101
91 9 96
91 10 100
91 11 98
91 12 106
91 13 109
91 14 108
91 15 82
91 16 109
91 17 113
91 18 117
91 19 103
91 20 111
91 21 100
91 22 102
91 23 102
91 24 120
91 25 110
91 26 108
91 27 108
91 28 89
91 29 110
91 30 123
91 31 112
91 32 113
91 33 118
91 34 116
91 35 115
91 36 94
91 37 104
91 38 98
91 39 111
91 40 105
91 41 80
91 42 92
91 43 108
91 44 113
91 45 117
91 46 93
91 47 109
91 48 106
91 49 89
91 50 109
91 51 82
91 52 119
91 53 106
91 54 92
91 55 107
91 56 108
91 57 113
91 58 116
91 59 107
91 60 115
91 61 109
91 62 110
91 63 119
91 64 108
91 65 114
91 66 108
91 67 108
91 68 110
91 69 125
91 70 127
91 71 116
91 72 91
91 73 106
91 74 101
91 75 112
91 76 105
91 77 114
91 78 123
91 79 107
91 80 104
91 81 126
91 82 103
91 83 117
91 84 118
91 85 92
91 86 121
91 87 100
91 88 105
91 89 101
91 90 105
91 91 106
91 92 113
91 93 107
91 94 100
91 95 104
91 96 102
91 97 106
91 98 84
91 99 117
91 100 110
91 101 85
91 102 92
91 103 117
91 104 121
91 105 106
91 106 100
91 107 91
91 108 109
91 109 111
91 110 90
91 111 95
91 112 90
91 113 113
91 114 105
91 115 100
91 116 112
91 117 110
91 118 116
91 119 101
91 120 110
91 121 107
91 122 109
91 123 111
91 124 101
91 125 122
91 126 85
91 127 101

92 0 99
92 1 114
92 2 100
92 3 118
92 4 118
92 5 93
92 6 110
92 7 105
92 8 109
92 9 94
92 10 88
92 11 93
92 12 111
92 13 115
92 14 107
92 15 102
92 16 108
92 17 100
92 18 120
92 19 97
92 20 111
92 21 109
92 22 108
92 23 106
92 24 111
92 25 109
92 26 109
92 27 109
92 28 112
92 29 114
92 30 114
92 31 122
92 32 114
92 33 123
92 34 112
92 35 106
92 36 103
92 37 90
92 38 105
92 39 96
92 40 104
92 41 105
92 42 111
92 43 92
92 44 117
92 45 105
92 46 112
92 47 97
92 48 90
92 49 101
92 50 98
92 51 106
92 52 101
92 53 97
92 54 102
92 55 117
92 56 88
92 57 117
92 58 105
92 59 109
92 60 107
92 61 103
92 62 120
92 63 102
92 64 100
92 65 121
92 66 110
92 67 106
92 68 103
92 69 99
92 70 113
92 71 111
92 72 103
92 73 116
92 74 111
92 75 113
92 76 106
92 77 125
92 78 110
92 79 102
92 80 121
92 81 113
92 82 114
92 83 104
92 84 103
92 85 98
92 86 107
92 87 108
92 88 99
92 89 113
92 90 112
92 91 105
92 92 124
92 93 108
92 94 121
92 95 111
92 96 114
92 97 113
92 98 117
92 99 112
92 100 116
92 101 101
92 102 101
92 103 99
92 104 104
92 105 115
92 106 103
92 107 99
92 108 103
92 109 112
92 110 112
92 111 107
92 112 115
92 113 125
92 114 94
92 115 102
92 116 106
92 117 106
92 118 98
92 119 108
92 120 113
92 121 101
92 122 107
92 123 110
92 124 105
92 125 112
92 126 107
92 127 111

93 0 103
93 1 104
93 2 108
93 3 102
93 4 117
93 5 108
93 6 123
93 7 89
93 8 109
93 9 98
93 10 91
93 11 111
93 12 105
93 13 105
93 14 90
93 15 95
93 16 95
93 17 106
93 18 99
93 19 119
93 20 112
93 21 117
93 22 98
93 23 106
93 24 112
93 25 114
93 26 101
93 27 118
93 28 104
93 29 105
93 30 125
93 31 94
93 32 98
93 33 114
93 34 92
93 35 108
93 36 113
93 37 117
93 38 86
93 39 122
93 40 104
93 41 101
93 42 111
93 43 90
93 44 110
93 45 116
93 46 109
93 47 102
93 48 108
93 49 122
93 50 112
93 51 106
93 52 101
93 53 100
93 54 110
93 55 115
93 56 119
93 57 119
93 58 80
93 59 113
93 60 119
93 61 91
93 62 108
93 63 112
93 64 113
93 65 110
93 66 104
93 67 107
93 68 93
93 69 116
93 70 109
93 71 110
93 72 117
93 73 109
93 74 125
93 75 106
93 76 120
93 77 116
93 78 120
93 79 89
93 80 106
93 81 112
93 82 102
93 83 95
93 84 107
93 85 103
93 86 112
93 87 105
93 88 111
93 89 114
93 90 111
93 91 111
93 92 113
93 93 103
93 94 103
93 95 113
93 96 115
93 97 107
93 98 113
93 99 109
93 100 107
93 101 110
93 102 94
93 103 109
93 104 119
93 105 114
93 106 101
93 107 111
93 108 116
93 109 106
93 110 87
93 111 105
93 112 104
93 113 110
93 114 99
93 115 96
93 116 111
93 117 108
93 118 113
93 119 114
93 120 119
93 121 113
93 122 112
93 123 100
93 124 113
93 125 111
93 126 93
93 127 98

94 0 111
94 1 102
94 2 104
94 3 117
94 4 112
94 5 98
94 6 109
94 7 100
94 8 92
94 9 106
94 10 100
94 11 102
94 12 99
94 13 112
94 14 91
94 15 105
94 16 98
94 17 116
94 18 123
94 19 105
94 20 113
94 21 107
94 22 101
94 23 84
94 24 106
94 25 87
94 26 108
94 27 113
94 28 99
94 29 116
94 30 118
94 31 113
94 32 115
94 33 111
94 34 101
94 35 112
94 36 106
94 37 111
94 38 105
94 39 113
94 40 118
94 41 100
94 42 100
94 43 113
94 44 97
94 45 105
94 46 112
94 47 116
94 48 121
94 49 116
94 50 117
94 51 105
94 52 98
94 53 93
94 54 94
94 55 121
94 56 123
94 57 111
94 58 96
94 59 101
94 60 118
94 61 113
94 62 112
94 63 108
94 64 115
94 65 104
94 66 112
94 67 107
94 68 106
94 69 123
94 70 102
94 71 90
94 72 101
94 73 110
94 74 99
94 75 114
94 76 111
94 77 121
94 78 99
94 79 115
94 80 97
94 81 102
94 82 110
94 83 122
94 84 115
94 85 100
94 86 112
94 87 98
94 88 101
94 89 107
94 90 106
94 91 116
94 92 103
94 93 119
94 94 109
94 95 102
94 96 109
94 97 114
94 98 107
94 99 105
94 100 102
94 101 99
94 102 105
94 103 111
94 104 108
94 105 98
94 106 89
94 107 106
94 108 114
94 109 91
94 110 107
94 111 88
94 112 89
94 113 116
94 114 113
94 115 95
94 116 102
94 117 101
94 118 115
94 119 109
94 120 105
94 121 102
94 122 114
94 123 96
94 124 108
94 125 110
94 126 101
94 127 107

95 0 99
95 1 107
95 2 107
95 3 105
95 4 98
95 5 93
95 6 99
95 7 75
95 8 101
95 9 105
95 10 101
95 11 112
95 12 109
95 13 107
95 14 100
95 15 122
95 16 105
95 17 112
95 18 128
95 19 114
95 20 117
95 21 119
95 22 101
95 23 97
95 24 106
95 25 99
95 26 96
95 27 97
95 28 104
95 29 100
95 30 117
95 31 110
95 32 113
95 33 116
95 34 132
95 35 99
95 36 114
95 37 112
95 38 98
95 39 100
95 40 107
95 41 93
95 42 95
95 43 119
95 44 108
95 45 100
95 46 97
95 47 106
95 48 107
95 49 115
95 50 127
95 51 90
95 52 100
95 53 88
95 54 121
95 55 112
95 56 107
95 57 95
95 58 110
95 59 95
95 60 114
95 61 110
95 62 121
95 63 109
95 64 112
95 65 110
95 66 108
95 67 111
95 68 108
95 69 104
95 70 123
95 71 87
95 72 118
95 73 114
95 74 115
95 75 104
95 76 95
95 77 111
95 78 121
95 79 109
95 80 116
95 81 112
95 82 112
95 83 109
95 84 101
95 85 112
95 86 113
95 87 101
95 88 99
95 89 98
95 90 109
95 91 103
95 92 119
95 93 97
95 94 104
95 95 100
95 96 109
95 97 100
95 98 97
95 99 118
95 100 113
95 101 99
95 102 121
95 103 104
95 104 87
95 105 118
95 106 110
95 107 109
95 108 119
95 109 113
95 110 124
95 111 102
95 112 98
95 113 104
95 114 107
95 115 118
95 116 100
95 117 104
95 118 104
95 119 105
95 120 96
95 121 118
95 122 113
95 123 111
95 124 102
95 125 94
95 126 115
95 127 95

96 0 103
96 1 115
96 2 104
96 3 96
96 4 97
96 5 83
96 6 99
96 7 112
96 8 112
96 9 108
96 10 102
96 11 91
96 12 111
96 13 117
96 14 106
96 15 103
96 16 111
96 17 118
96 18 92
96 19 108
96 20 112
96 21 105
96 22 90
96 23 95
96 24 119
96 25 101
96 26 100
96 27 111
96 28 111
96 29 124
96 30 112
96 31 118
96 32 109
96 33 109
96 34 120
96 35 119
96 36 91
96 37 93
96 38 110
96 39 111
96 40 114
96 41 103
96 42 106
96 43 126
96 44 122
96 45 99
96 46 105
96 47 119
96 48 114
96 49 102
96 50 107
96 51 99
96 52 82
96 53 103
96 54 113
96 55 107
96 56 113
96 57 114
96 58 107
96 59 129
96 60 115
96 61 126
96 62 107
96 63 86
96 64 112
96 65 111
96 66 119
96 67 123
96 68 126
96 69 106
96 70 128
96 71 109
96 72 95
96 73 103
96 74 113
96 75 110
96 76 109
96 77 98
96 78 100
96 79 116
96 80 101
96 81 117
96 82 124
96 83 117
96 84 96
96 85 115
96 86 109
96 87 113
96 88 116
96 89 125
96 90 109
96 91 108
96 92 125
96 93 106
96 94 111
96 95 118
96 96 117
96 97 124
96 98 117
96 99 102
96 100 110
96 101 106
96 102 125
96 103 100
96 104 92
96 105 101
96 106 95
96 107 97
96 108 103
96 109 125
96 110 117
96 111 104
96 112 99
96 113 98
96 114 99
96 115 114
96 116 114
96 117 104
96 118 120
96 119 107
96 120 90
96 121 111
96 122 98
96 123 106
96 124 94
96 125 94
96 126 104
96 127 109

97 0 91
97 1 109
97 2 91
97 3 93
97 4 84
97 5 89
97 6 90
97 7 101
97 8 105
97 9 106
97 10 104
97 11 107
97 12 105
97 13 114
97 14 107
97 15 113
97 16 105
97 17 120
97 18 115
97 19 107
97 20 100
97 21 119
97 22 105
97 23 102
97 24 110
97 25 104
97 26 101
97 27 103
97 28 96
97 29 105
97 30 115
97 31 111
97 32 109
97 33 114
97 34 104
97 35 115
97 36 101
97 37 127
97 38 107
97 39 120
97 40 114
97 41 112
97 42 109
97 43 111
97 44 105
97 45 116
97 46 118
97 47 107
97 48 123
97 49 118
97 50 118
97 51 109
97 52 100
97 53 106
97 54 107
97 55 102
97 56 117
97 57 91
97 58 104
97 59 110
97 60 112
97 61 106
97 62 102
97 63 101
97 64 126
97 65 105
97 66 93
97 67 106
97 68 117
97 69 115
97 70 101
97 71 105
97 72 100
97 73 110
97 74 112
97 75 112
97 76 107
97 77 90
97 78 117
97 79 102
97 80 112
97 81 110
97 82 119
97 83 110
97 84 112
97 85 105
97 86 94
97 87 108
97 88 121
97 89 118
97 90 107
97 91 110
97 92 116
97 93 126
97 94 119
97 95 116
97 96 117
97 97 114
97 98 115
97 99 109
97 100 101
97 101 117
97 102 109
97 103 111
97 104 107
97 105 99
97 106 84
97 107 110
97 108 107
97 109 114
97 110 115
97 111 96
97 112 91
97 113 106
97 114 91
97 115 127
97 116 112
97 117 118
97 118 118
97 119 98
97 120 114
97 121 91
97 122 117
97 123 100
97 124 124
97 125 94
97 126 95
97 127 99

98 0 94
98 1 93
98 2 97
98 3 87
98 4 94
98 5 93
98 6 92
98 7 111
98 8 97
98 9 107
98 10 99
98 11 106
98 12 112
98 13 115
98 14 114
98 15 106
98 16 100
98 17 107
98 18 105
98 19 111
98 20 108
98 21 114
98 22 104
98 23 103
98 24 89
98 25 119
98 26 124
98 27 108
98 28 111
98 29 109
98 30 100
98 31 108
98 32 89
98 33 120
98 34 111
98 35 102
98 36 102
98 37 118
98 38 110
98 39 112
98 40 111
98 41 85
98 42 110
98 43 121
98 44 119
98 45 118
98 46 112
98 47 106
98 48 103
98 49 109
98 50 108
98 51 106
98 52 118
98 53 100
98 54 107
98 55 103
98 56 110
98 57 97
98 58 110
98 59 102
98 60 116
98 61 101
98 62 114
98 63 97
98 64 118
98 65 118
98 66 119
98 67 108
98 68 117
98 69 111
98 70 109
98 71 108
98 72 108
98 73 118
98 74 97
98 75 114
98 76 114
98 77 114
98 78 125
98 79 95
98 80 118
98 81 100
98 82 109
98 83 108
98 84 106
98 85 115
98 86 120
98 87 107
98 88 110
98 89 105
98 90 120
98 91 119
98 92 108
98 93 113
98 94 112
98 95 104
98 96 106
98 97 117
98 98 107
98 99 107
98 100 95
98 101 100
98 102 110
98 103 99
98 104 115
98 105 94
98 106 110
98 107 108
98 108 111
98 109 104
98 110 89
98 111 129
98 112 98
98 113 91
98 114 108
98 115 95
98 116 92
98 117 112
98 118 112
98 119 102
98 120 126
98 121 121
98 122 117
98 123 116
98 124 109
98 125 104
98 126 97
98 127 98

99 0 106
99 1 98
99 2 116
99 3 97
99 4 95
99 5 97
99 6 94
99 7 105
99 8 112
99 9 93
99 10 112
99 11 123
99 12 101
99 13 101
99 14 114
99 15 101
99 16 79
99 17 111
99 18 111
99 19 116
99 20 94
99 21 120
99 22 99
99 23 101
99 24 108
99 25 118
99 26 110
99 27 120
99 28 108
99 29 107
99 30 106
99 31 101
99 32 111
99 33 109
99 34 115
99 35 109
99 36 104
99 37 111
99 38 109
99 39 113
99 40 104
99 41 97
99 42 103
99 43 110
99 44 111
99 45 110
99 46 112
99 47 91
99 48 94
99 49 109
99 50 103
99 51 98
99 52 116
99 53 99
99 54 114
99 55 96
99 56 116
99 57 107
99 58 107
99 59 112
99 60 116
99 61 99
99 62 113
99 63 106
99 64 117
99 65 104
99 66 128
99 67 121
99 68 101
99 69 110
99 70 105
99 71 104
99 72 109
99 73 120
99 74 101
99 75 89
99 76 107
99 77 107
99 78 124
99 79 100
99 80 116
99 81 96
99 82 94
99 83 97
99 84 107
99 85 115
99 86 123
99 87 111
99 88 109
99 89 79
99 90 112
99 91 102
99 92 99
99 93 117
99 94 117
99 95 113
99 96 109
99 97 104
99 98 81
99 99 103
99 100 117
99 101 105
99 102 108
99 103 112
99 104 112
99 105 115
99 106 112
99 107 106
99 108 103
99 109 78
99 110 112
99 111 119
99 112 97
99 113 109
99 114 105
99 115 90
99 116 95
99 117 118
99 118 99
99 119 105
99 120 111
99 121 104
99 122 111
99 123 100
99 124 115
99 125 109
99 126 95
99 127 103

100 0 91
100 1 81
100 2 94
100 3 98
100 4 96
100 5 91
100 6 114
100 7 101
100 8 102
100 9 110
100 10 90
100 11 108
100 12 115
100 13 109
100 14 117
100 15 115
100 16 102
100 17 109
100 18 115
100 19 115
100 20 101
100 21 103
100 22 88
100 23 90
100 24 110
100 25 109
100 26 111
100 27 105
100 28 108
100 29 108
100 30 124
100 31 96
100 32 108
100 33 108
100 34 107
100 35 124
100 36 100
100 37 118
100 38 116
100 39 106
100 40 118
100 41 119
100 42 114
100 43 98
100 44 112
100 45 107
100 46 106
100 47 112
100 48 101
100 49 118
100 50 107
100 51 109
100 52 105
100 53 105
100 54 98
100 55 102
100 56 115
100 57 112
100 58 110
100 59 98
100 60 111
100 61 131
100 62 101
100 63 112
100 64 104
100 65 108
100 66 105
100 67 95
100 68 117
100 69 117
100 70 102
100 71 90
100 72 102
100 73 112
100 74 96
100 75 113
100 76 108
100 77 110
100 78 107
100 79 118
100 80 108
100 81 106
100 82 108
100 83 88
100 84 103
100 85 117
100 86 111
100 87 109
100 88 124
100 89 123
100 90 107
100 91 111
100 92 112
100 93 110
100 94 127
100 95 112
100 96 107
100 97 116
100 98 99
100 99 111
100 100 100
100 101 100
100 102 114
100 103 121
100 104 111
100 105 117
100 106 110
100 107 110
100 108 89
100 109 101
100 110 118
100 111 101
100 112 115
100 113 120
100 114 110
100 115 85
100 116 102
100 117 85
100 118 110
100 119 120
100 120 111
100 121 112
100 122 118
100 123 105
100 124 117
100 125 108
100 126 101
100 127 106

101 0 99
101 1 101
101 2 94
101 3 80
101 4 94
101 5 93
101 6 98
101 7 101
101 8 120
101 9 117
101 10 114
101 11 101
101 12 114
101 13 120
101 14 103
101 15 132
101 16 112
101 17 111
101 18 101
101 19 88
101 20 107
101 21 99
101 22 83
101 23 84
101 24 106
101 25 100
101 26 97
101 27 110
101 28 101
101 29 100
101 30 98
101 31 118
101 32 107
101 33 89
101 34 129
101 35 114
101 36 125
101 37 123
101 38 116
101 39 122
101 40 129
101 41 117
101 42 105
101 43 95
101 44 109
101 45 116
101 46 103
101 47 89
101 48 118
101 49 101
101 50 121
101 51 123
101 52 100
101 53 100
101 54 92
101 55 90
101 56 104
101 57 99
101 58 92
101 59 102
101 60 100
101 61 91
101 62 107
101 63 91
101 64 103
101 65 115
101 66 118
101 67 115
101 68 101
101 69 118
101 70 102
101 71 107
101 72 106
101 73 95
101 74 111
101 75 106
101 76 117
101 77 101
101 78 114
101 79 119
101 80 104
101 81 114
101 82 110
101 83 105
101 84 94
101 85 104
101 86 108
101 87 113
101 88 101
101 89 118
101 90 108
101 91 103
101 92 91
101 93 105
101 94 114
101 95 117
101 96 98
101 97 114
101 98 110
101 99 109
101 100 104
101 101 112
101 102 110
101 103 127
101 104 108
101 105 98
101 106 103
101 107 102
101 108 115
101 109 94
101 110 107
101 111 101
101 112 102
101 113 113
101 114 100
101 115 105
101 116 103
101 117 110
101 118 99
101 119 118
101 120 101
101 121 97
101 122 110
101 123 112
101 124 106
101 125 111
101 126 115
101 127 104

102 0 85
102 1 96
102 2 111
102 3 106
102 4 100
102 5 93
102 6 80
102 7 93
102 8 113
102 9 120
102 10 108
102 11 112
102 12 100
102 13 109
102 14 113
102 15 113
102 16 96
102 17 123
102 18 104
102 19 114
102 20 94
102 21 84
102 22 95
102 23 108
102 24 106
102 25 97
102 26 103
102 27 107
102 28 111
102 29 104
102 30 103
102 31 120
102 32 110
102 33 110
102 34 124
102 35 133
102 36 107
102 37 100
102 38 107
102 39 113
102 40 101
102 41 114
102 42 114
102 43 112
102 44 114
102 45 99
102 46 99
102 47 110
102 48 102
102 49 118
102 50 120
102 51 114
102 52 107
102 53 114
102 54 110
102 55 95
102 56 114
102 57 106
102 58 100
102 59 101
102 60 91
102 61 108
102 62 100
102 63 116
102 64 93
102 65 93
102 66 89
102 67 122
102 68 110
102 69 115
102 70 104
102 71 102
102 72 90
102 73 102
102 74 109
102 75 105
102 76 114
102 77 102
102 78 116
102 79 119
102 80 93
102 81 98
102 82 113
102 83 104
102 84 102
102 85 103
102 86 101
102 87 90
102 88 88
102 89 96
102 90 92
102 91 106
102 92 83
102 93 90
102 94 89
102 95 95
102 96 92
102 97 103
102 98 101
102 99 97
102 100 103
102 101 97
102 102 109
102 103 116
102 104 109
102 105 115
102 106 104
102 107 117
102 108 110
102 109 111
102 110 106
102 111 114
102 112 121
102 113 115
102 114 110
102 115 120
102 116 105
102 117 104
102 118 95
102 119 107
102 120 110
102 121 109
102 122 99
102 123 89
102 124 108
102 125 97
102 126 110
102 127 105

103 0 115
103 1 108
103 2 98
103 3 111
103 4 121
103 5 120
103 6 99
103 7 95
103 8 108
103 9 111
103 10 109
103 11 106
103 12 99
103 13 102
103 14 114
103 15 88
103 16 104
103 17 109
103 18 111
103 19 116
103 20 97
103 21 95
103 22 97
103 23 100
103 24 100
103 25 92
103 26 95
103 27 101
103 28 99
103 29 120
103 30 121
103 31 104
103 32 120
103 33 113
103 34 103
103 35 92
103 36 97
103 37 101
103 38 103
103 39 96
103 40 108
103 41 99
103 42 113
103 43 130
103 44 112
103 45 99
103 46 91
103 47 109
103 48 109
103 49 120
103 50 110
103 51 110
103 52 117
103 53 117
103 54 107
103 55 89
103 56 104
103 57 106
103 58 105
103 59 95
103 60 107
103 61 107
103 62 91
103 63 94
103 64 89
103 65 110
103 66 114
103 67 111
103 68 106
103 69 102
103 70 108
103 71 92
103 72 107
103 73 107
103 74 120
103 75 101
103 76 107
103 77 101
103 78 114
103 79 116
103 80 101
103 81 105
103 82 93
103 83 108
103 84 105
103 85 102
103 86 107
103 87 96
103 88 96
103 89 95
103 90 75
103 91 89
103 92 78
103 93 104
103 94 109
103 95 111
103 96 87
103 97 106
103 98 98
103 99 102
103 100 99
103 101 97
103 102 122
103 103 132
103 104 103
103 105 102
103 106 106
103 107 127
103 108 106
103 109 105
103 110 114
103 111 98
103 112 111
103 113 106
103 114 112
103 115 128
103 116 114
103 117 81
103 118 114
103 119 105
103 120 89
103 121 105
103 122 96
103 123 106
103 124 104
103 125 97
103 126 106
103 127 121

104 0 101
104 1 110
104 2 114
104 3 120
104 4 98
104 5 113
104 6 93
104 7 100
104 8 105
104 9 108
104 10 102
104 11 105
104 12 96
104 13 112
104 14 117
104 15 116
104 16 118
104 17 112
104 18 120
104 19 106
104 20 116
104 21 94
104 22 111
104 23 108
104 24 118
104 25 118
104 26 105
104 27 105
104 28 98
104 29 116
104 30 116
104 31 124
104 32 93
104 33 99
104 34 103
104 35 128
104 36 108
104 37 100
104 38 111
104 39 95
104 40 93
104 41 93
104 42 92
104 43 103
104 44 105
104 45 85
104 46 116
104 47 116
104 48 108
104 49 119
104 50 105
104 51 111
104 52 90
104 53 118
104 54 115
104 55 108
104 56 109
104 57 93
104 58 98
104 59 87
104 60 86
104 61 94
104 62 98
104 63 98
104 64 93
104 65 87
104 66 111
104 67 104
104 68 120
104 69 104
104 70 109
104 71 103
104 72 107
104 73 111
104 74 106
104 75 102
104 76 111
104 77 103
104 78 104
104 79 107
104 80 118
104 81 111
104 82 101
104 83 97
104 84 103
104 85 91
104 86 98
104 87 104
104 88 102
104 89 109
104 90 99
104 91 103
104 92 105
104 93 100
104 94 118
104 95 107
104 96 109
104 97 93
104 98 112
104 99 92
104 100 104
104 101 110
104 102 108
104 103 106
104 104 97
104 105 90
104 106 117
104 107 107
104 108 101
104 109 104
104 110 110
104 111 126
104 112 107
104 113 117
104 114 111
104 115 119
104 116 113
104 117 116
104 118 102
104 119 99
104 120 90
104 121 104
104 122 108
104 123 97
104 124 97
104 125 112
104 126 126
104 127 102

105 0 101
105 1 110
105 2 129
105 3 105
105 4 104
105 5 108
105 6 104
105 7 84
105 8 91
105 9 96
105 10 108
105 11 90
105 12 92
105 13 99
105 14 90
105 15 109
105 16 110
105 17 97
105 18 111
105 19 105
105 20 103
105 21 78
105 22 111
105 23 116
105 24 109
105 25 94
105 26 108
105 27 107
105 28 101
105 29 117
105 30 118
105 31 108
105 32 119
105 33 113
105 34 110
105 35 113
105 36 94
105 37 97
105 38 103
105 39 102
105 40 105
105 41 70
105 42 99
105 43 94
105 44 96
105 45 102
105 46 105
105 47 95
105 48 102
105 49 96
105 50 106
105 51 104
105 52 92
105 53 111
105 54 116
105 55 99
105 56 109
105 57 105
105 58 103
105 59 99
105 60 101
105 61 90
105 62 99
105 63 97
105 64 86
105 65 104
105 66 102
105 67 92
105 68 101
105 69 104
105 70 91
105 71 89
105 72 96
105 73 102
105 74 109
105 75 105
105 76 103
105 77 90
105 78 93
105 79 107
105 80 120
105 81 124
105 82 99
105 83 103
105 84 88
105 85 104
105 86 91
105 87 101
105 88 120
105 89 103
105 90 116
105 91 105
105 92 116
105 93 114
105 94 116
105 95 111
105 96 105
105 97 101
105 98 111
105 99 103
105 100 102
105 101 96
105 102 108
105 103 97
105 104 84
105 105 100
105 106 108
105 107 115
105 108 124
105 109 102
105 110 105
105 111 109
105 112 115
105 113 116
105 114 100
105 115 116
105 116 92
105 117 106
105 118 94
105 119 83
105 120 83
105 121 99
105 122 101
105 123 107
105 124 107
105 125 111
105 126 105
105 127 108

106 0 106
106 1 115
106 2 99
106 3 116
106 4 111
106 5 106
106 6 102
106 7 78
106 8 94
106 9 105
106 10 83
106 11 99
106 12 90
106 13 93
106 14 106
106 15 94
106 16 95
106 17 95
106 18 103
106 19 112
106 20 119
106 21 87
106 22 113
106 23 103
106 24 102
106 25 114
106 26 102
106 27 90
106 28 107
106 29 102
106 30 118
106 31 105
106 32 110
106 33 100
106 34 118
106 35 108
106 36 94
106 37 92
106 38 102
106 39 106
106 40 98
106 41 100
106 42 108
106 43 96
106 44 80
106 45 87
106 46 85
106 47 92
106 48 92
106 49 115
106 50 96
106 51 71
106 52 99
106 53 95
106 54 92
106 55 98
106 56 111
106 57 99
106 58 111
106 59 109
106 60 117
106 61 110
106 62 110
106 63 96
106 64 86
106 65 99
106 66 99
106 67 94
106 68 107
106 69 100
106 70 103
106 71 109
106 72 104
106 73 98
106 74 109
106 75 101
106 76 102
106 77 105
106 78 103
106 79 100
106 80 100
106 81 112
106 82 104
106 83 97
106 84 109
106 85 106
106 86 112
106 87 105
106 88 98
106 89 114
106 90 104
106 91 102
106 92 120
106 93 93
106 94 129
106 95 118
106 96 105
106 97 113
106 98 120
106 99 111
106 100 100
106 101 97
106 102 97
106 103 122
106 104 104
106 105 100
106 106 101
106 107 105
106 108 110
106 109 90
106 110 112
106 111 118
106 112 101
106 113 114
106 114 108
106 115 100
106 116 100
106 117 84
106 118 108
106 119 91
106 120 82
106 121 104
106 122 99
106 123 101
106 124 92
106 125 101
106 126 106
106 127 102

107 0 102
107 1 118
107 2 116
107 3 105
107 4 100
107 5 101
107 6 109
107 7 74
107 8 105
107 9 98
107 10 88
107 11 99
107 12 90
107 13 90
107 14 95
107 15 97
107 16 98
107 17 97
107 18 90
107 19 89
107 20 115
107 21 118
107 22 121
107 23 107
107 24 100
107 25 110
107 26 101
107 27 86
107 28 104
107 29 113
107 30 105
107 31 107
107 32 105
107 33 114
107 34 118
107 35 113
107 36 103
107 37 105
107 38 114
107 39 91
107 40 90
107 41 109
107 42 103
107 43 87
107 44 99
107 45 97
107 46 88
107 47 97
107 48 84
107 49 102
107 50 113
107 51 105
107 52 110
107 53 99
107 54 117
107 55 107
107 56 92
107 57 115
107 58 97
107 59 104
107 60 114
107 61 106
107 62 113
107 63 86
107 64 86
107 65 109
107 66 105
107 67 97
107 68 100
107 69 90
107 70 103
107 71 91
107 72 99
107 73 101
107 74 105
107 75 107
107 76 110
107 77 95
107 78 125
107 79 104
107 80 116
107 81 110
107 82 97
107 83 103
107 84 119
107 85 119
107 86 108
107 87 109
107 88 109
107 89 118
107 90 93
107 91 114
107 92 111
107 93 105
107 94 86
107 95 111
107 96 114
107 97 103
107 98 121
107 99 106
107 100 115
107 101 111
107 102 83
107 103 93
107 104 119
107 105 106
107 106 102
107 107 112
107 108 105
107 109 113
107 110 120
107 111 123
107 112 116
107 113 109
107 114 112
107 115 101
107 116 122
107 117 112
107 118 98
107 119 106
107 120 107
107 121 103
107 122 94
107 123 99
107 124 92
107 125 112
107 126 94
107 127 113

108 0 96
108 1 102
108 2 109
108 3 108
108 4 106
108 5 112
108 6 113
108 7 103
108 8 90
108 9 91
108 10 77
108 11 101
108 12 95
108 13 100
108 14 87
108 15 95
108 16 112
108 17 102
108 18 97
108 19 105
108 20 107
108 21 103
108 22 114
108 23 95
108 24 114
108 25 108
108 26 95
108 27 98
108 28 101
108 29 99
108 30 101
108 31 112
108 32 117
108 33 114
108 34 112
108 35 111
108 36 105
108 37 96
108 38 101
108 39 91
108 40 102
108 41 110
108 42 102
108 43 119
108 44 110
108 45 110
108 46 91
108 47 97
108 48 96
108 49 96
108 50 92
108 51 108
108 52 112
108 53 96
108 54 114
108 55 106
108 56 109
108 57 127
108 58 122
108 59 95
108 60 105
108 61 103
108 62 108
108 63 100
108 64 94
108 65 88
108 66 89
108 67 105
108 68 104
108 69 90
108 70 100
108 71 104
108 72 102
108 73 111
108 74 107
108 75 108
108 76 117
108 77 122
108 78 118
108 79 96
108 80 106
108 81 117
108 82 115
108 83 110
108 84 121
108 85 108
108 86 112
108 87 125
108 88 102
108 89 108
108 90 125
108 91 107
108 92 108
108 93 117
108 94 107
108 95 117
108 96 112
108 97 93
108 98 96
108 99 114
108 100 120
108 101 97
108 102 100
108 103 120
108 104 110
108 105 112
108 106 103
108 107 102
108 108 111
108 109 115
108 110 105
108 111 102
108 112 120
108 113 108
108 114 94
108 115 95
108 116 89
108 117 93
108 118 104
108 119 92
108 120 108
108 121 85
108 122 77
108 123 97
108 124 96
108 125 90
108 126 86
108 127 105

109 0 94
109 1 93
109 2 93
109 3 113
109 4 111
109 5 102
109 6 106
109 7 101
109 8 106
109 9 98
109 10 87
109 11 78
109 12 104
109 13 106
109 14 91
109 15 88
109 16 85
109 17 117
109 18 113
109 19 111
109 20 86
109 21 109
109 22 109
109 23 113
109 24 100
109 25 98
109 26 95
109 27 88
109 28 98
109 29 97
109 30 111
109 31 97
109 32 101
109 33 97
109 34 115
109 35 125
109 36 99
109 37 115
109 38 96
109 39 97
109 40 117
109 41 113
109 42 110
109 43 108
109 44 123
109 45 106
109 46 103
109 47 96
109 48 112
109 49 96
109 50 97
109 51 102
109 52 114
109 53 106
109 54 87
109 55 99
109 56 106
109 57 115
109 58 98
109 59 123
109 60 108
109 61 108
109 62 94
109 63 92
109 64 92
109 65 104
109 66 105
109 67 98
109 68 101
109 69 74
109 70 91
109 71 105
109 72 125
109 73 104
109 74 100
109 75 108
109 76 104
109 77 108
109 78 119
109 79 114
109 80 106
109 81 101
109 82 103
109 83 113
109 84 111
109 85 114
109 86 112
109 87 106
109 88 100
109 89 111
109 90 110
109 91 91
109 92 112
109 93 115
109 94 98
109 95 113
109 96 90
109 97 107
109 98 118
109 99 113
109 100 111
109 101 109
109 102 102
109 103 120
109 104 110
109 105 101
109 106 104
109 107 116
109 108 105
109 109 105
109 110 99
109 111 123
109 112 105
109 113 106
109 114 100
109 115 98
109 116 103
109 117 101
109 118 98
109 119 113
109 120 116
109 121 98
109 122 101
109 123 98
109 124 98
109 125 105
109 126 95
109 127 78

110 0 90
110 1 103
110 2 92
110 3 111
110 4 122
110 5 108
110 6 111
110 7 105
110 8 109
110 9 100
110 10 99
110 11 113
110 12 103
110 13 119
110 14 110
110 15 99
110 16 115
110 17 96
110 18 108
110 19 100
110 20 109
110 21 110
110 22 106
110 23 124
110 24 94
110 25 91
110 26 97
110 27 85
110 28 108
110 29 96
110 30 111
110 31 109
110 32 112
110 33 112
110 34 108
110 35 121
110 36 102
110 37 109
110 38 111
110 39 112
110 40 106
110 41 103
110 42 121
110 43 98
110 44 97
110 45 102
110 46 87
110 47 95
110 48 117
110 49 109
110 50 95
110 51 87
110 52 121
110 53 95
110 54 107
110 55 108
110 56 92
110 57 99
110 58 114
110 59 107
110 60 108
110 61 119
110 62 120
110 63 109
110 64 99
110 65 84
110 66 85
110 67 85
110 68 89
110 69 96
110 70 103
110 71 110
110 72 98
110 73 94
110 74 97
110 75 109
110 76 96
110 77 98
110 78 113
110 79 114
110 80 96
110 81 95
110 82 121
110 83 104
110 84 101
110 85 111
110 86 95
110 87 98
110 88 115
110 89 126
110 90 108
110 91 107
110 92 100
110 93 119
110 94 109
110 95 110
110 96 115
110 97 106
110 98 113
110 99 95
110 100 115
110 101 108
110 102 107
110 103 111
110 104 112
110 105 105
110 106 121
110 107 116
110 108 111
110 109 105
110 110 87
110 111 104
110 112 103
110 113 96
110 114 99
110 115 95
110 116 120
110 117 109
110 118 93
110 119 90
110 120 107
110 121 98
110 122 107
110 123 120
110 124 103
110 125 98
110 126 91
110 127 99

111 0 107
111 1 116
111 2 105
111 3 119
111 4 113
111 5 107
111 6 103
111 7 99
111 8 98
111 9 99
111 10 95
111 11 122
111 12 112
111 13 97
111 14 102
111 15 116
111 16 114
111 17 102
111 18 94
111 19 102
111 20 116
111 21 115
111 22 108
111 23 121
111 24 106
111 25 81
111 26 77
111 27 97
111 28 103
111 29 100
111 30 104
111 31 106
111 32 109
111 33 89
111 34 99
111 35 94
111 36 105
111 37 114
111 38 92
111 39 115
111 40 109
111 41 110
111 42 126
111 43 111
111 44 103
111 45 112
111 46 117
111 47 104
111 48 115
111 49 107
111 50 89
111 51 111
111 52 119
111 53 106
111 54 102
111 55 110
111 56 93
111 57 120
111 58 106
111 59 121
111 60 112
111 61 120
111 62 108
111 63 125
111 64 106
111 65 98
111 66 84
111 67 102
111 68 86
111 69 98
111 70 92
111 71 107
111 72 81
111 73 102
111 74 96
111 75 116
111 76 114
111 77 135
111 78 100
111 79 105
111 80 112
111 81 100
111 82 125
111 83 98
111 84 113
111 85 100
111 86 109
111 87 102
111 88 116
111 89 108
111 90 117
111 91 83
111 92 114
111 93 114
111 94 93
111 95 108
111 96 122
111 97 109
111 98 116
111 99 116
111 100 117
111 101 109
111 102 109
111 103 103
111 104 115
111 105 115
111 106 110
111 107 108
111 108 108
111 109 104
111 110 81
111 111 121
111 112 106
111 113 91
111 114 89
111 115 98
111 116 96
111 117 92
111 118 79
111 119 82
111 120 88
111 121 104
111 122 98
111 123 120
111 124 117
111 125 101
111 126 115
111 127 93

112 0 115
112 1 104
112 2 120
112 3 111
112 4 108
112 5 89
112 6 123
112 7 102
112 8 118
112 9 94
112 10 93
112 11 96
112 12 104
112 13 103
112 14 117
112 15 110
112 16 107
112 17 106
112 18 105
112 19 94
112 20 121
112 21 103
112 22 110
112 23 100
112 24 94
112 25 78
112 26 101
112 27 105
112 28 91
112 29 118
112 30 109
112 31 110
112 32 92
112 33 104
112 34 100
112 35 102
112 36 108
112 37 114
112 38 120
112 39 115
112 40 99
112 41 109
112 42 116
112 43 90
112 44 112
112 45 107
112 46 114
112 47 118
112 48 121
112 49 104
112 50 102
112 51 104
112 52 103
112 53 111
112 54 106
112 55 106
112 56 120
112 57 98
112 58 110
112 59 111
112 60 102
112 61 116
112 62 121
112 63 115
112 64 111
112 65 101
112 66 110
112 67 109
112 68 94
112 69 95
112 70 91
112 71 97
112 72 113
112 73 105
112 74 115
112 75 114
112 76 100
112 77 110
112 78 110
112 79 117
112 80 76
112 81 100
112 82 103
112 83 112
112 84 94
112 85 113
112 86 95
112 87 95
112 88 115
112 89 109
112 90 119
112 91 101
112 92 117
112 93 109
112 94 108
112 95 107
112 96 111
112 97 111
112 98 102
112 99 113
112 100 119
112 101 100
112 102 105
112 103 115
112 104 108
112 105 107
112 106 86
112 107 112
112 108 119
112 109 114
112 110 122
112 111 106
112 112 102
112 113 99
112 114 80
112 115 100
112 116 99
112 117 102
112 118 99
112 119 81
112 120 85
112 121 110
112 122 110
112 123 95
112 124 106
112 125 90
112 126 114
112 127 115

113 0 97
113 1 118
113 2 107
113 3 118
113 4 101
113 5 102
113 6 109
113 7 113
113 8 106
113 9 98
113 10 102
113 11 108
113 12 109
113 13 99
113 14 117
113 15 120
113 16 116
113 17 101
113 18 103
113 19 109
113 20 111
113 21 88
113 22 101
113 23 103
113 24 104
113 25 106
113 26 115
113 27 102
113 28 114
113 29 95
113 30 108
113 31 102
113 32 101
113 33 98
113 34 120
113 35 111
113 36 105
113 37 105
113 38 86
113 39 97
113 40 92
113 41 102
113 42 110
113 43 106
113 44 95
113 45 106
113 46 97
113 47 106
113 48 116
113 49 109
113 50 95
113 51 116
113 52 91
113 53 100
113 54 104
113 55 115
113 56 112
113 57 117
113 58 98
113 59 108
113 60 121
113 61 109
113 62 124
113 63 112
113 64 112
113 65 109
113 66 107
113 67 104
113 68 100
113 69 108
113 70 109
113 71 118
113 72 107
113 73 91
113 74 106
113 75 113
113 76 118
113 77 122
113 78 125
113 79 115
113 80 113
113 81 96
113 82 107
113 83 102
113 84 99
113 85 116
113 86 109
113 87 110
113 88 102
113 89 103
113 90 110
113 91 89
113 92 105
113 93 127
113 94 119
113 95 124
113 96 108
113 97 108
113 98 113
113 99 116
113 100 113
113 101 107
113 102 105
113 103 108
113 104 107
113 105 118
113 106 126
113 107 126
113 108 113
113 109 107
113 110 107
113 111 113
113 112 107
113 113 96
113 114 87
113 115 131
113 116 106
113 117 94
113 118 94
113 119 74
113 120 87
113 121 84
113 122 102
113 123 114
113 124 110
113 125 110
113 126 98
113 127 106

114 0 102
114 1 112
114 2 106
114 3 100
114 4 110
114 5 98
114 6 75
114 7 103
114 8 101
114 9 111
114 10 107
114 11 116
114 12 111
114 13 105
114 14 117
114 15 97
114 16 102
114 17 101
114 18 100
114 19 119
114 20 114
114 21 114
114 22 95
114 23 95
114 24 111
114 25 96
114 26 113
114 27 112
114 28 119
114 29 112
114 30 110
114 31 103
114 32 104
114 33 94
114 34 116
114 35 102
114 36 123
114 37 118
114 38 107
114 39 101
114 40 98
114 41 108
114 42 112
114 43 101
114 44 99
114 45 113
114 46 114
114 47 100
114 48 84
114 49 96
114 50 115
114 51 109
114 52 122
114 53 136
114 54 126
114 55 107
114 56 103
114 57 114
114 58 102
114 59 100
114 60 111
114 61 113
114 62 128
114 63 114
114 64 105
114 65 106
114 66 89
114 67 105
114 68 107
114 69 107
114 70 115
114 71 100
114 72 105
114 73 121
114 74 103
114 75 96
114 76 119
114 77 115
114 78 99
114 79 114
114 80 108
114 81 125
114 82 114
114 83 99
114 84 106
114 85 105
114 86 94
114 87 104
114 88 115
114 89 104
114 90 112
114 91 107
114 92 104
114 93 110
114 94 119
114 95 110
114 96 116
114 97 116
114 98 97
114 99 107
114 100 113
114 101 100
114 102 109
114 103 85
114 104 114
114 105 109
114 106 110
114 107 116
114 108 114
114 109 127
114 110 111
114 111 94
114 112 94
114 113 90
114 114 87
114 115 83
114 116 103
114 117 94
114 118 89
114 119 90
114 120 99
114 121 100
114 122 91
114 123 111
114 124 107
114 125 104
114 126 97
114 127 116

115 0 118
115 1 108
115 2 117
115 3 97
115 4 112
115 5 99
115 6 107
115 7 111
115 8 115
115 9 107
115 10 107
115 11 97
115 12 90
115 13 114
115 14 112
115 15 111
115 16 110
115 17 109
115 18 108
115 19 109
115 20 107
115 21 93
115 22 111
115 23 105
115 24 106
115 25 109
115 26 98
115 27 114
115 28 110
115 29 103
115 30 116
115 31 101
115 32 99
115 33 113
115 34 117
115 35 115
115 36 111
115 37 106
115 38 112
115 39 115
115 40 111
115 41 112
115 42 109
115 43 100
115 44 117
115 45 103
115 46 98
115 47 102
115 48 105
115 49 99
115 50 116
115 51 108
115 52 118
115 53 122
115 54 106
115 55 117
115 56 106
115 57 116
115 58 114
115 59 110
115 60 103
115 61 110
115 62 99
115 63 116
115 64 109
115 65 114
115 66 96
115 67 96
115 68 117
115 69 121
115 70 114
115 71 111
115 72 101
115 73 110
115 74 118
115 75 114
115 76 113
115 77 112
115 78 96
115 79 121
115 80 119
115 81 118
115 82 99
115 83 96
115 84 99
115 85 95
115 86 114
115 87 104
115 88 97
115 89 111
115 90 101
115 91 102
115 92 102
115 93 108
115 94 89
115 95 96
115 96 111
115 97 106
115 98 104
115 99 97
115 100 104
115 101 108
115 102 97
115 103 114
115 104 119
115 105 98
115 106 110
115 107 105
115 108 112
115 109 113
115 110 99
115 111 108
115 112 86
115 113 101
115 114 98
115 115 103
115 116 70
115 117 101
115 118 87
115 119 106
115 120 102
115 121 97
115 122 109
115 123 106
115 124 95
115 125 76
115 126 101
115 127 91

116 0 115
116 1 123
116 2 118
116 3 108
116 4 98
116 5 103
116 6 120
116 7 110
116 8 107
116 9 100
116 10 101
116 11 111
116 12 102
116 13 95
116 14 114
116 15 101
116 16 110
116 17 115
116 18 104
116 19 116
116 20 114
116 21 122
116 22 116
116 23 99
116 24 124
116 25 100
116 26 123
116 27 90
116 28 116
116 29 98
116 30 96
116 31 114
116 32 109
116 33 96
116 34 105
116 35 107
116 36 109
116 37 103
116 38 104
116 39 107
116 40 115
116 41 124
116 42 88
116 43 105
116 44 114
116 45 110
116 46 104
116 47 119
116 48 113
116 49 92
116 50 106
116 51 113
116 52 127
116 53 123
116 54 117
116 55 113
116 56 118
116 57 110
116 58 115
116 59 103
116 60 102
116 61 103
116 62 98
116 63 115
116 64 118
116 65 121
116 66 92
116 67 97
116 68 114
116 69 110
116 70 131
116 71 90
116 72 100
116 73 109
116 74 109
116 75 117
116 76 110
116 77 90
116 78 113
116 79 113
116 80 88
116 81 110
116 82 114
116 83 105
116 84 125
116 85 116
116 86 108
116 87 100
116 88 111
116 89 107
116 90 103
116 91 115
116 92 109
116 93 106
116 94 98
116 95 106
116 96 115
116 97 110
116 98 106
116 99 103
116 100 111
116 101 109
116 102 123
116 103 105
116 104 112
116 105 94
116 106 96
116 107 99
116 108 87
116 109 86
116 110 106
116 111 86
116 112 85
116 113 92
116 114 88
116 115 84
116 116 80
116 117 97
116 118 99
116 119 91
116 120 94
116 121 97
116 122 105
116 123 114
116 124 88
116 125 100
116 126 95
116 127 111

117 0 111
117 1 125
117 2 97
117 3 102
117 4 91
117 5 110
117 6 94
117 7 103
117 8 115
117 9 108
117 10 103
117 11 92
117 12 98
117 13 107
117 14 97
117 15 120
117 16 92
117 17 116
117 18 122
117 19 97
117 20 112
117 21 105
117 22 102
117 23 98
117 24 94
117 25 110
117 26 96
117 27 125
117 28 115
117 29 126
117 30 115
117 31 108
117 32 120
117 33 105
117 34 126
117 35 120
117 36 105
117 37 103
117 38 93
117 39 104
117 40 99
117 41 113
117 42 116
117 43 99
117 44 128
117 45 106
117 46 102
117 47 93
117 48 98
117 49 101
117 50 103
117 51 92
117 52 123
117 53 109
117 54 107
117 55 109
117 56 102
117 57 94
117 58 90
117 59 108
117 60 108
117 61 106
117 62 114
117 63 87
117 64 101
117 65 99
117 66 120
117 67 95
117 68 96
117 69 107
117 70 105
117 71 128
117 72 109
117 73 112
117 74 107
117 75 115
117 76 108
117 77 88
117 78 116
117 79 95
117 80 91
117 81 110
117 82 95
117 83 109
117 84 122
117 85 104
117 86 116
117 87 117
117 88 101
117 89 104
117 90 111
117 91 96
117 92 125
117 93 106
117 94 97
117 95 100
117 96 110
117 97 123
117 98 114
117 99 110
117 100 103
117 101 124
117 102 105
117 103 106
117 104 108
117 105 95
117 106 105
117 107 83
117 108 94
117 109 98
117 110 98
117 111 90
117 112 82
117 113 89
117 114 96
117 115 86
117 116 108
117 117 116
117 118 118
117 119 112
117 120 110
117 121 90
117 122 107
117 123 107
117 124 82
117 125 94
117 126 95
117 127 115

118 0 90
118 1 109
118 2 100
118 3 98
118 4 112
118 5 95
118 6 109
118 7 105
118 8 112
118 9 111
118 10 112
118 11 107
118 12 104
118 13 98
118 14 113
118 15 103
118 16 112
118 17 103
118 18 115
118 19 103
118 20 106
118 21 110
118 22 85
118 23 93
118 24 103
118 25 104
118 26 96
118 27 109
118 28 88
118 29 111
118 30 111
118 31 116
118 32 107
118 33 96
118 34 115
118 35 92
118 36 115
118 37 127
118 38 112
118 39 102
118 40 110
118 41 115
118 42 97
118 43 103
118 44 101
118 45 97
118 46 113
118 47 98
118 48 97
118 49 113
118 50 108
118 51 93
118 52 126
118 53 108
118 54 108
118 55 94
118 56 109
118 57 111
118 58 94
118 59 80
118 60 105
118 61 95
118 62 110
118 63 106
118 64 92
118 65 103
118 66 110
118 67 118
118 68 102
118 69 104
118 70 111
118 71 109
118 72 119
118 73 111
118 74 128
118 75 115
118 76 108
118 77 110
118 78 110
118 79 94
118 80 100
118 81 100
118 82 93
118 83 86
118 84 101
118 85 90
118 86 102
118 87 108
118 88 99
118 89 105
118 90 105
118 91 104
118 92 99
118 93 98
118 94 106
118 95 116
118 96 105
118 97 100
118 98 108
118 99 108
118 100 104
118 101 110
118 102 108
118 103 106
118 104 105
118 105 89
118 106 89
118 107 84
118 108 87
118 109 95
118 110 77
118 111 93
118 112 93
118 113 90
118 114 97
118 115 102
118 116 95
118 117 113
118 118 112
118 119 110
118 120 111
118 121 101
118 122 109
118 123 91
118 124 91
118 125 105
118 126 93
118 127 89

119 0 101
119 1 99
119 2 118
119 3 117
119 4 104
119 5 103
119 6 115
119 7 117
119 8 115
119 9 107
119 10 117
119 11 91
119 12 108
119 13 119
119 14 115
119 15 110
119 16 90
119 17 114
119 18 110
119 19 112
119 20 106
119 21 105
119 22 108
119 23 106
119 24 90
119 25 97
119 26 117
119 27 96
119 28 106
119 29 114
119 30 96
119 31 104
119 32 94
119 33 106
119 34 98
119 35 118
119 36 107
119 37 122
119 38 103
119 39 117
119 40 114
119 41 110
119 42 104
119 43 85
119 44 96
119 45 109
119 46 104
119 47 86
119 48 107
119 49 104
119 50 103
119 51 107
119 52 119
119 53 114
119 54 117
119 55 111
119 56 113
119 57 85
119 58 96
119 59 101
119 60 98
119 61 103
119 62 98
119 63 108
119 64 108
119 65 116
119 66 115
119 67 104
119 68 102
119 69 125
119 70 103
119 71 108
119 72 104
119 73 85
119 74 127
119 75 102
119 76 102
119 77 110
119 78 127
119 79 109
119 80 102
119 81 109
119 82 99
119 83 100
119 84 101
119 85 85
119 86 89
119 87 99
119 88 85
119 89 119
119 90 110
119 91 119
119 92 119
119 93 115
119 94 125
119 95 118
119 96 103
119 97 118
119 98 92
119 99 122
119 100 103
119 101 104
119 102 102
119 103 113
119 104 100
119 105 90
119 106 103
119 107 94
119 108 69
119 109 89
119 110 91
119 111 88
119 112 90
119 113 78
119 114 102
119 115 112
119 116 111
119 117 88
119 118 117
119 119 111
119 120 100
119 121 98
119 122 86
119 123 88
119 124 99
119 125 89
119 126 111
119 127 99

120 0 115
120 1 115
120 2 102
120 3 109
120 4 105
120 5 91
120 6 114
120 7 101
120 8 110
120 9 109
120 10 104
120 11 99
120 12 111
120 13 102
120 14 118
120 15 114
120 16 110
120 17 106
120 18 123
120 19 108
120 20 99
120 21 98
120 22 102
120 23 94
120 24 103
120 25 98
120 26 106
120 27 104
120 28 102
120 29 102
120 30 105
120 31 95
120 32 99
120 33 107
120 34 122
120 35 111
120 36 123
120 37 107
120 38 94
120 39 104
120 40 107
120 41 115
120 42 96
120 43 95
120 44 125
120 45 105
120 46 110
120 47 108
120 48 97
120 49 99
120 50 96
120 51 107
120 52 109
120 53 108
120 54 108
120 55 103
120 56 101
120 57 111
120 58 95
120 59 106
120 60 106
120 61 100
120 62 98
120 63 96
120 64 114
120 65 92
120 66 115
120 67 112
120 68 117
120 69 105
120 70 111
120 71 114
120 72 107
120 73 112
120 74 114
120 75 119
120 76 104
120 77 116
120 78 93
120 79 96
120 80 99
120 81 111
120 82 96
120 83 98
120 84 95
120 85 89
120 86 105
120 87 91
120 88 95
120 89 88
120 90 124
120 91 114
120 92 112
120 93 106
120 94 113
120 95 98
120 96 116
120 97 110
120 98 113
120 99 113
120 100 114
120 101 96
120 102 85
120 103 103
120 104 108
120 105 106
120 106 98
120 107 88
120 108 81
120 109 99
120 110 94
120 111 77
120 112 85
120 113 94
120 114 79
120 115 110
120 116 119
120 117 108
120 118 121
120 119 116
120 120 104
120 121 94
120 122 95
120 123 103
120 124 106
120 125 83
120 126 102
120 127 107

121 0 105
121 1 114
121 2 121
121 3 120
121 4 101
121 5 104
121 6 107
121 7 108
121 8 105
121 9 101
121 10 100
121 11 89
121 12 113
121 13 109
121 14 116
121 15 113
121 16 114
121 17 108
121 18 123
121 19 93
121 20 96
121 21 112
121 22 111
121 23 109
121 24 115
121 25 109
121 26 117
121 27 93
121 28 84
121 29 96
121 30 94
121 31 98
121 32 82
121 33 82
121 34 96
121 35 97
121 36 96
121 37 107
121 38 95
121 39 111
121 40 114
121 41 106
121 42 112
121 43 114
121 44 110
121 45 102
121 46 108
121 47 120
121 48 121
121 49 106
121 50 114
121 51 100
121 52 112
121 53 109
121 54 94
121 55 94
121 56 108
121 57 103
121 58 97
121 59 112
121 60 113
121 61 95
121 62 80
121 63 107
121 64 100
121 65 95
121 66 99
121 67 117
121 68 110
121 69 95
121 70 91
121 71 110
121 72 105
121 73 104
121 74 118
121 75 120
121 76 116
121 77 115
121 78 111
121 79 109
121 80 95
121 81 114
121 82 90
121 83 102
121 84 102
121 85 98
121 86 83
121 87 79
121 88 82
121 89 98
121 90 94
121 91 116
121 92 113
121 93 103
121 94 111
121 95 108
121 96 124
121 97 106
121 98 109
121 99 104
121 100 111
121 101 91
121 102 106
121 103 101
121 104 106
121 105 102
121 106 89
121 107 86
121 108 93
121 109 93
121 110 96
121 111 87
121 112 89
121 113 91
121 114 84
121 115 100
121 116 114
121 117 106
121 118 111
121 119 118
121 120 122
121 121 107
121 122 99
121 123 112
121 124 110
121 125 106
121 126 105
121 127 100

122 0 102
122 1 117
122 2 94
122 3 114
122 4 98
122 5 106
122 6 102
122 7 87
122 8 94
122 9 87
122 10 103
122 11 90
122 12 114
122 13 106
122 14 114
122 15 120
122 16 116
122 17 113
122 18 108
122 19 95
122 20 108
122 21 108
122 22 108
122 23 117
122 24 116
122 25 102
122 26 118
122 27 101
122 28 92
122 29 94
122 30 104
122 31 92
122 32 99
122 33 95
122 34 76
122 35 94
122 36 104
122 37 105
122 38 112
122 39 115
122 40 113
122 41 109
122 42 101
122 43 107
122 44 104
122 45 124
122 46 104
122 47 98
122 48 117
122 49 116
122 50 108
122 51 114
122 52 111
122 53 102
122 54 112
122 55 107
122 56 106
122 57 106
122 58 103
122 59 111
122 60 104
122 61 91
122 62 98
122 63 98
122 64 101
122 65 110
122 66 126
122 67 10