0 0 175
0 1 188
0 2 197
0 3 160
0 4 169
0 5 168
0 6 178
0 7 166
0 8 179
0 9 196
0 10 161
0 11 197
0 12 196
0 13 179
0 14 183
0 15 194
0 16 185
0 17 213
0 18 198
0 19 190
0 20 178
0 21 182
0 22 189
0 23 166
0 24 161
0 25 166
0 26 179
0 27 169
0 28 170
0 29 159
0 30 169
0 31 173
0 32 172
0 33 175
0 34 155
0 35 155
0 36 167
0 37 170
0 38 195
0 39 181
0 40 166
0 41 155
0 42 155
0 43 159
0 44 163
0 45 163
0 46 181
0 47 194
0 48 210
0 49 198
0 50 183
0 51 187
0 52 192
0 53 196
0 54 197
0 55 180
0 56 198
0 57 192
0 58 176
0 59 194
0 60 191
0 61 189
0 62 186
0 63 212
0 64 203
0 65 190
0 66 192
0 67 197
0 68 202
0 69 202
0 70 184
0 71 167
0 72 178
0 73 205
0 74 207
0 75 193
0 76 185
0 77 190
0 78 170
0 79 184
0 80 192
0 81 197
0 82 209
0 83 200
0 84 205
0 85 214
0 86 191
0 87 183
0 88 182
0 89 154
0 90 163
0 91 202
0 92 177
0 93 132
0 94 154
0 95 166
0 96 136
0 97 143
0 98 140
0 99 142
0 100 156
0 101 179
0 102 168
0 103 181
0 104 198
0 105 192
0 106 200
0 107 206
0 108 196
0 109 146
0 110 144
0 111 160
0 112 168
0 113 165
0 114 180
0 115 187
0 116 183
0 117 169
0 118 195
0 119 195
0 120 196
0 121 192
0 122 164
0 123 204
0 124 189
0 125 192
0 126 186
0 127 201

1 0 164
1 1 181
1 2 168
1 3 182
1 4 180
1 5 191
1 6 190
1 7 182
1 8 192
1 9 195
1 10 207
1 11 178
1 12 165
1 13 162
1 14 163
1 15 163
1 16 202
1 17 211
1 18 221
1 19 187
1 20 205
1 21 190
1 22 173
1 23 195
1 24 161
1 25 166
1 26 158
1 27 179
1 28 167
1 29 181
1 30 174
1 31 173
1 32 148
1 33 165
1 34 169
1 35 177
1 36 179
1 37 189
1 38 204
1 39 178
1 40 185
1 41 152
1 42 174
1 43 160
1 44 185
1 45 175
1 46 184
1 47 183
1 48 209
1 49 207
1 50 198
1 51 205
1 52 176
1 53 187
1 54 194
1 55 199
1 56 186
1 57 195
1 58 181
1 59 198
1 60 191
1 61 194
1 62 184
1 63 203
1 64 183
1 65 189
1 66 194
1 67 204
1 68 171
1 69 207
1 70 176
1 71 181
1 72 171
1 73 193
1 74 199
1 75 222
1 76 212
1 77 187
1 78 169
1 79 196
1 80 194
1 81 171
1 82 203
1 83 196
1 84 194
1 85 198
1 86 195
1 87 176
1 88 172
1 89 180
1 90 184
1 91 179
1 92 157
1 93 153
1 94 162
1 95 147
1 96 142
1 97 136
1 98 150
1 99 167
1 100 161
1 101 173
1 102 166
1 103 197
1 104 221
1 105 207
1 106 199
1 107 207
1 108 179
1 109 170
1 110 171
1 111 171
1 112 167
1 113 193
1 114 191
1 115 193
1 116 194
1 117 192
1 118 187
1 119 199
1 120 191
1 121 202
1 122 175
1 123 189
1 124 188
1 125 183
1 126 199
1 127 181

2 0 191
2 1 173
2 2 182
2 3 177
2 4 170
2 5 187
2 6 196
2 7 188
2 8 187
2 9 204
2 10 194
2 11 200
2 12 192
2 13 202
2 14 201
2 15 203
2 16 187
2 17 202
2 18 207
2 19 200
2 20 155
2 21 187
2 22 187
2 23 179
2 24 179
2 25 178
2 26 185
2 27 154
2 28 175
2 29 172
2 30 175
2 31 159
2 32 180
2 33 186
2 34 160
2 35 179
2 36 193
2 37 190
2 38 211
2 39 179
2 40 190
2 41 169
2 42 166
2 43 172
2 44 161
2 45 185
2 46 179
2 47 204
2 48 194
2 49 180
2 50 203
2 51 198
2 52 194
2 53 171
2 54 192
2 55 187
2 56 180
2 57 185
2 58 163
2 59 189
2 60 186
2 61 168
2 62 182
2 63 182
2 64 161
2 65 180
2 66 172
2 67 185
2 68 171
2 69 192
2 70 192
2 71 171
2 72 154
2 73 172
2 74 185
2 75 197
2 76 197
2 77 167
2 78 168
2 79 192
2 80 188
2 81 190
2 82 186
2 83 170
2 84 192
2 85 169
2 86 162
2 87 169
2 88 181
2 89 194
2 90 184
2 91 181
2 92 149
2 93 166
2 94 174
2 95 156
2 96 151
2 97 129
2 98 142
2 99 157
2 100 152
2 101 175
2 102 172
2 103 194
2 104 208
2 105 192
2 106 192
2 107 191
2 108 191
2 109 192
2 110 169
2 111 155
2 112 192
2 113 176
2 114 186
2 115 179
2 116 170
2 117 192
2 118 186
2 119 178
2 120 191
2 121 196
2 122 178
2 123 178
2 124 190
2 125 176
2 126 181
2 127 191

3 0 174
3 1 194
3 2 179
3 3 183
3 4 179
3 5 183
3 6 200
3 7 181
3 8 183
3 9 209
3 10 192
3 11 197
3 12 197
3 13 192
3 14 186
3 15 200
3 16 211
3 17 201
3 18 189
3 19 199
3 20 182
3 21 179
3 22 174
3 23 184
3 24 194
3 25 162
3 26 165
3 27 146
3 28 162
3 29 151
3 30 166
3 31 170
3 32 187
3 33 194
3 34 162
3 35 182
3 36 177
3 37 185
3 38 185
3 39 175
3 40 176
3 41 166
3 42 193
3 43 184
3 44 179
3 45 167
3 46 187
3 47 185
3 48 184
3 49 164
3 50 178
3 51 202
3 52 185
3 53 201
3 54 181
3 55 191
3 56 185
3 57 185
3 58 181
3 59 197
3 60 171
3 61 174
3 62 187
3 63 186
3 64 146
3 65 162
3 66 165
3 67 166
3 68 174
3 69 189
3 70 210
3 71 199
3 72 169
3 73 196
3 74 186
3 75 190
3 76 177
3 77 173
3 78 179
3 79 188
3 80 172
3 81 173
3 82 156
3 83 178
3 84 197
3 85 189
3 86 190
3 87 199
3 88 177
3 89 189
3 90 188
3 91 167
3 92 191
3 93 174
3 94 187
3 95 153
3 96 149
3 97 149
3 98 137
3 99 152
3 100 146
3 101 158
3 102 171
3 103 183
3 104 197
3 105 191
3 106 184
3 107 190
3 108 192
3 109 181
3 110 174
3 111 167
3 112 177
3 113 184
3 114 196
3 115 173
3 116 176
3 117 175
3 118 166
3 119 155
3 120 182
3 121 186
3 122 170
3 123 183
3 124 186
3 125 156
3 126 185
3 127 163

4 0 180
4 1 193
4 2 183
4 3 189
4 4 203
4 5 198
4 6 189
4 7 191
4 8 178
4 9 175
4 10 171
4 11 200
4 12 197
4 13 181
4 14 175
4 15 179
4 16 179
4 17 185
4 18 182
4 19 201
4 20 171
4 21 152
4 22 166
4 23 175
4 24 186
4 25 172
4 26 177
4 27 186
4 28 189
4 29 172
4 30 165
4 31 183
4 32 196
4 33 201
4 34 208
4 35 204
4 36 175
4 37 161
4 38 181
4 39 198
4 40 183
4 41 196
4 42 191
4 43 178
4 44 172
4 45 158
4 46 153
4 47 159
4 48 162
4 49 173
4 50 169
4 51 175
4 52 172
4 53 158
4 54 194
4 55 167
4 56 168
4 57 179
4 58 174
4 59 185
4 60 172
4 61 161
4 62 191
4 63 179
4 64 152
4 65 179
4 66 188
4 67 168
4 68 193
4 69 189
4 70 187
4 71 211
4 72 195
4 73 213
4 74 193
4 75 186
4 76 193
4 77 177
4 78 153
4 79 185
4 80 163
4 81 162
4 82 192
4 83 198
4 84 203
4 85 178
4 86 167
4 87 189
4 88 181
4 89 206
4 90 180
4 91 181
4 92 174
4 93 173
4 94 187
4 95 183
4 96 162
4 97 148
4 98 160
4 99 154
4 100 132
4 101 157
4 102 173
4 103 194
4 104 200
4 105 196
4 106 182
4 107 196
4 108 183
4 109 141
4 110 148
4 111 147
4 112 153
4 113 170
4 114 161
4 115 176
4 116 174
4 117 174
4 118 193
4 119 190
4 120 167
4 121 168
4 122 188
4 123 190
4 124 199
4 125 182
4 126 196
4 127 163

5 0 175
5 1 174
5 2 163
5 3 180
5 4 199
5 5 201
5 6 196
5 7 187
5 8 175
5 9 175
5 10 173
5 11 182
5 12 185
5 13 179
5 14 178
5 15 172
5 16 171
5 17 191
5 18 180
5 19 186
5 20 179
5 21 153
5 22 154
5 23 168
5 24 180
5 25 187
5 26 178
5 27 201
5 28 177
5 29 170
5 30 162
5 31 151
5 32 172
5 33 179
5 34 196
5 35 187
5 36 191
5 37 176
5 38 175
5 39 190
5 40 178
5 41 174
5 42 217
5 43 200
5 44 181
5 45 182
5 46 182
5 47 170
5 48 164
5 49 174
5 50 180
5 51 164
5 52 182
5 53 176
5 54 169
5 55 171
5 56 169
5 57 189
5 58 185
5 59 183
5 60 164
5 61 158
5 62 170
5 63 161
5 64 161
5 65 187
5 66 191
5 67 197
5 68 192
5 69 201
5 70 204
5 71 180
5 72 173
5 73 177
5 74 186
5 75 194
5 76 190
5 77 160
5 78 164
5 79 160
5 80 175
5 81 171
5 82 181
5 83 166
5 84 160
5 85 179
5 86 163
5 87 180
5 88 198
5 89 221
5 90 197
5 91 196
5 92 176
5 93 158
5 94 180
5 95 173
5 96 162
5 97 161
5 98 164
5 99 157
5 100 147
5 101 163
5 102 180
5 103 169
5 104 178
5 105 162
5 106 176
5 107 183
5 108 169
5 109 155
5 110 159
5 111 153
5 112 142
5 113 158
5 114 173
5 115 174
5 116 200
5 117 204
5 118 221
5 119 198
5 120 197
5 121 170
5 122 176
5 123 194
5 124 190
5 125 186
5 126 199
5 127 183

6 0 208
6 1 194
6 2 175
6 3 189
6 4 187
6 5 190
6 6 174
6 7 188
6 8 177
6 9 165
6 10 185
6 11 179
6 12 173
6 13 171
6 14 167
6 15 160
6 16 162
6 17 181
6 18 169
6 19 185
6 20 171
6 21 162
6 22 142
6 23 180
6 24 181
6 25 182
6 26 164
6 27 187
6 28 163
6 29 183
6 30 179
6 31 162
6 32 180
6 33 204
6 34 208
6 35 196
6 36 187
6 37 166
6 38 168
6 39 182
6 40 193
6 41 188
6 42 206
6 43 195
6 44 195
6 45 192
6 46 182
6 47 183
6 48 172
6 49 182
6 50 166
6 51 156
6 52 169
6 53 159
6 54 158
6 55 177
6 56 184
6 57 193
6 58 185
6 59 203
6 60 195
6 61 167
6 62 167
6 63 173
6 64 169
6 65 177
6 66 198
6 67 198
6 68 208
6 69 210
6 70 195
6 71 199
6 72 178
6 73 188
6 74 185
6 75 164
6 76 176
6 77 165
6 78 166
6 79 162
6 80 179
6 81 171
6 82 187
6 83 170
6 84 190
6 85 191
6 86 182
6 87 182
6 88 178
6 89 198
6 90 184
6 91 202
6 92 166
6 93 161
6 94 163
6 95 176
6 96 162
6 97 152
6 98 161
6 99 164
6 100 152
6 101 153
6 102 165
6 103 168
6 104 189
6 105 183
6 106 174
6 107 186
6 108 173
6 109 168
6 110 147
6 111 162
6 112 161
6 113 186
6 114 182
6 115 206
6 116 204
6 117 217
6 118 220
6 119 201
6 120 198
6 121 179
6 122 181
6 123 179
6 124 170
6 125 196
6 126 201
6 127 188

7 0 188
7 1 182
7 2 194
7 3 171
7 4 198
7 5 197
7 6 183
7 7 174
7 8 166
7 9 193
7 10 190
7 11 192
7 12 176
7 13 181
7 14 162
7 15 165
7 16 167
7 17 179
7 18 196
7 19 182
7 20 174
7 21 167
7 22 167
7 23 195
7 24 197
7 25 202
7 26 182
7 27 168
7 28 177
7 29 182
7 30 181
7 31 173
7 32 178
7 33 219
7 34 201
7 35 188
7 36 167
7 37 181
7 38 185
7 39 187
7 40 213
7 41 185
7 42 182
7 43 184
7 44 178
7 45 197
7 46 194
7 47 194
7 48 193
7 49 198
7 50 172
7 51 170
7 52 171
7 53 162
7 54 186
7 55 173
7 56 202
7 57 197
7 58 184
7 59 195
7 60 190
7 61 174
7 62 186
7 63 186
7 64 167
7 65 220
7 66 184
7 67 175
7 68 170
7 69 183
7 70 199
7 71 196
7 72 187
7 73 197
7 74 167
7 75 149
7 76 166
7 77 169
7 78 173
7 79 177
7 80 184
7 81 212
7 82 182
7 83 201
7 84 183
7 85 192
7 86 197
7 87 187
7 88 173
7 89 198
7 90 203
7 91 202
7 92 190
7 93 189
7 94 178
7 95 167
7 96 144
7 97 152
7 98 176
7 99 181
7 100 170
7 101 186
7 102 173
7 103 180
7 104 187
7 105 180
7 106 177
7 107 168
7 108 161
7 109 165
7 110 165
7 111 172
7 112 155
7 113 173
7 114 197
7 115 211
7 116 196
7 117 213
7 118 200
7 119 194
7 120 173
7 121 180
7 122 176
7 123 188
7 124 198
7 125 207
7 126 225
7 127 187

8 0 181
8 1 178
8 2 175
8 3 170
8 4 185
8 5 192
8 6 175
8 7 173
8 8 187
8 9 181
8 10 184
8 11 187
8 12 188
8 13 188
8 14 191
8 15 165
8 16 148
8 17 181
8 18 183
8 19 204
8 20 179
8 21 173
8 22 163
8 23 196
8 24 202
8 25 183
8 26 174
8 27 177
8 28 175
8 29 172
8 30 197
8 31 199
8 32 188
8 33 184
8 34 174
8 35 176
8 36 171
8 37 166
8 38 194
8 39 176
8 40 197
8 41 184
8 42 189
8 43 209
8 44 185
8 45 194
8 46 193
8 47 211
8 48 201
8 49 207
8 50 186
8 51 163
8 52 169
8 53 180
8 54 177
8 55 175
8 56 196
8 57 202
8 58 209
8 59 203
8 60 197
8 61 179
8 62 177
8 63 174
8 64 186
8 65 189
8 66 181
8 67 162
8 68 173
8 69 185
8 70 182
8 71 202
8 72 176
8 73 169
8 74 161
8 75 172
8 76 186
8 77 166
8 78 175
8 79 171
8 80 178
8 81 184
8 82 169
8 83 181
8 84 197
8 85 193
8 86 181
8 87 166
8 88 170
8 89 191
8 90 189
8 91 199
8 92 187
8 93 166
8 94 152
8 95 140
8 96 132
8 97 157
8 98 140
8 99 162
8 100 148
8 101 158
8 102 165
8 103 169
8 104 177
8 105 184
8 106 171
8 107 166
8 108 163
8 109 188
8 110 176
8 111 189
8 112 180
8 113 177
8 114 186
8 115 199
8 116 205
8 117 202
8 118 201
8 119 188
8 120 183
8 121 196
8 122 186
8 123 176
8 124 188
8 125 192
8 126 193
8 127 179

9 0 187
9 1 174
9 2 186
9 3 167
9 4 181
9 5 196
9 6 190
9 7 177
9 8 162
9 9 168
9 10 172
9 11 188
9 12 199
9 13 199
9 14 165
9 15 145
9 16 160
9 17 186
9 18 180
9 19 186
9 20 197
9 21 172
9 22 175
9 23 172
9 24 186
9 25 176
9 26 178
9 27 170
9 28 185
9 29 166
9 30 182
9 31 213
9 32 201
9 33 190
9 34 190
9 35 183
9 36 177
9 37 197
9 38 194
9 39 201
9 40 194
9 41 205
9 42 201
9 43 204
9 44 201
9 45 184
9 46 210
9 47 225
9 48 198
9 49 210
9 50 180
9 51 178
9 52 174
9 53 193
9 54 181
9 55 196
9 56 197
9 57 199
9 58 212
9 59 196
9 60 191
9 61 165
9 62 165
9 63 176
9 64 161
9 65 180
9 66 171
9 67 173
9 68 183
9 69 194
9 70 189
9 71 177
9 72 199
9 73 195
9 74 165
9 75 180
9 76 191
9 77 180
9 78 203
9 79 181
9 80 192
9 81 197
9 82 182
9 83 213
9 84 213
9 85 210
9 86 161
9 87 173
9 88 172
9 89 175
9 90 172
9 91 171
9 92 163
9 93 169
9 94 133
9 95 133
9 96 136
9 97 143
9 98 129
9 99 154
9 100 152
9 101 147
9 102 154
9 103 174
9 104 174
9 105 171
9 106 194
9 107 188
9 108 167
9 109 173
9 110 175
9 111 206
9 112 187
9 113 183
9 114 224
9 115 210
9 116 167
9 117 183
9 118 192
9 119 201
9 120 187
9 121 195
9 122 188
9 123 181
9 124 177
9 125 163
9 126 185
9 127 172

10 0 188
10 1 176
10 2 200
10 3 157
10 4 157
10 5 171
10 6 185
10 7 174
10 8 185
10 9 167
10 10 182
10 11 202
10 12 177
10 13 192
10 14 153
10 15 143
10 16 152
10 17 177
10 18 188
10 19 182
10 20 204
10 21 189
10 22 179
10 23 182
10 24 189
10 25 177
10 26 183
10 27 171
10 28 191
10 29 182
10 30 172
10 31 199
10 32 189
10 33 205
10 34 196
10 35 176
10 36 175
10 37 180
10 38 188
10 39 187
10 40 193
10 41 189
10 42 207
10 43 228
10 44 210
10 45 187
10 46 198
10 47 200
10 48 196
10 49 215
10 50 199
10 51 190
10 52 182
10 53 182
10 54 183
10 55 167
10 56 163
10 57 183
10 58 209
10 59 204
10 60 175
10 61 150
10 62 159
10 63 168
10 64 155
10 65 181
10 66 184
10 67 169
10 68 172
10 69 184
10 70 210
10 71 193
10 72 183
10 73 183
10 74 173
10 75 170
10 76 195
10 77 195
10 78 195
10 79 195
10 80 203
10 81 190
10 82 222
10 83 197
10 84 210
10 85 209
10 86 191
10 87 174
10 88 187
10 89 176
10 90 168
10 91 165
10 92 164
10 93 160
10 94 144
10 95 126
10 96 146
10 97 144
10 98 125
10 99 165
10 100 156
10 101 143
10 102 180
10 103 179
10 104 166
10 105 192
10 106 208
10 107 199
10 108 175
10 109 196
10 110 190
10 111 207
10 112 198
10 113 190
10 114 207
10 115 199
10 116 173
10 117 168
10 118 176
10 119 176
10 120 184
10 121 199
10 122 188
10 123 184
10 124 188
10 125 179
10 126 186
10 127 179

11 0 172
11 1 178
11 2 179
11 3 151
11 4 148
11 5 170
11 6 168
11 7 179
11 8 168
11 9 180
11 10 188
11 11 181
11 12 177
11 13 170
11 14 158
11 15 160
11 16 185
11 17 177
11 18 178
11 19 188
11 20 188
11 21 199
11 22 168
11 23 179
11 24 190
11 25 187
11 26 191
11 27 175
11 28 176
11 29 168
11 30 172
11 31 187
11 32 174
11 33 179
11 34 174
11 35 202
11 36 187
11 37 173
11 38 186
11 39 179
11 40 162
11 41 197
11 42 201
11 43 199
11 44 205
11 45 193
11 46 188
11 47 195
11 48 193
11 49 197
11 50 193
11 51 178
11 52 169
11 53 184
11 54 161
11 55 164
11 56 160
11 57 163
11 58 202
11 59 194
11 60 161
11 61 140
11 62 144
11 63 156
11 64 185
11 65 164
11 66 175
11 67 181
11 68 197
11 69 184
11 70 197
11 71 189
11 72 175
11 73 190
11 74 191
11 75 194
11 76 203
11 77 222
11 78 206
11 79 190
11 80 182
11 81 189
11 82 193
11 83 211
11 84 182
11 85 189
11 86 180
11 87 176
11 88 175
11 89 191
11 90 185
11 91 184
11 92 189
11 93 187
11 94 151
11 95 152
11 96 149
11 97 153
11 98 147
11 99 152
11 100 183
11 101 187
11 102 176
11 103 170
11 104 162
11 105 179
11 106 197
11 107 190
11 108 175
11 109 214
11 110 189
11 111 180
11 112 186
11 113 188
11 114 197
11 115 208
11 116 186
11 117 186
11 118 170
11 119 173
11 120 171
11 121 178
11 122 161
11 123 176
11 124 170
11 125 180
11 126 193
11 127 181

12 0 183
12 1 178
12 2 181
12 3 158
12 4 169
12 5 174
12 6 162
12 7 172
12 8 162
12 9 159
12 10 187
12 11 182
12 12 179
12 13 181
12 14 171
12 15 170
12 16 181
12 17 186
12 18 174
12 19 200
12 20 200
12 21 208
12 22 185
12 23 199
12 24 179
12 25 189
12 26 189
12 27 167
12 28 153
12 29 162
12 30 178
12 31 179
12 32 188
12 33 168
12 34 181
12 35 174
12 36 153
12 37 188
12 38 184
12 39 183
12 40 160
12 41 177
12 42 195
12 43 200
12 44 199
12 45 175
12 46 181
12 47 177
12 48 194
12 49 176
12 50 182
12 51 178
12 52 164
12 53 166
12 54 170
12 55 156
12 56 147
12 57 183
12 58 174
12 59 167
12 60 159
12 61 167
12 62 167
12 63 175
12 64 180
12 65 165
12 66 196
12 67 182
12 68 175
12 69 206
12 70 178
12 71 187
12 72 198
12 73 206
12 74 170
12 75 187
12 76 202
12 77 202
12 78 205
12 79 221
12 80 215
12 81 206
12 82 188
12 83 203
12 84 205
12 85 215
12 86 189
12 87 170
12 88 172
12 89 175
12 90 159
12 91 164
12 92 176
12 93 195
12 94 159
12 95 142
12 96 140
12 97 162
12 98 174
12 99 170
12 100 175
12 101 192
12 102 177
12 103 180
12 104 164
12 105 199
12 106 195
12 107 182
12 108 209
12 109 205
12 110 194
12 111 196
12 112 200
12 113 198
12 114 217
12 115 208
12 116 194
12 117 191
12 118 202
12 119 190
12 120 178
12 121 172
12 122 174
12 123 175
12 124 140
12 125 153
12 126 169
12 127 181

13 0 176
13 1 190
13 2 186
13 3 181
13 4 156
13 5 175
13 6 179
13 7 173
13 8 158
13 9 163
13 10 186
13 11 183
13 12 168
13 13 184
13 14 179
13 15 192
13 16 180
13 17 188
13 18 177
13 19 186
13 20 202
13 21 214
13 22 195
13 23 212
13 24 189
13 25 182
13 26 186
13 27 161
13 28 165
13 29 167
13 30 164
13 31 198
13 32 201
13 33 191
13 34 175
13 35 144
13 36 129
13 37 201
13 38 175
13 39 158
13 40 198
13 41 216
13 42 197
13 43 210
13 44 190
13 45 186
13 46 175
13 47 186
13 48 202
13 49 184
13 50 174
13 51 172
13 52 172
13 53 170
13 54 154
13 55 171
13 56 168
13 57 181
13 58 167
13 59 159
13 60 154
13 61 175
13 62 148
13 63 162
13 64 187
13 65 185
13 66 196
13 67 174
13 68 179
13 69 168
13 70 191
13 71 200
13 72 171
13 73 183
13 74 187
13 75 193
13 76 192
13 77 213
13 78 225
13 79 210
13 80 176
13 81 168
13 82 167
13 83 194
13 84 193
13 85 183
13 86 187
13 87 176
13 88 172
13 89 159
13 90 180
13 91 170
13 92 166
13 93 173
13 94 150
13 95 164
13 96 142
13 97 168
13 98 196
13 99 189
13 100 198
13 101 197
13 102 178
13 103 195
13 104 159
13 105 176
13 106 199
13 107 192
13 108 200
13 109 188
13 110 188
13 111 212
13 112 177
13 113 203
13 114 195
13 115 203
13 116 202
13 117 195
13 118 178
13 119 180
13 120 159
13 121 164
13 122 170
13 123 155
13 124 144
13 125 170
13 126 188
13 127 167

14 0 179
14 1 198
14 2 195
14 3 164
14 4 155
14 5 182
14 6 179
14 7 185
14 8 170
14 9 156
14 10 181
14 11 161
14 12 171
14 13 182
14 14 166
14 15 178
14 16 180
14 17 183
14 18 183
14 19 206
14 20 178
14 21 195
14 22 184
14 23 207
14 24 200
14 25 167
14 26 164
14 27 193
14 28 162
14 29 170
14 30 162
14 31 173
14 32 177
14 33 189
14 34 161
14 35 154
14 36 162
14 37 169
14 38 163
14 39 167
14 40 185
14 41 188
14 42 202
14 43 213
14 44 195
14 45 185
14 46 178
14 47 185
14 48 197
14 49 177
14 50 156
14 51 183
14 52 185
14 53 173
14 54 162
14 55 177
14 56 169
14 57 187
14 58 175
14 59 179
14 60 176
14 61 180
14 62 156
14 63 175
14 64 177
14 65 194
14 66 207
14 67 182
14 68 187
14 69 179
14 70 191
14 71 197
14 72 197
14 73 189
14 74 192
14 75 195
14 76 206
14 77 200
14 78 213
14 79 192
14 80 205
14 81 201
14 82 180
14 83 173
14 84 166
14 85 190
14 86 186
14 87 166
14 88 163
14 89 185
14 90 179
14 91 161
14 92 152
14 93 163
14 94 149
14 95 156
14 96 153
14 97 163
14 98 188
14 99 198
14 100 192
14 101 191
14 102 191
14 103 183
14 104 170
14 105 175
14 106 171
14 107 180
14 108 191
14 109 192
14 110 205
14 111 182
14 112 187
14 113 165
14 114 168
14 115 184
14 116 168
14 117 193
14 118 179
14 119 178
14 120 159
14 121 160
14 122 155
14 123 146
14 124 156
14 125 166
14 126 202
14 127 187

15 0 173
15 1 191
15 2 168
15 3 168
15 4 160
15 5 173
15 6 190
15 7 179
15 8 174
15 9 185
15 10 192
15 11 194
15 12 182
15 13 167
15 14 175
15 15 167
15 16 184
15 17 185
15 18 181
15 19 182
15 20 196
15 21 191
15 22 207
15 23 208
15 24 173
15 25 192
15 26 189
15 27 180
15 28 162
15 29 165
15 30 155
15 31 164
15 32 173
15 33 159
15 34 165
15 35 164
15 36 168
15 37 161
15 38 176
15 39 160
15 40 168
15 41 190
15 42 197
15 43 174
15 44 156
15 45 185
15 46 184
15 47 187
15 48 155
15 49 185
15 50 170
15 51 175
15 52 187
15 53 176
15 54 171
15 55 172
15 56 184
15 57 188
15 58 203
15 59 196
15 60 196
15 61 178
15 62 182
15 63 181
15 64 180
15 65 195
15 66 190
15 67 181
15 68 193
15 69 177
15 70 201
15 71 207
15 72 190
15 73 204
15 74 210
15 75 200
15 76 202
15 77 185
15 78 179
15 79 222
15 80 203
15 81 189
15 82 183
15 83 161
15 84 175
15 85 173
15 86 168
15 87 161
15 88 159
15 89 180
15 90 153
15 91 143
15 92 164
15 93 159
15 94 161
15 95 169
15 96 192
15 97 198
15 98 196
15 99 229
15 100 173
15 101 177
15 102 186
15 103 187
15 104 190
15 105 194
15 106 165
15 107 171
15 108 153
15 109 175
15 110 176
15 111 199
15 112 204
15 113 189
15 114 178
15 115 193
15 116 184
15 117 194
15 118 167
15 119 175
15 120 158
15 121 168
15 122 160
15 123 155
15 124 166
15 125 151
15 126 192
15 127 188

16 0 186
16 1 174
16 2 160
16 3 171
16 4 179
16 5 181
16 6 170
16 7 182
16 8 164
16 9 199
16 10 179
16 11 185
16 12 157
16 13 151
16 14 155
16 15 165
16 16 169
16 17 180
16 18 167
16 19 184
16 20 215
16 21 193
16 22 190
16 23 198
16 24 184
16 25 188
16 26 188
16 27 195
16 28 186
16 29 184
16 30 181
16 31 166
16 32 173
16 33 171
16 34 174
16 35 156
16 36 168
16 37 161
16 38 160
16 39 168
16 40 160
16 41 190
16 42 186
16 43 174
16 44 174
16 45 174
16 46 208
16 47 188
16 48 178
16 49 170
16 50 178
16 51 182
16 52 200
16 53 188
16 54 177
16 55 173
16 56 177
16 57 184
16 58 188
16 59 205
16 60 195
16 61 201
16 62 192
16 63 206
16 64 194
16 65 206
16 66 191
16 67 203
16 68 172
16 69 197
16 70 180
16 71 180
16 72 180
16 73 180
16 74 208
16 75 186
16 76 193
16 77 184
16 78 196
16 79 211
16 80 209
16 81 184
16 82 199
16 83 155
16 84 165
16 85 182
16 86 178
16 87 160
16 88 159
16 89 183
16 90 160
16 91 150
16 92 173
16 93 190
16 94 172
16 95 182
16 96 194
16 97 209
16 98 178
16 99 208
16 100 197
16 101 183
16 102 182
16 103 193
16 104 195
16 105 203
16 106 191
16 107 167
16 108 178
16 109 180
16 110 189
16 111 185
16 112 214
16 113 198
16 114 188
16 115 193
16 116 178
16 117 182
16 118 152
16 119 132
16 120 151
16 121 159
16 122 153
16 123 150
16 124 145
16 125 150
16 126 148
16 127 172

17 0 161
17 1 176
17 2 157
17 3 164
17 4 164
17 5 170
17 6 174
17 7 172
17 8 187
17 9 172
17 10 180
17 11 177
17 12 189
17 13 162
17 14 152
17 15 156
17 16 177
17 17 153
17 18 162
17 19 171
17 20 193
17 21 176
17 22 199
17 23 195
17 24 195
17 25 204
17 26 191
17 27 190
17 28 151
17 29 158
17 30 173
17 31 175
17 32 190
17 33 185
17 34 173
17 35 178
17 36 175
17 37 168
17 38 176
17 39 159
17 40 144
17 41 170
17 42 179
17 43 173
17 44 165
17 45 176
17 46 185
17 47 175
17 48 164
17 49 177
17 50 176
17 51 188
17 52 186
17 53 177
17 54 180
17 55 188
17 56 198
17 57 174
17 58 193
17 59 184
17 60 177
17 61 205
17 62 182
17 63 188
17 64 179
17 65 194
17 66 172
17 67 205
17 68 190
17 69 202
17 70 178
17 71 180
17 72 186
17 73 194
17 74 193
17 75 178
17 76 192
17 77 175
17 78 186
17 79 198
17 80 187
17 81 202
17 82 205
17 83 181
17 84 164
17 85 184
17 86 185
17 87 189
17 88 177
17 89 181
17 90 174
17 91 160
17 92 170
17 93 189
17 94 177
17 95 188
17 96 164
17 97 183
17 98 200
17 99 192
17 100 177
17 101 182
17 102 187
17 103 194
17 104 200
17 105 179
17 106 193
17 107 170
17 108 150
17 109 193
17 110 187
17 111 183
17 112 210
17 113 187
17 114 184
17 115 192
17 116 183
17 117 189
17 118 158
17 119 131
17 120 137
17 121 148
17 122 160
17 123 155
17 124 150
17 125 134
17 126 120
17 127 150

18 0 155
18 1 162
18 2 137
18 3 135
18 4 178
18 5 170
18 6 184
18 7 211
18 8 182
18 9 171
18 10 174
18 11 180
18 12 182
18 13 186
18 14 162
18 15 141
18 16 141
18 17 140
18 18 152
18 19 170
18 20 198
18 21 203
18 22 176
18 23 202
18 24 187
18 25 204
18 26 186
18 27 183
18 28 175
18 29 175
18 30 187
18 31 197
18 32 173
18 33 194
18 34 173
18 35 160
18 36 167
18 37 184
18 38 189
18 39 188
18 40 159
18 41 181
18 42 171
18 43 168
18 44 165
18 45 145
18 46 158
18 47 155
18 48 157
18 49 168
18 50 165
18 51 172
18 52 179
18 53 179
18 54 187
18 55 209
18 56 179
18 57 192
18 58 189
18 59 157
18 60 190
18 61 193
18 62 210
18 63 192
18 64 210
18 65 195
18 66 189
18 67 187
18 68 185
18 69 181
18 70 186
18 71 161
18 72 197
18 73 182
18 74 184
18 75 208
18 76 190
18 77 184
18 78 159
18 79 194
18 80 203
18 81 197
18 82 206
18 83 182
18 84 180
18 85 172
18 86 186
18 87 196
18 88 194
18 89 177
18 90 171
18 91 162
18 92 166
18 93 198
18 94 197
18 95 186
18 96 155
18 97 179
18 98 189
18 99 183
18 100 175
18 101 195
18 102 191
18 103 190
18 104 202
18 105 198
18 106 192
18 107 191
18 108 194
18 109 196
18 110 204
18 111 210
18 112 190
18 113 178
18 114 175
18 115 164
18 116 158
18 117 160
18 118 156
18 119 149
18 120 155
18 121 170
18 122 152
18 123 144
18 124 159
18 125 147
18 126 141
18 127 152

19 0 143
19 1 162
19 2 141
19 3 163
19 4 167
19 5 173
19 6 159
19 7 204
19 8 175
19 9 177
19 10 191
19 11 181
19 12 181
19 13 170
19 14 148
19 15 155
19 16 169
19 17 159
19 18 148
19 19 146
19 20 199
19 21 189
19 22 204
19 23 197
19 24 202
19 25 193
19 26 177
19 27 190
19 28 188
19 29 187
19 30 194
19 31 194
19 32 182
19 33 176
19 34 185
19 35 173
19 36 160
19 37 193
19 38 192
19 39 182
19 40 172
19 41 191
19 42 178
19 43 173
19 44 165
19 45 167
19 46 158
19 47 185
19 48 188
19 49 180
19 50 174
19 51 176
19 52 194
19 53 171
19 54 150
19 55 191
19 56 183
19 57 163
19 58 173
19 59 175
19 60 172
19 61 211
19 62 210
19 63 205
19 64 204
19 65 216
19 66 194
19 67 184
19 68 187
19 69 195
19 70 180
19 71 177
19 72 203
19 73 192
19 74 214
19 75 206
19 76 194
19 77 164
19 78 178
19 79 193
19 80 195
19 81 200
19 82 209
19 83 190
19 84 171
19 85 160
19 86 191
19 87 197
19 88 196
19 89 196
19 90 184
19 91 181
19 92 202
19 93 196
19 94 215
19 95 197
19 96 167
19 97 159
19 98 173
19 99 169
19 100 183
19 101 201
19 102 175
19 103 195
19 104 195
19 105 213
19 106 201
19 107 182
19 108 193
19 109 215
19 110 223
19 111 204
19 112 188
19 113 183
19 114 174
19 115 159
19 116 183
19 117 159
19 118 175
19 119 173
19 120 160
19 121 168
19 122 179
19 123 177
19 124 159
19 125 144
19 126 142
19 127 161

20 0 141
20 1 145
20 2 152
20 3 179
20 4 175
20 5 145
20 6 182
20 7 200
20 8 210
20 9 196
20 10 205
20 11 185
20 12 186
20 13 185
20 14 153
20 15 168
20 16 172
20 17 146
20 18 159
20 19 159
20 20 177
20 21 181
20 22 191
20 23 215
20 24 185
20 25 168
20 26 160
20 27 175
20 28 168
20 29 171
20 30 185
20 31 184
20 32 167
20 33 188
20 34 187
20 35 151
20 36 195
20 37 195
20 38 190
20 39 189
20 40 162
20 41 167
20 42 181
20 43 198
20 44 188
20 45 182
20 46 183
20 47 178
20 48 185
20 49 198
20 50 181
20 51 207
20 52 178
20 53 179
20 54 181
20 55 171
20 56 172
20 57 163
20 58 160
20 59 175
20 60 171
20 61 180
20 62 169
20 63 193
20 64 213
20 65 194
20 66 195
20 67 187
20 68 185
20 69 182
20 70 193
20 71 192
20 72 212
20 73 194
20 74 196
20 75 212
20 76 195
20 77 188
20 78 187
20 79 201
20 80 192
20 81 195
20 82 178
20 83 166
20 84 181
20 85 165
20 86 174
20 87 178
20 88 184
20 89 176
20 90 172
20 91 190
20 92 193
20 93 196
20 94 208
20 95 212
20 96 171
20 97 171
20 98 175
20 99 174
20 100 150
20 101 179
20 102 180
20 103 172
20 104 203
20 105 196
20 106 175
20 107 181
20 108 191
20 109 178
20 110 194
20 111 202
20 112 202
20 113 183
20 114 179
20 115 180
20 116 161
20 117 160
20 118 183
20 119 186
20 120 171
20 121 155
20 122 157
20 123 158
20 124 159
20 125 127
20 126 142
20 127 140

21 0 169
21 1 184
21 2 162
21 3 174
21 4 175
21 5 167
21 6 172
21 7 188
21 8 189
21 9 196
21 10 201
21 11 197
21 12 202
21 13 194
21 14 202
21 15 159
21 16 190
21 17 156
21 18 161
21 19 140
21 20 150
21 21 180
21 22 198
21 23 212
21 24 215
21 25 149
21 26 169
21 27 172
21 28 168
21 29 169
21 30 182
21 31 175
21 32 185
21 33 188
21 34 176
21 35 164
21 36 179
21 37 201
21 38 190
21 39 165
21 40 168
21 41 190
21 42 177
21 43 180
21 44 184
21 45 195
21 46 190
21 47 206
21 48 182
21 49 189
21 50 189
21 51 184
21 52 186
21 53 187
21 54 175
21 55 190
21 56 179
21 57 159
21 58 169
21 59 182
21 60 176
21 61 182
21 62 184
21 63 191
21 64 202
21 65 195
21 66 177
21 67 184
21 68 161
21 69 169
21 70 196
21 71 201
21 72 217
21 73 191
21 74 182
21 75 184
21 76 206
21 77 201
21 78 201
21 79 211
21 80 201
21 81 192
21 82 180
21 83 163
21 84 177
21 85 151
21 86 171
21 87 171
21 88 153
21 89 182
21 90 174
21 91 185
21 92 188
21 93 185
21 94 186
21 95 192
21 96 184
21 97 172
21 98 170
21 99 167
21 100 167
21 101 199
21 102 197
21 103 187
21 104 184
21 105 175
21 106 167
21 107 188
21 108 186
21 109 178
21 110 200
21 111 201
21 112 209
21 113 168
21 114 166
21 115 157
21 116 181
21 117 154
21 118 197
21 119 165
21 120 152
21 121 163
21 122 171
21 123 168
21 124 147
21 125 145
21 126 137
21 127 149

22 0 194
22 1 185
22 2 185
22 3 183
22 4 172
22 5 156
22 6 174
22 7 182
22 8 181
22 9 202
22 10 206
22 11 183
22 12 189
22 13 201
22 14 195
22 15 175
22 16 181
22 17 170
22 18 180
22 19 155
22 20 156
22 21 194
22 22 206
22 23 216
22 24 199
22 25 176
22 26 187
22 27 172
22 28 160
22 29 161
22 30 174
22 31 193
22 32 160
22 33 176
22 34 167
22 35 181
22 36 202
22 37 206
22 38 194
22 39 192
22 40 193
22 41 187
22 42 172
22 43 176
22 44 169
22 45 168
22 46 188
22 47 201
22 48 207
22 49 192
22 50 173
22 51 206
22 52 196
22 53 189
22 54 189
22 55 210
22 56 214
22 57 185
22 58 173
22 59 180
22 60 178
22 61 196
22 62 199
22 63 188
22 64 202
22 65 189
22 66 194
22 67 182
22 68 158
22 69 175
22 70 180
22 71 192
22 72 212
22 73 193
22 74 187
22 75 170
22 76 202
22 77 204
22 78 194
22 79 193
22 80 173
22 81 168
22 82 165
22 83 187
22 84 191
22 85 168
22 86 172
22 87 184
22 88 181
22 89 196
22 90 182
22 91 171
22 92 175
22 93 176
22 94 171
22 95 166
22 96 185
22 97 156
22 98 191
22 99 178
22 100 194
22 101 191
22 102 185
22 103 191
22 104 174
22 105 159
22 106 149
22 107 182
22 108 182
22 109 203
22 110 206
22 111 205
22 112 201
22 113 170
22 114 166
22 115 153
22 116 182
22 117 164
22 118 178
22 119 172
22 120 173
22 121 159
22 122 184
22 123 184
22 124 166
22 125 158
22 126 159
22 127 174

23 0 162
23 1 163
23 2 172
23 3 171
23 4 164
23 5 166
23 6 162
23 7 169
23 8 167
23 9 206
23 10 202
23 11 170
23 12 165
23 13 186
23 14 183
23 15 158
23 16 159
23 17 171
23 18 172
23 19 168
23 20 165
23 21 180
23 22 179
23 23 203
23 24 211
23 25 179
23 26 179
23 27 156
23 28 157
23 29 144
23 30 165
23 31 197
23 32 159
23 33 173
23 34 167
23 35 201
23 36 199
23 37 224
23 38 204
23 39 176
23 40 187
23 41 197
23 42 183
23 43 187
23 44 167
23 45 173
23 46 186
23 47 196
23 48 204
23 49 213
23 50 195
23 51 187
23 52 165
23 53 172
23 54 178
23 55 199
23 56 199
23 57 200
23 58 182
23 59 184
23 60 193
23 61 194
23 62 175
23 63 194
23 64 172
23 65 198
23 66 217
23 67 197
23 68 183
23 69 159
23 70 169
23 71 172
23 72 175
23 73 201
23 74 179
23 75 179
23 76 205
23 77 181
23 78 170
23 79 168
23 80 150
23 81 148
23 82 170
23 83 166
23 84 187
23 85 202
23 86 191
23 87 188
23 88 189
23 89 189
23 90 151
23 91 145
23 92 159
23 93 151
23 94 158
23 95 159
23 96 156
23 97 185
23 98 209
23 99 175
23 100 156
23 101 164
23 102 174
23 103 182
23 104 188
23 105 171
23 106 165
23 107 183
23 108 194
23 109 198
23 110 199
23 111 217
23 112 192
23 113 186
23 114 182
23 115 181
23 116 148
23 117 151
23 118 161
23 119 184
23 120 180
23 121 163
23 122 163
23 123 166
23 124 151
23 125 154
23 126 165
23 127 179

24 0 148
24 1 179
24 2 171
24 3 172
24 4 167
24 5 159
24 6 162
24 7 175
24 8 160
24 9 186
24 10 192
24 11 164
24 12 186
24 13 184
24 14 162
24 15 166
24 16 172
24 17 192
24 18 182
24 19 171
24 20 170
24 21 171
24 22 160
24 23 201
24 24 200
24 25 178
24 26 170
24 27 183
24 28 173
24 29 161
24 30 177
24 31 185
24 32 186
24 33 189
24 34 190
24 35 205
24 36 218
24 37 205
24 38 184
24 39 189
24 40 199
24 41 203
24 42 203
24 43 187
24 44 163
24 45 170
24 46 164
24 47 193
24 48 197
24 49 212
24 50 205
24 51 212
24 52 180
24 53 164
24 54 173
24 55 189
24 56 205
24 57 196
24 58 197
24 59 186
24 60 179
24 61 170
24 62 173
24 63 184
24 64 175
24 65 209
24 66 206
24 67 201
24 68 177
24 69 185
24 70 176
24 71 179
24 72 212
24 73 221
24 74 202
24 75 209
24 76 176
24 77 185
24 78 167
24 79 140
24 80 159
24 81 165
24 82 169
24 83 165
24 84 179
24 85 168
24 86 182
24 87 180
24 88 191
24 89 169
24 90 167
24 91 189
24 92 206
24 93 197
24 94 188
24 95 194
24 96 167
24 97 173
24 98 205
24 99 178
24 100 163
24 101 178
24 102 179
24 103 172
24 104 175
24 105 159
24 106 169
24 107 168
24 108 183
24 109 186
24 110 171
24 111 175
24 112 193
24 113 179
24 114 165
24 115 190
24 116 162
24 117 148
24 118 184
24 119 188
24 120 196
24 121 190
24 122 180
24 123 162
24 124 162
24 125 151
24 126 158
24 127 175

25 0 173
25 1 191
25 2 190
25 3 183
25 4 184
25 5 179
25 6 187
25 7 176
25 8 179
25 9 183
25 10 190
25 11 156
25 12 172
25 13 185
25 14 178
25 15 202
25 16 194
25 17 185
25 18 190
25 19 163
25 20 178
25 21 153
25 22 177
25 23 209
25 24 193
25 25 174
25 26 168
25 27 175
25 28 195
25 29 179
25 30 171
25 31 184
25 32 177
25 33 208
25 34 173
25 35 196
25 36 192
25 37 179
25 38 178
25 39 204
25 40 193
25 41 178
25 42 186
25 43 177
25 44 174
25 45 154
25 46 142
25 47 179
25 48 205
25 49 209
25 50 214
25 51 184
25 52 189
25 53 192
25 54 176
25 55 188
25 56 202
25 57 214
25 58 179
25 59 187
25 60 198
25 61 181
25 62 173
25 63 175
25 64 191
25 65 194
25 66 194
25 67 203
25 68 199
25 69 189
25 70 197
25 71 188
25 72 197
25 73 197
25 74 188
25 75 205
25 76 186
25 77 171
25 78 169
25 79 159
25 80 160
25 81 163
25 82 176
25 83 176
25 84 197
25 85 174
25 86 178
25 87 181
25 88 166
25 89 172
25 90 172
25 91 177
25 92 214
25 93 201
25 94 215
25 95 195
25 96 166
25 97 172
25 98 191
25 99 184
25 100 187
25 101 185
25 102 173
25 103 171
25 104 167
25 105 187
25 106 202
25 107 179
25 108 180
25 109 181
25 110 164
25 111 174
25 112 170
25 113 157
25 114 160
25 115 164
25 116 139
25 117 162
25 118 171
25 119 179
25 120 193
25 121 172
25 122 158
25 123 144
25 124 155
25 125 161
25 126 168
25 127 199

26 0 157
26 1 191
26 2 168
26 3 182
26 4 182
26 5 159
26 6 179
26 7 169
26 8 156
26 9 172
26 10 147
26 11 150
26 12 149
26 13 166
26 14 166
26 15 190
26 16 181
26 17 175
26 18 167
26 19 165
26 20 172
26 21 167
26 22 175
26 23 189
26 24 205
26 25 172
26 26 183
26 27 174
26 28 203
26 29 192
26 30 173
26 31 190
26 32 200
26 33 203
26 34 197
26 35 177
26 36 195
26 37 191
26 38 177
26 39 176
26 40 150
26 41 145
26 42 155
26 43 135
26 44 164
26 45 146
26 46 176
26 47 165
26 48 189
26 49 208
26 50 198
26 51 190
26 52 191
26 53 189
26 54 176
26 55 185
26 56 212
26 57 207
26 58 220
26 59 204
26 60 196
26 61 187
26 62 194
26 63 175
26 64 160
26 65 176
26 66 196
26 67 203
26 68 177
26 69 192
26 70 200
26 71 189
26 72 181
26 73 185
26 74 205
26 75 194
26 76 166
26 77 170
26 78 185
26 79 149
26 80 158
26 81 166
26 82 155
26 83 182
26 84 192
26 85 185
26 86 215
26 87 178
26 88 175
26 89 186
26 90 180
26 91 166
26 92 193
26 93 188
26 94 200
26 95 175
26 96 172
26 97 153
26 98 178
26 99 170
26 100 174
26 101 171
26 102 179
26 103 190
26 104 192
26 105 167
26 106 180
26 107 172
26 108 176
26 109 179
26 110 187
26 111 179
26 112 179
26 113 164
26 114 173
26 115 176
26 116 156
26 117 177
26 118 173
26 119 186
26 120 186
26 121 166
26 122 164
26 123 142
26 124 154
26 125 156
26 126 183
26 127 193

27 0 182
27 1 188
27 2 182
27 3 161
27 4 169
27 5 179
27 6 158
27 7 162
27 8 157
27 9 157
27 10 155
27 11 126
27 12 161
27 13 169
27 14 173
27 15 186
27 16 185
27 17 195
27 18 175
27 19 156
27 20 154
27 21 163
27 22 166
27 23 152
27 24 186
27 25 170
27 26 184
27 27 178
27 28 184
27 29 158
27 30 180
27 31 185
27 32 203
27 33 195
27 34 201
27 35 192
27 36 196
27 37 184
27 38 175
27 39 178
27 40 186
27 41 162
27 42 153
27 43 141
27 44 146
27 45 138
27 46 149
27 47 131
27 48 174
27 49 216
27 50 197
27 51 195
27 52 184
27 53 186
27 54 169
27 55 174
27 56 221
27 57 200
27 58 219
27 59 198
27 60 197
27 61 198
27 62 195
27 63 171
27 64 181
27 65 175
27 66 188
27 67 183
27 68 194
27 69 178
27 70 171
27 71 180
27 72 187
27 73 172
27 74 186
27 75 165
27 76 191
27 77 206
27 78 187
27 79 183
27 80 168
27 81 176
27 82 176
27 83 190
27 84 185
27 85 188
27 86 193
27 87 188
27 88 170
27 89 204
27 90 184
27 91 167
27 92 158
27 93 173
27 94 178
27 95 155
27 96 176
27 97 167
27 98 173
27 99 166
27 100 188
27 101 184
27 102 175
27 103 197
27 104 162
27 105 162
27 106 171
27 107 188
27 108 181
27 109 196
27 110 195
27 111 174
27 112 154
27 113 162
27 114 157
27 115 180
27 116 172
27 117 196
27 118 205
27 119 193
27 120 187
27 121 172
27 122 180
27 123 181
27 124 186
27 125 179
27 126 209
27 127 200

28 0 193
28 1 185
28 2 174
28 3 153
28 4 173
28 5 187
28 6 188
28 7 153
28 8 151
28 9 159
28 10 160
28 11 162
28 12 165
28 13 188
28 14 190
28 15 180
28 16 186
28 17 177
28 18 188
28 19 146
28 20 153
28 21 184
28 22 180
28 23 205
28 24 198
28 25 177
28 26 173
28 27 171
28 28 180
28 29 190
28 30 174
28 31 202
28 32 187
28 33 200
28 34 170
28 35 185
28 36 171
28 37 188
28 38 182
28 39 186
28 40 188
28 41 172
28 42 165
28 43 141
28 44 138
28 45 139
28 46 138
28 47 161
28 48 147
28 49 184
28 50 196
28 51 195
28 52 186
28 53 180
28 54 144
28 55 174
28 56 186
28 57 209
28 58 199
28 59 200
28 60 201
28 61 208
28 62 202
28 63 190
28 64 188
28 65 181
28 66 167
28 67 194
28 68 201
28 69 202
28 70 201
28 71 178
28 72 177
28 73 166
28 74 166
28 75 175
28 76 184
28 77 203
28 78 190
28 79 176
28 80 176
28 81 186
28 82 186
28 83 180
28 84 196
28 85 199
28 86 202
28 87 197
28 88 179
28 89 207
28 90 202
28 91 181
28 92 175
28 93 171
28 94 164
28 95 160
28 96 168
28 97 157
28 98 174
28 99 182
28 100 173
28 101 170
28 102 158
28 103 187
28 104 179
28 105 178
28 106 197
28 107 186
28 108 188
28 109 201
28 110 211
28 111 215
28 112 156
28 113 163
28 114 159
28 115 187
28 116 192
28 117 183
28 118 181
28 119 178
28 120 188
28 121 174
28 122 187
28 123 181
28 124 193
28 125 208
28 126 204
28 127 201

29 0 187
29 1 190
29 2 145
29 3 180
29 4 187
29 5 193
29 6 187
29 7 156
29 8 165
29 9 140
29 10 165
29 11 169
29 12 177
29 13 179
29 14 198
29 15 187
29 16 199
29 17 193
29 18 181
29 19 175
29 20 175
29 21 183
29 22 172
29 23 175
29 24 192
29 25 167
29 26 159
29 27 178
29 28 183
29 29 193
29 30 181
29 31 203
29 32 197
29 33 188
29 34 182
29 35 169
29 36 188
29 37 197
29 38 186
29 39 200
29 40 192
29 41 174
29 42 170
29 43 164
29 44 144
29 45 138
29 46 135
29 47 140
29 48 148
29 49 171
29 50 211
29 51 204
29 52 201
29 53 165
29 54 151
29 55 165
29 56 183
29 57 173
29 58 195
29 59 182
29 60 177
29 61 169
29 62 156
29 63 181
29 64 182
29 65 182
29 66 177
29 67 163
29 68 199
29 69 191
29 70 195
29 71 187
29 72 188
29 73 177
29 74 161
29 75 183
29 76 190
29 77 185
29 78 186
29 79 173
29 80 192
29 81 194
29 82 176
29 83 176
29 84 173
29 85 202
29 86 216
29 87 204
29 88 213
29 89 192
29 90 197
29 91 195
29 92 171
29 93 155
29 94 158
29 95 159
29 96 168
29 97 170
29 98 181
29 99 182
29 100 170
29 101 179
29 102 190
29 103 181
29 104 187
29 105 180
29 106 178
29 107 168
29 108 185
29 109 195
29 110 187
29 111 205
29 112 187
29 113 179
29 114 180
29 115 174
29 116 179
29 117 176
29 118 180
29 119 188
29 120 189
29 121 185
29 122 187
29 123 178
29 124 193
29 125 212
29 126 163
29 127 185

30 0 178
30 1 187
30 2 173
30 3 186
30 4 189
30 5 182
30 6 180
30 7 175
30 8 193
30 9 188
30 10 181
30 11 179
30 12 158
30 13 193
30 14 208
30 15 224
30 16 196
30 17 195
30 18 195
30 19 185
30 20 170
30 21 173
30 22 177
30 23 181
30 24 161
30 25 166
30 26 142
30 27 143
30 28 146
30 29 162
30 30 175
30 31 194
30 32 203
30 33 203
30 34 201
30 35 182
30 36 176
30 37 202
30 38 198
30 39 170
30 40 201
30 41 184
30 42 179
30 43 180
30 44 151
30 45 133
30 46 147
30 47 141
30 48 154
30 49 168
30 50 194
30 51 207
30 52 201
30 53 195
30 54 179
30 55 172
30 56 169
30 57 176
30 58 173
30 59 165
30 60 156
30 61 176
30 62 132
30 63 159
30 64 185
30 65 200
30 66 192
30 67 190
30 68 194
30 69 185
30 70 178
30 71 179
30 72 174
30 73 196
30 74 161
30 75 196
30 76 215
30 77 179
30 78 196
30 79 180
30 80 191
30 81 180
30 82 189
30 83 183
30 84 204
30 85 187
30 86 159
30 87 175
30 88 182
30 89 218
30 90 204
30 91 211
30 92 174
30 93 155
30 94 157
30 95 154
30 96 179
30 97 162
30 98 158
30 99 158
30 100 169
30 101 181
30 102 188
30 103 199
30 104 193
30 105 174
30 106 215
30 107 203
30 108 189
30 109 188
30 110 197
30 111 191
30 112 183
30 113 181
30 114 184
30 115 164
30 116 168
30 117 186
30 118 187
30 119 183
30 120 196
30 121 195
30 122 194
30 123 193
30 124 194
30 125 197
30 126 175
30 127 188

31 0 190
31 1 173
31 2 181
31 3 191
31 4 170
31 5 133
31 6 160
31 7 169
31 8 180
31 9 206
31 10 191
31 11 174
31 12 193
31 13 204
31 14 205
31 15 186
31 16 203
31 17 177
31 18 199
31 19 189
31 20 154
31 21 181
31 22 177
31 23 160
31 24 157
31 25 150
31 26 157
31 27 163
31 28 151
31 29 164
31 30 168
31 31 187
31 32 187
31 33 191
31 34 189
31 35 185
31 36 186
31 37 194
31 38 220
31 39 209
31 40 213
31 41 199
31 42 157
31 43 165
31 44 158
31 45 153
31 46 148
31 47 143
31 48 138
31 49 153
31 50 181
31 51 187
31 52 185
31 53 178
31 54 181
31 55 160
31 56 170
31 57 174
31 58 150
31 59 144
31 60 133
31 61 158
31 62 156
31 63 152
31 64 181
31 65 214
31 66 197
31 67 179
31 68 187
31 69 176
31 70 190
31 71 190
31 72 181
31 73 189
31 74 186
31 75 204
31 76 207
31 77 194
31 78 177
31 79 189
31 80 179
31 81 167
31 82 164
31 83 183
31 84 183
31 85 200
31 86 174
31 87 180
31 88 204
31 89 206
31 90 193
31 91 192
31 92 168
31 93 149
31 94 143
31 95 153
31 96 149
31 97 156
31 98 161
31 99 179
31 100 170
31 101 174
31 102 202
31 103 199
31 104 212
31 105 206
31 106 217
31 107 207
31 108 194
31 109 192
31 110 199
31 111 173
31 112 197
31 113 180
31 114 172
31 115 176
31 116 176
31 117 163
31 118 177
31 119 181
31 120 215
31 121 201
31 122 193
31 123 190
31 124 198
31 125 196
31 126 204
31 127 185

32 0 175
32 1 175
32 2 189
32 3 203
32 4 177
32 5 176
32 6 173
32 7 181
32 8 184
32 9 187
32 10 200
32 11 188
32 12 194
32 13 194
32 14 202
32 15 187
32 16 165
32 17 190
32 18 194
32 19 199
32 20 205
32 21 206
32 22 194
32 23 196
32 24 214
32 25 194
32 26 190
32 27 170
32 28 164
32 29 172
32 30 174
32 31 214
32 32 180
32 33 174
32 34 226
32 35 189
32 36 188
32 37 182
32 38 195
32 39 210
32 40 199
32 41 162
32 42 166
32 43 146
32 44 156
32 45 136
32 46 134
32 47 138
32 48 148
32 49 140
32 50 152
32 51 171
32 52 185
32 53 173
32 54 157
32 55 169
32 56 172
32 57 178
32 58 172
32 59 188
32 60 179
32 61 189
32 62 161
32 63 181
32 64 188
32 65 199
32 66 205
32 67 181
32 68 204
32 69 190
32 70 192
32 71 182
32 72 182
32 73 200
32 74 196
32 75 201
32 76 201
32 77 202
32 78 193
32 79 186
32 80 177
32 81 181
32 82 180
32 83 178
32 84 203
32 85 182
32 86 188
32 87 196
32 88 202
32 89 191
32 90 188
32 91 186
32 92 183
32 93 173
32 94 159
32 95 155
32 96 176
32 97 185
32 98 206
32 99 191
32 100 170
32 101 190
32 102 177
32 103 167
32 104 177
32 105 199
32 106 192
32 107 195
32 108 201
32 109 201
32 110 195
32 111 190
32 112 188
32 113 195
32 114 174
32 115 165
32 116 189
32 117 180
32 118 187
32 119 183
32 120 196
32 121 190
32 122 191
32 123 215
32 124 221
32 125 213
32 126 195
32 127 188

33 0 194
33 1 178
33 2 199
33 3 183
33 4 164
33 5 176
33 6 185
33 7 174
33 8 203
33 9 180
33 10 195
33 11 211
33 12 204
33 13 202
33 14 193
33 15 203
33 16 180
33 17 187
33 18 198
33 19 187
33 20 194
33 21 211
33 22 188
33 23 182
33 24 193
33 25 195
33 26 173
33 27 163
33 28 156
33 29 170
33 30 190
33 31 208
33 32 215
33 33 207
33 34 196
33 35 188
33 36 184
33 37 186
33 38 174
33 39 193
33 40 187
33 41 183
33 42 165
33 43 152
33 44 162
33 45 141
33 46 146
33 47 152
33 48 158
33 49 168
33 50 166
33 51 155
33 52 158
33 53 139
33 54 132
33 55 143
33 56 161
33 57 176
33 58 153
33 59 159
33 60 156
33 61 161
33 62 178
33 63 169
33 64 197
33 65 194
33 66 194
33 67 200
33 68 212
33 69 205
33 70 192
33 71 168
33 72 165
33 73 164
33 74 174
33 75 171
33 76 181
33 77 208
33 78 173
33 79 202
33 80 181
33 81 182
33 82 186
33 83 196
33 84 183
33 85 171
33 86 175
33 87 193
33 88 180
33 89 197
33 90 172
33 91 197
33 92 184
33 93 146
33 94 150
33 95 166
33 96 154
33 97 164
33 98 177
33 99 197
33 100 173
33 101 181
33 102 193
33 103 216
33 104 193
33 105 180
33 106 196
33 107 168
33 108 178
33 109 184
33 110 192
33 111 178
33 112 174
33 113 167
33 114 176
33 115 166
33 116 177
33 117 168
33 118 171
33 119 172
33 120 192
33 121 201
33 122 193
33 123 176
33 124 180
33 125 174
33 126 187
33 127 196

34 0 178
34 1 192
34 2 186
34 3 171
34 4 189
34 5 201
34 6 201
34 7 192
34 8 199
34 9 185
34 10 178
34 11 182
34 12 196
34 13 177
34 14 200
34 15 201
34 16 176
34 17 174
34 18 185
34 19 201
34 20 214
34 21 182
34 22 168
34 23 193
34 24 195
34 25 202
34 26 182
34 27 153
34 28 168
34 29 174
34 30 202
34 31 218
34 32 213
34 33 207
34 34 203
34 35 172
34 36 185
34 37 206
34 38 192
34 39 181
34 40 169
34 41 164
34 42 156
34 43 181
34 44 163
34 45 152
34 46 138
34 47 166
34 48 159
34 49 158
34 50 147
34 51 159
34 52 161
34 53 146
34 54 115
34 55 161
34 56 166
34 57 169
34 58 151
34 59 158
34 60 173
34 61 171
34 62 188
34 63 180
34 64 166
34 65 162
34 66 164
34 67 178
34 68 198
34 69 193
34 70 201
34 71 177
34 72 179
34 73 176
34 74 189
34 75 177
34 76 176
34 77 196
34 78 189
34 79 192
34 80 195
34 81 184
34 82 196
34 83 189
34 84 194
34 85 207
34 86 187
34 87 183
34 88 192
34 89 201
34 90 190
34 91 186
34 92 155
34 93 165
34 94 140
34 95 163
34 96 150
34 97 166
34 98 169
34 99 178
34 100 179
34 101 169
34 102 176
34 103 211
34 104 189
34 105 191
34 106 180
34 107 178
34 108 175
34 109 177
34 110 175
34 111 167
34 112 171
34 113 177
34 114 165
34 115 161
34 116 161
34 117 170
34 118 179
34 119 179
34 120 174
34 121 186
34 122 181
34 123 194
34 124 172
34 125 161
34 126 184
34 127 171

35 0 164
35 1 185
35 2 173
35 3 163
35 4 178
35 5 185
35 6 205
35 7 201
35 8 196
35 9 183
35 10 161
35 11 173
35 12 180
35 13 183
35 14 201
35 15 200
35 16 182
35 17 182
35 18 197
35 19 184
35 20 203
35 21 213
35 22 183
35 23 188
35 24 203
35 25 204
35 26 193
35 27 178
35 28 177
35 29 172
35 30 186
35 31 199
35 32 199
35 33 209
35 34 228
35 35 187
35 36 194
35 37 186
35 38 162
35 39 160
35 40 152
35 41 150
35 42 162
35 43 161
35 44 160
35 45 162
35 46 156
35 47 179
35 48 174
35 49 167
35 50 158
35 51 138
35 52 140
35 53 135
35 54 149
35 55 172
35 56 187
35 57 167
35 58 181
35 59 163
35 60 182
35 61 187
35 62 185
35 63 184
35 64 178
35 65 196
35 66 197
35 67 198
35 68 178
35 69 197
35 70 188
35 71 187
35 72 191
35 73 200
35 74 182
35 75 173
35 76 180
35 77 192
35 78 166
35 79 180
35 80 167
35 81 177
35 82 182
35 83 175
35 84 175
35 85 169
35 86 170
35 87 188
35 88 158
35 89 173
35 90 188
35 91 177
35 92 148
35 93 152
35 94 146
35 95 157
35 96 164
35 97 161
35 98 154
35 99 171
35 100 177
35 101 192
35 102 194
35 103 189
35 104 218
35 105 191
35 106 193
35 107 184
35 108 196
35 109 155
35 110 173
35 111 161
35 112 147
35 113 156
35 114 147
35 115 136
35 116 162
35 117 167
35 118 171
35 119 172
35 120 157
35 121 154
35 122 159
35 123 169
35 124 168
35 125 162
35 126 158
35 127 174

36 0 154
36 1 164
36 2 165
36 3 176
36 4 195
36 5 185
36 6 207
36 7 215
36 8 201
36 9 175
36 10 178
36 11 159
36 12 172
36 13 179
36 14 180
36 15 194
36 16 197
36 17 196
36 18 194
36 19 201
36 20 200
36 21 208
36 22 187
36 23 187
36 24 193
36 25 203
36 26 194
36 27 179
36 28 180
36 29 182
36 30 167
36 31 184
36 32 182
36 33 194
36 34 197
36 35 179
36 36 167
36 37 181
36 38 155
36 39 154
36 40 143
36 41 184
36 42 187
36 43 157
36 44 183
36 45 204
36 46 184
36 47 190
36 48 180
36 49 149
36 50 154
36 51 155
36 52 140
36 53 155
36 54 170
36 55 176
36 56 178
36 57 179
36 58 148
36 59 136
36 60 172
36 61 165
36 62 174
36 63 155
36 64 173
36 65 186
36 66 180
36 67 173
36 68 164
36 69 179
36 70 173
36 71 162
36 72 166
36 73 156
36 74 170
36 75 176
36 76 168
36 77 174
36 78 178
36 79 180
36 80 151
36 81 167
36 82 197
36 83 185
36 84 163
36 85 159
36 86 192
36 87 183
36 88 201
36 89 207
36 90 200
36 91 209
36 92 157
36 93 161
36 94 179
36 95 167
36 96 177
36 97 171
36 98 151
36 99 156
36 100 178
36 101 185
36 102 189
36 103 199
36 104 200
36 105 191
36 106 196
36 107 196
36 108 197
36 109 165
36 110 196
36 111 176
36 112 161
36 113 187
36 114 153
36 115 158
36 116 158
36 117 165
36 118 160
36 119 148
36 120 151
36 121 137
36 122 154
36 123 164
36 124 179
36 125 173
36 126 146
36 127 146

37 0 162
37 1 149
37 2 174
37 3 193
37 4 192
37 5 200
37 6 180
37 7 192
37 8 171
37 9 170
37 10 180
37 11 191
37 12 213
37 13 216
37 14 196
37 15 190
37 16 172
37 17 181
37 18 193
37 19 201
37 20 209
37 21 186
37 22 182
37 23 180
37 24 193
37 25 184
37 26 187
37 27 184
37 28 172
37 29 176
37 30 173
37 31 182
37 32 183
37 33 170
37 34 184
37 35 172
37 36 191
37 37 186
37 38 174
37 39 166
37 40 181
37 41 189
37 42 169
37 43 183
37 44 219
37 45 213
37 46 168
37 47 170
37 48 188
37 49 159
37 50 165
37 51 164
37 52 151
37 53 154
37 54 175
37 55 197
37 56 169
37 57 178
37 58 146
37 59 155
37 60 182
37 61 182
37 62 171
37 63 175
37 64 163
37 65 172
37 66 177
37 67 172
37 68 170
37 69 171
37 70 171
37 71 141
37 72 150
37 73 178
37 74 169
37 75 165
37 76 179
37 77 188
37 78 178
37 79 171
37 80 144
37 81 172
37 82 187
37 83 167
37 84 169
37 85 169
37 86 199
37 87 194
37 88 179
37 89 188
37 90 194
37 91 184
37 92 173
37 93 172
37 94 178
37 95 174
37 96 163
37 97 163
37 98 146
37 99 166
37 100 173
37 101 196
37 102 190
37 103 181
37 104 179
37 105 169
37 106 193
37 107 208
37 108 204
37 109 194
37 110 191
37 111 174
37 112 179
37 113 185
37 114 188
37 115 158
37 116 163
37 117 165
37 118 157
37 119 129
37 120 135
37 121 142
37 122 159
37 123 162
37 124 159
37 125 159
37 126 161
37 127 149

38 0 171
38 1 154
38 2 190
38 3 207
38 4 207
38 5 215
38 6 181
38 7 201
38 8 192
38 9 200
38 10 172
38 11 187
38 12 194
38 13 206
38 14 190
38 15 189
38 16 176
38 17 170
38 18 196
38 19 205
38 20 178
38 21 168
38 22 166
38 23 162
38 24 188
38 25 180
38 26 152
38 27 166
38 28 170
38 29 176
38 30 179
38 31 183
38 32 177
38 33 164
38 34 178
38 35 180
38 36 164
38 37 168
38 38 177
38 39 170
38 40 153
38 41 166
38 42 167
38 43 189
38 44 211
38 45 184
38 46 201
38 47 198
38 48 201
38 49 169
38 50 182
38 51 182
38 52 172
38 53 156
38 54 188
38 55 183
38 56 174
38 57 194
38 58 171
38 59 177
38 60 219
38 61 215
38 62 189
38 63 184
38 64 178
38 65 194
38 66 179
38 67 187
38 68 197
38 69 177
38 70 170
38 71 169
38 72 174
38 73 167
38 74 159
38 75 169
38 76 160
38 77 172
38 78 179
38 79 154
38 80 139
38 81 155
38 82 172
38 83 163
38 84 154
38 85 164
38 86 183
38 87 191
38 88 202
38 89 205
38 90 190
38 91 199
38 92 183
38 93 182
38 94 201
38 95 170
38 96 170
38 97 174
38 98 182
38 99 185
38 100 160
38 101 202
38 102 205
38 103 163
38 104 173
38 105 162
38 106 188
38 107 182
38 108 197
38 109 191
38 110 190
38 111 182
38 112 173
38 113 167
38 114 164
38 115 149
38 116 146
38 117 156
38 118 153
38 119 138
38 120 152
38 121 166
38 122 159
38 123 155
38 124 159
38 125 152
38 126 135
38 127 156

39 0 165
39 1 169
39 2 198
39 3 202
39 4 194
39 5 167
39 6 179
39 7 186
39 8 183
39 9 194
39 10 187
39 11 189
39 12 203
39 13 213
39 14 196
39 15 200
39 16 192
39 17 197
39 18 181
39 19 181
39 20 190
39 21 188
39 22 178
39 23 178
39 24 182
39 25 177
39 26 163
39 27 164
39 28 177
39 29 169
39 30 162
39 31 171
39 32 177
39 33 165
39 34 172
39 35 158
39 36 186
39 37 159
39 38 168
39 39 165
39 40 149
39 41 154
39 42 172
39 43 148
39 44 204
39 45 209
39 46 190
39 47 189
39 48 189
39 49 171
39 50 160
39 51 150
39 52 152
39 53 143
39 54 173
39 55 178
39 56 181
39 57 189
39 58 165
39 59 209
39 60 223
39 61 225
39 62 211
39 63 186
39 64 183
39 65 189
39 66 182
39 67 179
39 68 154
39 69 185
39 70 190
39 71 190
39 72 155
39 73 178
39 74 170
39 75 172
39 76 170
39 77 171
39 78 162
39 79 145
39 80 172
39 81 163
39 82 189
39 83 183
39 84 188
39 85 156
39 86 176
39 87 207
39 88 202
39 89 186
39 90 193
39 91 207
39 92 205
39 93 207
39 94 205
39 95 177
39 96 168
39 97 176
39 98 184
39 99 186
39 100 150
39 101 178
39 102 173
39 103 170
39 104 171
39 105 175
39 106 181
39 107 185
39 108 191
39 109 170
39 110 196
39 111 159
39 112 157
39 113 138
39 114 165
39 115 153
39 116 158
39 117 171
39 118 165
39 119 154
39 120 170
39 121 169
39 122 169
39 123 158
39 124 159
39 125 152
39 126 144
39 127 166

40 0 167
40 1 178
40 2 207
40 3 189
40 4 176
40 5 181
40 6 162
40 7 175
40 8 165
40 9 178
40 10 161
40 11 191
40 12 181
40 13 195
40 14 185
40 15 196
40 16 192
40 17 170
40 18 173
40 19 192
40 20 196
40 21 194
40 22 179
40 23 194
40 24 170
40 25 165
40 26 162
40 27 168
40 28 181
40 29 177
40 30 169
40 31 180
40 32 172
40 33 182
40 34 161
40 35 190
40 36 185
40 37 189
40 38 199
40 39 172
40 40 162
40 41 156
40 42 183
40 43 166
40 44 202
40 45 203
40 46 200
40 47 199
40 48 186
40 49 169
40 50 178
40 51 151
40 52 152
40 53 139
40 54 195
40 55 171
40 56 201
40 57 188
40 58 178
40 59 185
40 60 196
40 61 192
40 62 209
40 63 186
40 64 176
40 65 175
40 66 181
40 67 162
40 68 169
40 69 186
40 70 210
40 71 198
40 72 159
40 73 155
40 74 170
40 75 189
40 76 167
40 77 154
40 78 166
40 79 169
40 80 171
40 81 189
40 82 189
40 83 168
40 84 166
40 85 169
40 86 212
40 87 173
40 88 201
40 89 187
40 90 203
40 91 201
40 92 199
40 93 183
40 94 176
40 95 203
40 96 191
40 97 181
40 98 189
40 99 180
40 100 167
40 101 157
40 102 169
40 103 159
40 104 170
40 105 169
40 106 177
40 107 194
40 108 172
40 109 175
40 110 192
40 111 182
40 112 170
40 113 158
40 114 170
40 115 187
40 116 203
40 117 193
40 118 189
40 119 185
40 120 209
40 121 198
40 122 201
40 123 185
40 124 184
40 125 160
40 126 161
40 127 155

41 0 162
41 1 184
41 2 206
41 3 195
41 4 171
41 5 155
41 6 177
41 7 184
41 8 177
41 9 186
41 10 188
41 11 194
41 12 187
41 13 186
41 14 203
41 15 201
41 16 178
41 17 156
41 18 168
41 19 180
41 20 197
41 21 199
41 22 185
41 23 165
41 24 186
41 25 161
41 26 161
41 27 169
41 28 174
41 29 164
41 30 174
41 31 174
41 32 209
41 33 202
41 34 197
41 35 209
41 36 188
41 37 172
41 38 167
41 39 180
41 40 164
41 41 177
41 42 198
41 43 179
41 44 207
41 45 201
41 46 184
41 47 192
41 48 185
41 49 163
41 50 183
41 51 160
41 52 146
41 53 145
41 54 184
41 55 195
41 56 185
41 57 209
41 58 172
41 59 178
41 60 184
41 61 200
41 62 201
41 63 168
41 64 167
41 65 167
41 66 182
41 67 179
41 68 192
41 69 204
41 70 202
41 71 187
41 72 161
41 73 151
41 74 150
41 75 175
41 76 162
41 77 167
41 78 198
41 79 206
41 80 181
41 81 185
41 82 194
41 83 181
41 84 174
41 85 184
41 86 184
41 87 187
41 88 186
41 89 166
41 90 177
41 91 172
41 92 184
41 93 198
41 94 192
41 95 193
41 96 189
41 97 178
41 98 173
41 99 149
41 100 173
41 101 180
41 102 173
41 103 166
41 104 187
41 105 205
41 106 198
41 107 202
41 108 188
41 109 172
41 110 189
41 111 188
41 112 174
41 113 167
41 114 168
41 115 188
41 116 192
41 117 207
41 118 176
41 119 172
41 120 205
41 121 198
41 122 208
41 123 203
41 124 183
41 125 160
41 126 151
41 127 156

42 0 153
42 1 173
42 2 189
42 3 174
42 4 168
42 5 170
42 6 151
42 7 160
42 8 173
42 9 210
42 10 189
42 11 211
42 12 215
42 13 211
42 14 190
42 15 201
42 16 190
42 17 176
42 18 185
42 19 164
42 20 173
42 21 213
42 22 194
42 23 185
42 24 198
42 25 171
42 26 162
42 27 173
42 28 159
42 29 170
42 30 186
42 31 195
42 32 186
42 33 191
42 34 192
42 35 204
42 36 189
42 37 168
42 38 167
42 39 156
42 40 141
42 41 173
42 42 171
42 43 183
42 44 195
42 45 216
42 46 201
42 47 223
42 48 221
42 49 178
42 50 173
42 51 158
42 52 155
42 53 156
42 54 185
42 55 187
42 56 194
42 57 176
42 58 168
42 59 171
42 60 197
42 61 196
42 62 190
42 63 164
42 64 172
42 65 167
42 66 179
42 67 175
42 68 177
42 69 175
42 70 180
42 71 176
42 72 165
42 73 157
42 74 158
42 75 162
42 76 172
42 77 194
42 78 186
42 79 185
42 80 189
42 81 180
42 82 192
42 83 186
42 84 200
42 85 174
42 86 202
42 87 198
42 88 186
42 89 176
42 90 160
42 91 171
42 92 182
42 93 183
42 94 180
42 95 208
42 96 203
42 97 195
42 98 164
42 99 187
42 100 160
42 101 185
42 102 204
42 103 185
42 104 172
42 105 167
42 106 197
42 107 204
42 108 206
42 109 181
42 110 160
42 111 203
42 112 200
42 113 170
42 114 197
42 115 177
42 116 205
42 117 206
42 118 202
42 119 192
42 120 207
42 121 195
42 122 212
42 123 185
42 124 190
42 125 179
42 126 140
42 127 147

43 0 157
43 1 176
43 2 202
43 3 194
43 4 185
43 5 170
43 6 167
43 7 156
43 8 185
43 9 204
43 10 183
43 11 177
43 12 187
43 13 202
43 14 190
43 15 198
43 16 168
43 17 164
43 18 178
43 19 172
43 20 183
43 21 205
43 22 175
43 23 184
43 24 187
43 25 185
43 26 170
43 27 167
43 28 169
43 29 179
43 30 192
43 31 203
43 32 185
43 33 191
43 34 209
43 35 186
43 36 182
43 37 169
43 38 170
43 39 166
43 40 164
43 41 179
43 42 181
43 43 190
43 44 222
43 45 221
43 46 193
43 47 194
43 48 224
43 49 183
43 50 182
43 51 171
43 52 151
43 53 146
43 54 174
43 55 175
43 56 174
43 57 179
43 58 186
43 59 205
43 60 170
43 61 206
43 62 192
43 63 183
43 64 161
43 65 166
43 66 177
43 67 181
43 68 177
43 69 185
43 70 180
43 71 195
43 72 176
43 73 163
43 74 149
43 75 178
43 76 165
43 77 175
43 78 198
43 79 199
43 80 177
43 81 185
43 82 170
43 83 177
43 84 209
43 85 199
43 86 203
43 87 207
43 88 184
43 89 190
43 90 150
43 91 152
43 92 153
43 93 185
43 94 158
43 95 185
43 96 175
43 97 191
43 98 178
43 99 186
43 100 171
43 101 151
43 102 197
43 103 187
43 104 171
43 105 166
43 106 169
43 107 185
43 108 184
43 109 181
43 110 178
43 111 188
43 112 174
43 113 152
43 114 187
43 115 166
43 116 177
43 117 178
43 118 191
43 119 188
43 120 173
43 121 193
43 122 180
43 123 194
43 124 185
43 125 165
43 126 167
43 127 135

44 0 163
44 1 193
44 2 208
44 3 204
44 4 197
44 5 206
44 6 185
44 7 192
44 8 192
44 9 198
44 10 187
44 11 192
44 12 188
44 13 200
44 14 182
44 15 187
44 16 175
44 17 191
44 18 200
44 19 182
44 20 186
44 21 182
44 22 164
44 23 175
44 24 186
44 25 183
44 26 165
44 27 173
44 28 196
44 29 197
44 30 214
44 31 212
44 32 194
44 33 174
44 34 168
44 35 171
44 36 188
44 37 177
44 38 181
44 39 167
44 40 149
44 41 171
44 42 189
44 43 184
44 44 200
44 45 218
44 46 219
44 47 206
44 48 196
44 49 172
44 50 173
44 51 150
44 52 144
44 53 156
44 54 152
44 55 177
44 56 168
44 57 189
44 58 181
44 59 194
44 60 176
44 61 170
44 62 163
44 63 168
44 64 166
44 65 160
44 66 199
44 67 190
44 68 189
44 69 192
44 70 174
44 71 175
44 72 178
44 73 166
44 74 141
44 75 180
44 76 178
44 77 166
44 78 183
44 79 192
44 80 188
44 81 179
44 82 170
44 83 183
44 84 208
44 85 197
44 86 204
44 87 203
44 88 191
44 89 188
44 90 161
44 91 151
44 92 182
44 93 200
44 94 188
44 95 178
44 96 180
44 97 192
44 98 187
44 99 166
44 100 175
44 101 180
44 102 198
44 103 197
44 104 192
44 105 195
44 106 182
44 107 170
44 108 196
44 109 197
44 110 200
44 111 185
44 112 173
44 113 160
44 114 183
44 115 181
44 116 200
44 117 174
44 118 178
44 119 174
44 120 174
44 121 163
44 122 182
44 123 188
44 124 178
44 125 177
44 126 173
44 127 133

45 0 165
45 1 177
45 2 191
45 3 214
45 4 198
45 5 202
45 6 182
45 7 182
45 8 189
45 9 171
45 10 172
45 11 168
45 12 180
45 13 195
45 14 168
45 15 186
45 16 191
45 17 173
45 18 182
45 19 168
45 20 183
45 21 170
45 22 167
45 23 189
45 24 169
45 25 170
45 26 178
45 27 181
45 28 186
45 29 186
45 30 200
45 31 213
45 32 172
45 33 177
45 34 185
45 35 190
45 36 183
45 37 182
45 38 177
45 39 174
45 40 174
45 41 189
45 42 191
45 43 195
45 44 205
45 45 207
45 46 209
45 47 182
45 48 174
45 49 154
45 50 148
45 51 161
45 52 161
45 53 148
45 54 171
45 55 184
45 56 193
45 57 187
45 58 181
45 59 190
45 60 194
45 61 168
45 62 182
45 63 183
45 64 194
45 65 184
45 66 178
45 67 186
45 68 183
45 69 210
45 70 153
45 71 166
45 72 176
45 73 175
45 74 173
45 75 183
45 76 186
45 77 181
45 78 191
45 79 182
45 80 183
45 81 178
45 82 185
45 83 184
45 84 191
45 85 190
45 86 194
45 87 189
45 88 175
45 89 157
45 90 171
45 91 159
45 92 172
45 93 189
45 94 162
45 95 166
45 96 180
45 97 184
45 98 193
45 99 180
45 100 202
45 101 179
45 102 202
45 103 199
45 104 217
45 105 186
45 106 186
45 107 173
45 108 192
45 109 207
45 110 172
45 111 167
45 112 179
45 113 181
45 114 183
45 115 188
45 116 187
45 117 188
45 118 205
45 119 181
45 120 201
45 121 196
45 122 190
45 123 191
45 124 181
45 125 183
45 126 183
45 127 150

46 0 147
46 1 170
46 2 191
46 3 189
46 4 189
46 5 201
46 6 183
46 7 194
46 8 198
46 9 189
46 10 171
46 11 165
46 12 187
46 13 177
46 14 159
46 15 190
46 16 194
46 17 198
46 18 178
46 19 201
46 20 189
46 21 181
46 22 178
46 23 174
46 24 157
46 25 171
46 26 177
46 27 172
46 28 171
46 29 167
46 30 199
46 31 185
46 32 190
46 33 171
46 34 176
46 35 198
46 36 174
46 37 186
46 38 177
46 39 184
46 40 183
46 41 216
46 42 225
46 43 202
46 44 188
46 45 202
46 46 217
46 47 195
46 48 198
46 49 161
46 50 153
46 51 156
46 52 153
46 53 146
46 54 194
46 55 216
46 56 190
46 57 183
46 58 209
46 59 180
46 60 182
46 61 183
46 62 195
46 63 196
46 64 201
46 65 182
46 66 202
46 67 204
46 68 181
46 69 182
46 70 182
46 71 177
46 72 197
46 73 182
46 74 161
46 75 180
46 76 166
46 77 169
46 78 186
46 79 180
46 80 169
46 81 168
46 82 174
46 83 163
46 84 180
46 85 184
46 86 202
46 87 181
46 88 158
46 89 161
46 90 159
46 91 156
46 92 180
46 93 136
46 94 149
46 95 152
46 96 162
46 97 181
46 98 198
46 99 196
46 100 189
46 101 189
46 102 205
46 103 187
46 104 174
46 105 177
46 106 193
46 107 185
46 108 195
46 109 208
46 110 194
46 111 193
46 112 214
46 113 194
46 114 181
46 115 217
46 116 191
46 117 180
46 118 192
46 119 194
46 120 206
46 121 205
46 122 206
46 123 196
46 124 190
46 125 163
46 126 178
46 127 159

47 0 148
47 1 184
47 2 175
47 3 197
47 4 189
47 5 160
47 6 174
47 7 172
47 8 168
47 9 171
47 10 170
47 11 165
47 12 175
47 13 165
47 14 170
47 15 184
47 16 197
47 17 214
47 18 218
47 19 211
47 20 174
47 21 186
47 22 202
47 23 181
47 24 186
47 25 186
47 26 180
47 27 166
47 28 175
47 29 176
47 30 169
47 31 201
47 32 183
47 33 183
47 34 177
47 35 151
47 36 155
47 37 183
47 38 202
47 39 209
47 40 193
47 41 203
47 42 223
47 43 184
47 44 198
47 45 213
47 46 206
47 47 183
47 48 209
47 49 146
47 50 156
47 51 152
47 52 146
47 53 134
47 54 185
47 55 192
47 56 190
47 57 183
47 58 183
47 59 175
47 60 185
47 61 182
47 62 198
47 63 181
47 64 206
47 65 185
47 66 200
47 67 179
47 68 182
47 69 162
47 70 172
47 71 193
47 72 199
47 73 191
47 74 190
47 75 197
47 76 182
47 77 189
47 78 183
47 79 185
47 80 188
47 81 174
47 82 172
47 83 177
47 84 180
47 85 186
47 86 195
47 87 184
47 88 183
47 89 187
47 90 173
47 91 166
47 92 163
47 93 164
47 94 140
47 95 155
47 96 173
47 97 151
47 98 147
47 99 161
47 100 181
47 101 204
47 102 199
47 103 180
47 104 170
47 105 196
47 106 194
47 107 191
47 108 194
47 109 211
47 110 188
47 111 209
47 112 179
47 113 185
47 114 157
47 115 192
47 116 208
47 117 191
47 118 204
47 119 197
47 120 200
47 121 208
47 122 180
47 123 192
47 124 167
47 125 169
47 126 159
47 127 157

48 0 168
48 1 169
48 2 179
48 3 189
48 4 174
48 5 189
48 6 168
48 7 157
48 8 160
48 9 157
48 10 162
48 11 165
48 12 165
48 13 156
48 14 169
48 15 190
48 16 214
48 17 220
48 18 208
48 19 210
48 20 211
48 21 199
48 22 176
48 23 164
48 24 197
48 25 195
48 26 184
48 27 170
48 28 165
48 29 188
48 30 196
48 31 190
48 32 177
48 33 186
48 34 174
48 35 142
48 36 179
48 37 192
48 38 183
48 39 198
48 40 204
48 41 196
48 42 195
48 43 181
48 44 182
48 45 188
48 46 189
48 47 185
48 48 191
48 49 144
48 50 149
48 51 168
48 52 149
48 53 145
48 54 170
48 55 173
48 56 173
48 57 184
48 58 182
48 59 172
48 60 188
48 61 202
48 62 206
48 63 204
48 64 207
48 65 185
48 66 189
48 67 176
48 68 175
48 69 175
48 70 187
48 71 205
48 72 189
48 73 190
48 74 176
48 75 187
48 76 189
48 77 184
48 78 184
48 79 174
48 80 200
48 81 190
48 82 177
48 83 175
48 84 171
48 85 179
48 86 185
48 87 180
48 88 181
48 89 195
48 90 170
48 91 196
48 92 191
48 93 172
48 94 174
48 95 161
48 96 186
48 97 177
48 98 167
48 99 158
48 100 163
48 101 152
48 102 164
48 103 161
48 104 161
48 105 204
48 106 194
48 107 196
48 108 179
48 109 202
48 110 202
48 111 210
48 112 190
48 113 173
48 114 182
48 115 180
48 116 194
48 117 202
48 118 205
48 119 220
48 120 205
48 121 177
48 122 200
48 123 196
48 124 186
48 125 176
48 126 170
48 127 145

49 0 179
49 1 185
49 2 157
49 3 184
49 4 194
49 5 195
49 6 192
49 7 161
49 8 183
49 9 161
49 10 161
49 11 164
49 12 166
49 13 175
49 14 188
49 15 184
49 16 197
49 17 202
49 18 186
49 19 192
49 20 191
49 21 189
49 22 193
49 23 185
49 24 167
49 25 177
49 26 184
49 27 185
49 28 171
49 29 184
49 30 215
49 31 194
49 32 172
49 33 203
49 34 189
49 35 177
49 36 200
49 37 190
49 38 184
49 39 200
49 40 200
49 41 176
49 42 192
49 43 174
49 44 177
49 45 196
49 46 200
49 47 180
49 48 189
49 49 155
49 50 164
49 51 154
49 52 128
49 53 143
49 54 151
49 55 159
49 56 188
49 57 189
49 58 173
49 59 170
49 60 173
49 61 187
49 62 196
49 63 191
49 64 179
49 65 181
49 66 180
49 67 169
49 68 172
49 69 185
49 70 193
49 71 186
49 72 196
49 73 189
49 74 175
49 75 169
49 76 169
49 77 176
49 78 175
49 79 186
49 80 198
49 81 194
49 82 181
49 83 196
49 84 172
49 85 177
49 86 194
49 87 168
49 88 193
49 89 191
49 90 182
49 91 189
49 92 193
49 93 192
49 94 206
49 95 182
49 96 154
49 97 153
49 98 159
49 99 151
49 100 178
49 101 183
49 102 174
49 103 172
49 104 178
49 105 172
49 106 184
49 107 189
49 108 194
49 109 201
49 110 198
49 111 193
49 112 177
49 113 193
49 114 175
49 115 167
49 116 173
49 117 176
49 118 188
49 119 185
49 120 197
49 121 182
49 122 173
49 123 183
49 124 204
49 125 187
49 126 174
49 127 161

50 0 154
50 1 189
50 2 169
50 3 182
50 4 195
50 5 201
50 6 186
50 7 178
50 8 190
50 9 208
50 10 188
50 11 171
50 12 166
50 13 174
50 14 172
50 15 174
50 16 184
50 17 170
50 18 177
50 19 216
50 20 192
50 21 191
50 22 202
50 23 177
50 24 190
50 25 160
50 26 173
50 27 196
50 28 186
50 29 186
50 30 194
50 31 175
50 32 169
50 33 173
50 34 175
50 35 170
50 36 180
50 37 195
50 38 188
50 39 189
50 40 198
50 41 182
50 42 185
50 43 183
50 44 160
50 45 155
50 46 180
50 47 190
50 48 188
50 49 155
50 50 149
50 51 158
50 52 157
50 53 148
50 54 179
50 55 174
50 56 171
50 57 200
50 58 179
50 59 178
50 60 196
50 61 175
50 62 185
50 63 187
50 64 185
50 65 188
50 66 189
50 67 169
50 68 187
50 69 185
50 70 202
50 71 198
50 72 197
50 73 200
50 74 191
50 75 167
50 76 169
50 77 179
50 78 178
50 79 186
50 80 191
50 81 193
50 82 187
50 83 167
50 84 172
50 85 173
50 86 206
50 87 180
50 88 169
50 89 159
50 90 171
50 91 174
50 92 179
50 93 190
50 94 181
50 95 175
50 96 166
50 97 181
50 98 168
50 99 167
50 100 153
50 101 164
50 102 149
50 103 169
50 104 199
50 105 190
50 106 196
50 107 184
50 108 170
50 109 195
50 110 197
50 111 177
50 112 182
50 113 178
50 114 159
50 115 165
50 116 175
50 117 177
50 118 182
50 119 165
50 120 189
50 121 166
50 122 174
50 123 187
50 124 191
50 125 182
50 126 192
50 127 173

51 0 164
51 1 173
51 2 168
51 3 182
51 4 179
51 5 175
51 6 185
51 7 178
51 8 170
51 9 210
51 10 185
51 11 165
51 12 178
51 13 178
51 14 164
51 15 164
51 16 156
51 17 182
51 18 178
51 19 195
51 20 186
51 21 189
51 22 187
51 23 187
51 24 190
51 25 184
51 26 189
51 27 202
51 28 224
51 29 196
51 30 204
51 31 184
51 32 186
51 33 175
51 34 185
51 35 175
51 36 189
51 37 181
51 38 191
51 39 186
51 40 171
51 41 179
51 42 175
51 43 177
51 44 194
51 45 196
51 46 186
51 47 188
51 48 207
51 49 156
51 50 161
51 51 152
51 52 168
51 53 162
51 54 170
51 55 169
51 56 154
51 57 167
51 58 186
51 59 185
51 60 196
51 61 208
51 62 199
51 63 200
51 64 188
51 65 174
51 66 177
51 67 170
51 68 188
51 69 186
51 70 198
51 71 187
51 72 185
51 73 186
51 74 202
51 75 166
51 76 181
51 77 188
51 78 174
51 79 180
51 80 176
51 81 188
51 82 167
51 83 164
51 84 181
51 85 201
51 86 198
51 87 188
51 88 191
51 89 170
51 90 187
51 91 192
51 92 178
51 93 191
51 94 189
51 95 186
51 96 182
51 97 187
51 98 171
51 99 171
51 100 176
51 101 179
51 102 172
51 103 174
51 104 186
51 105 180
51 106 184
51 107 187
51 108 176
51 109 160
51 110 173
51 111 182
51 112 189
51 113 178
51 114 164
51 115 191
51 116 175
51 117 154
51 118 167
51 119 158
51 120 185
51 121 189
51 122 188
51 123 191
51 124 184
51 125 165
51 126 205
51 127 173

52 0 171
52 1 169
52 2 158
52 3 175
52 4 189
52 5 184
52 6 169
52 7 179
52 8 165
52 9 181
52 10 176
52 11 179
52 12 182
52 13 193
52 14 194
52 15 173
52 16 178
52 17 182
52 18 213
52 19 194
52 20 198
52 21 187
52 22 186
52 23 187
52 24 179
52 25 200
52 26 183
52 27 187
52 28 190
52 29 171
52 30 185
52 31 182
52 32 189
52 33 190
52 34 179
52 35 165
52 36 182
52 37 179
52 38 185
52 39 180
52 40 166
52 41 171
52 42 185
52 43 187
52 44 215
52 45 204
52 46 200
52 47 192
52 48 201
52 49 156
52 50 137
52 51 146
52 52 144
52 53 164
52 54 159
52 55 174
52 56 162
52 57 175
52 58 186
52 59 186
52 60 186
52 61 182
52 62 202
52 63 202
52 64 209
52 65 181
52 66 186
52 67 174
52 68 176
52 69 171
52 70 173
52 71 165
52 72 171
52 73 211
52 74 201
52 75 207
52 76 203
52 77 183
52 78 185
52 79 190
52 80 181
52 81 189
52 82 189
52 83 173
52 84 167
52 85 194
52 86 194
52 87 181
52 88 191
52 89 181
52 90 175
52 91 178
52 92 183
52 93 195
52 94 178
52 95 184
52 96 178
52 97 189
52 98 180
52 99 160
52 100 174
52 101 163
52 102 172
52 103 175
52 104 170
52 105 185
52 106 177
52 107 192
52 108 154
52 109 184
52 110 161
52 111 169
52 112 198
52 113 169
52 114 168
52 115 189
52 116 170
52 117 153
52 118 173
52 119 165
52 120 195
52 121 169
52 122 179
52 123 188
52 124 180
52 125 171
52 126 169
52 127 176

53 0 163
53 1 186
53 2 191
53 3 199
53 4 168
53 5 183
53 6 188
53 7 178
53 8 173
53 9 177
53 10 184
53 11 188
53 12 192
53 13 182
53 14 192
53 15 166
53 16 200
53 17 200
53 18 206
53 19 215
53 20 196
53 21 177
53 22 185
53 23 190
53 24 200
53 25 208
53 26 188
53 27 185
53 28 168
53 29 164
53 30 178
53 31 194
53 32 196
53 33 172
53 34 196
53 35 176
53 36 165
53 37 176
53 38 171
53 39 167
53 40 177
53 41 195
53 42 175
53 43 182
53 44 205
53 45 198
53 46 197
53 47 204
53 48 196
53 49 141
53 50 135
53 51 137
53 52 161
53 53 183
53 54 167
53 55 180
53 56 167
53 57 169
53 58 193
53 59 179
53 60 187
53 61 165
53 62 194
53 63 195
53 64 189
53 65 186
53 66 183
53 67 174
53 68 190
53 69 184
53 70 157
53 71 146
53 72 179
53 73 186
53 74 178
53 75 184
53 76 222
53 77 199
53 78 190
53 79 186
53 80 181
53 81 156
53 82 164
53 83 154
53 84 154
53 85 168
53 86 162
53 87 173
53 88 181
53 89 165
53 90 174
53 91 152
53 92 162
53 93 158
53 94 173
53 95 167
53 96 171
53 97 161
53 98 191
53 99 175
53 100 187
53 101 169
53 102 170
53 103 157
53 104 165
53 105 179
53 106 178
53 107 162
53 108 159
53 109 138
53 110 169
53 111 196
53 112 192
53 113 183
53 114 194
53 115 210
53 116 205
53 117 194
53 118 176
53 119 178
53 120 196
53 121 187
53 122 178
53 123 193
53 124 177
53 125 179
53 126 161
53 127 187

54 0 180
54 1 196
54 2 194
54 3 207
54 4 198
54 5 193
54 6 188
54 7 181
54 8 172
54 9 180
54 10 182
54 11 193
54 12 199
54 13 192
54 14 187
54 15 178
54 16 193
54 17 204
54 18 193
54 19 218
54 20 202
54 21 187
54 22 170
54 23 202
54 24 189
54 25 196
54 26 175
54 27 192
54 28 159
54 29 166
54 30 195
54 31 195
54 32 198
54 33 185
54 34 201
54 35 187
54 36 176
54 37 177
54 38 183
54 39 183
54 40 193
54 41 195
54 42 184
54 43 189
54 44 185
54 45 198
54 46 175
54 47 169
54 48 166
54 49 151
54 50 124
54 51 133
54 52 176
54 53 170
54 54 173
54 55 161
54 56 175
54 57 158
54 58 191
54 59 188
54 60 180
54 61 169
54 62 178
54 63 201
54 64 205
54 65 214
54 66 194
54 67 185
54 68 193
54 69 169
54 70 166
54 71 158
54 72 128
54 73 188
54 74 166
54 75 187
54 76 201
54 77 185
54 78 174
54 79 192
54 80 185
54 81 151
54 82 144
54 83 156
54 84 163
54 85 173
54 86 176
54 87 140
54 88 159
54 89 167
54 90 177
54 91 169
54 92 179
54 93 157
54 94 171
54 95 169
54 96 173
54 97 174
54 98 175
54 99 175
54 100 181
54 101 184
54 102 186
54 103 180
54 104 170
54 105 180
54 106 174
54 107 181
54 108 170
54 109 163
54 110 175
54 111 173
54 112 178
54 113 175
54 114 186
54 115 202
54 116 198
54 117 209
54 118 187
54 119 170
54 120 204
54 121 190
54 122 195
54 123 174
54 124 172
54 125 164
54 126 171
54 127 184

55 0 187
55 1 172
55 2 196
55 3 207
55 4 206
55 5 183
55 6 186
55 7 169
55 8 146
55 9 173
55 10 170
55 11 188
55 12 187
55 13 172
55 14 180
55 15 170
55 16 168
55 17 200
55 18 173
55 19 185
55 20 201
55 21 194
55 22 191
55 23 201
55 24 187
55 25 166
55 26 192
55 27 180
55 28 176
55 29 182
55 30 192
55 31 194
55 32 198
55 33 200
55 34 197
55 35 176
55 36 182
55 37 157
55 38 185
55 39 171
55 40 187
55 41 159
55 42 160
55 43 179
55 44 166
55 45 165
55 46 176
55 47 145
55 48 174
55 49 132
55 50 119
55 51 121
55 52 183
55 53 164
55 54 171
55 55 158
55 56 170
55 57 162
55 58 183
55 59 194
55 60 197
55 61 185
55 62 171
55 63 199
55 64 182
55 65 189
55 66 196
55 67 189
55 68 163
55 69 142
55 70 160
55 71 162
55 72 168
55 73 200
55 74 174
55 75 148
55 76 176
55 77 180
55 78 179
55 79 186
55 80 176
55 81 160
55 82 136
55 83 166
55 84 180
55 85 212
55 86 174
55 87 157
55 88 163
55 89 164
55 90 176
55 91 208
55 92 209
55 93 194
55 94 180
55 95 170
55 96 150
55 97 168
55 98 163
55 99 169
55 100 187
55 101 158
55 102 184
55 103 162
55 104 178
55 105 164
55 106 170
55 107 186
55 108 191
55 109 179
55 110 169
55 111 171
55 112 213
55 113 163
55 114 171
55 115 201
55 116 177
55 117 183
55 118 170
55 119 196
55 120 193
55 121 187
55 122 195
55 123 185
55 124 195
55 125 188
55 126 194
55 127 201

56 0 176
56 1 171
56 2 180
56 3 201
56 4 199
56 5 179
56 6 173
56 7 175
56 8 162
56 9 180
56 10 173
56 11 174
56 12 160
56 13 172
56 14 145
56 15 153
56 16 156
56 17 190
56 18 148
56 19 191
56 20 201
56 21 191
56 22 214
56 23 190
56 24 190
56 25 186
56 26 186
56 27 180
56 28 172
56 29 164
56 30 185
56 31 187
56 32 163
56 33 190
56 34 188
56 35 174
56 36 167
56 37 182
56 38 172
56 39 177
56 40 178
56 41 178
56 42 158
56 43 171
56 44 157
56 45 148
56 46 177
56 47 158
56 48 159
56 49 121
56 50 140
56 51 132
56 52 180
56 53 175
56 54 173
56 55 179
56 56 171
56 57 160
56 58 195
56 59 188
56 60 207
56 61 183
56 62 170
56 63 185
56 64 171
56 65 199
56 66 195
56 67 178
56 68 177
56 69 174
56 70 168
56 71 135
56 72 174
56 73 168
56 74 159
56 75 162
56 76 177
56 77 190
56 78 165
56 79 166
56 80 164
56 81 148
56 82 121
56 83 128
56 84 168
56 85 186
56 86 187
56 87 182
56 88 161
56 89 159
56 90 185
56 91 196
56 92 190
56 93 167
56 94 162
56 95 163
56 96 163
56 97 163
56 98 197
56 99 194
56 100 190
56 101 186
56 102 174
56 103 178
56 104 174
56 105 178
56 106 173
56 107 180
56 108 190
56 109 187
56 110 185
56 111 175
56 112 198
56 113 199
56 114 185
56 115 191
56 116 183
56 117 175
56 118 189
56 119 186
56 120 203
56 121 199
56 122 201
56 123 172
56 124 183
56 125 184
56 126 169
56 127 197

57 0 170
57 1 151
57 2 175
57 3 206
57 4 197
57 5 169
57 6 165
57 7 174
57 8 151
57 9 163
57 10 145
57 11 150
57 12 156
57 13 169
57 14 187
57 15 170
57 16 171
57 17 177
57 18 186
57 19 179
57 20 194
57 21 203
57 22 200
57 23 207
57 24 193
57 25 184
57 26 171
57 27 176
57 28 183
57 29 187
57 30 191
57 31 170
57 32 177
57 33 199
57 34 215
57 35 200
57 36 190
57 37 186
57 38 181
57 39 184
57 40 165
57 41 161
57 42 179
57 43 143
57 44 146
57 45 160
57 46 174
57 47 173
57 48 181
57 49 140
57 50 131
57 51 127
57 52 166
57 53 158
57 54 181
57 55 176
57 56 179
57 57 191
57 58 218
57 59 194
57 60 205
57 61 207
57 62 190
57 63 205
57 64 181
57 65 175
57 66 182
57 67 205
57 68 200
57 69 171
57 70 181
57 71 183
57 72 199
57 73 171
57 74 174
57 75 197
57 76 202
57 77 183
57 78 174
57 79 159
57 80 153
57 81 157
57 82 143
57 83 140
57 84 146
57 85 176
57 86 191
57 87 186
57 88 178
57 89 171
57 90 191
57 91 190
57 92 185
57 93 165
57 94 164
57 95 168
57 96 176
57 97 165
57 98 196
57 99 197
57 100 189
57 101 196
57 102 179
57 103 176
57 104 168
57 105 168
57 106 173
57 107 174
57 108 178
57 109 166
57 110 182
57 111 184
57 112 178
57 113 188
57 114 185
57 115 197
57 116 206
57 117 187
57 118 168
57 119 179
57 120 184
57 121 182
57 122 172
57 123 149
57 124 161
57 125 197
57 126 188
57 127 189

58 0 154
58 1 176
58 2 177
58 3 183
58 4 193
58 5 192
58 6 175
58 7 157
58 8 157
58 9 161
58 10 162
58 11 176
58 12 140
58 13 156
58 14 168
58 15 170
58 16 176
58 17 200
58 18 176
58 19 205
58 20 209
58 21 197
58 22 199
58 23 186
58 24 195
58 25 182
58 26 170
58 27 186
58 28 179
58 29 189
58 30 168
58 31 171
58 32 181
58 33 191
58 34 193
58 35 205
58 36 177
58 37 178
58 38 158
58 39 176
58 40 168
58 41 170
58 42 166
58 43 157
58 44 140
58 45 159
58 46 195
58 47 185
58 48 188
58 49 157
58 50 148
58 51 132
58 52 182
58 53 156
58 54 163
58 55 164
58 56 187
58 57 174
58 58 192
58 59 195
58 60 202
58 61 198
58 62 189
58 63 194
58 64 180
58 65 181
58 66 181
58 67 191
58 68 179
58 69 188
58 70 196
58 71 178
58 72 190
58 73 191
58 74 207
58 75 190
58 76 198
58 77 182
58 78 182
58 79 200
58 80 198
58 81 198
58 82 188
58 83 173
58 84 171
58 85 169
58 86 183
58 87 178
58 88 156
58 89 153
58 90 154
58 91 171
58 92 144
58 93 144
58 94 163
58 95 164
58 96 161
58 97 173
58 98 186
58 99 194
58 100 169
58 101 202
58 102 177
58 103 181
58 104 171
58 105 172
58 106 164
58 107 178
58 108 191
58 109 171
58 110 173
58 111 175
58 112 182
58 113 185
58 114 193
58 115 178
58 116 197
58 117 186
58 118 178
58 119 179
58 120 192
58 121 200
58 122 177
58 123 155
58 124 143
58 125 200
58 126 198
58 127 209

59 0 171
59 1 165
59 2 176
59 3 182
59 4 190
59 5 187
59 6 198
59 7 166
59 8 157
59 9 175
59 10 167
59 11 169
59 12 168
59 13 172
59 14 165
59 15 186
59 16 174
59 17 196
59 18 192
59 19 204
59 20 223
59 21 211
59 22 221
59 23 209
59 24 184
59 25 179
59 26 192
59 27 190
59 28 181
59 29 174
59 30 179
59 31 170
59 32 185
59 33 197
59 34 186
59 35 177
59 36 198
59 37 193
59 38 166
59 39 197
59 40 192
59 41 197
59 42 188
59 43 177
59 44 172
59 45 159
59 46 169
59 47 176
59 48 176
59 49 142
59 50 146
59 51 127
59 52 182
59 53 180
59 54 167
59 55 184
59 56 175
59 57 173
59 58 178
59 59 199
59 60 192
59 61 179
59 62 188
59 63 184
59 64 202
59 65 208
59 66 189
59 67 199
59 68 202
59 69 205
59 70 206
59 71 193
59 72 169
59 73 165
59 74 181
59 75 154
59 76 173
59 77 180
59 78 191
59 79 220
59 80 184
59 81 164
59 82 172
59 83 183
59 84 183
59 85 188
59 86 171
59 87 178
59 88 170
59 89 159
59 90 149
59 91 151
59 92 139
59 93 144
59 94 171
59 95 173
59 96 172
59 97 183
59 98 191
59 99 179
59 100 177
59 101 184
59 102 186
59 103 167
59 104 158
59 105 157
59 106 159
59 107 160
59 108 166
59 109 172
59 110 139
59 111 175
59 112 175
59 113 186
59 114 185
59 115 203
59 116 195
59 117 201
59 118 184
59 119 183
59 120 198
59 121 181
59 122 188
59 123 166
59 124 146
59 125 173
59 126 186
59 127 194

60 0 179
60 1 183
60 2 185
60 3 192
60 4 187
60 5 197
60 6 196
60 7 185
60 8 159
60 9 175
60 10 174
60 11 183
60 12 191
60 13 186
60 14 163
60 15 180
60 16 177
60 17 190
60 18 179
60 19 195
60 20 210
60 21 207
60 22 204
60 23 197
60 24 197
60 25 184
60 26 174
60 27 167
60 28 172
60 29 182
60 30 184
60 31 174
60 32 159
60 33 177
60 34 176
60 35 166
60 36 177
60 37 148
60 38 180
60 39 172
60 40 181
60 41 191
60 42 180
60 43 182
60 44 183
60 45 182
60 46 173
60 47 174
60 48 193
60 49 138
60 50 123
60 51 123
60 52 173
60 53 161
60 54 169
60 55 175
60 56 182
60 57 177
60 58 167
60 59 170
60 60 171
60 61 176
60 62 176
60 63 199
60 64 188
60 65 182
60 66 181
60 67 202
60 68 190
60 69 203
60 70 186
60 71 166
60 72 168
60 73 145
60 74 150
60 75 152
60 76 158
60 77 154
60 78 175
60 79 205
60 80 203
60 81 194
60 82 194
60 83 195
60 84 187
60 85 194
60 86 194
60 87 165
60 88 157
60 89 164
60 90 164
60 91 146
60 92 131
60 93 151
60 94 148
60 95 151
60 96 170
60 97 190
60 98 191
60 99 193
60 100 164
60 101 161
60 102 176
60 103 174
60 104 153
60 105 146
60 106 145
60 107 139
60 108 168
60 109 180
60 110 176
60 111 193
60 112 182
60 113 174
60 114 186
60 115 195
60 116 199
60 117 198
60 118 208
60 119 200
60 120 176
60 121 192
60 122 187
60 123 172
60 124 144
60 125 178
60 126 179
60 127 200

61 0 173
61 1 172
61 2 192
61 3 190
61 4 194
61 5 192
61 6 175
61 7 181
61 8 175
61 9 159
61 10 167
61 11 169
61 12 207
61 13 192
61 14 191
61 15 174
61 16 171
61 17 176
61 18 180
61 19 190
61 20 190
61 21 196
61 22 190
61 23 210
61 24 203
61 25 190
61 26 176
61 27 145
61 28 160
61 29 188
61 30 182
61 31 175
61 32 175
61 33 178
61 34 174
61 35 166
61 36 168
61 37 153
61 38 162
61 39 191
61 40 209
61 41 178
61 42 174
61 43 174
61 44 160
61 45 145
61 46 177
61 47 167
61 48 168
61 49 127
61 50 121
61 51 125
61 52 175
61 53 173
61 54 167
61 55 159
61 56 179
61 57 185
61 58 173
61 59 151
61 60 152
61 61 164
61 62 184
61 63 178
61 64 163
61 65 167
61 66 205
61 67 203
61 68 195
61 69 189
61 70 194
61 71 179
61 72 179
61 73 138
61 74 163
61 75 178
61 76 163
61 77 185
61 78 191
61 79 184
61 80 194
61 81 197
61 82 178
61 83 203
61 84 191
61 85 196
61 86 189
61 87 185
61 88 183
61 89 166
61 90 168
61 91 118
61 92 119
61 93 170
61 94 167
61 95 181
61 96 180
61 97 181
61 98 197
61 99 210
61 100 203
61 101 180
61 102 177
61 103 176
61 104 153
61 105 157
61 106 146
61 107 149
61 108 177
61 109 206
61 110 196
61 111 190
61 112 203
61 113 208
61 114 197
61 115 190
61 116 175
61 117 195
61 118 195
61 119 194
61 120 200
61 121 198
61 122 186
61 123 177
61 124 166
61 125 192
61 126 191
61 127 172

62 0 174
62 1 172
62 2 199
62 3 177
62 4 186
62 5 195
62 6 182
62 7 160
62 8 159
62 9 167
62 10 169
62 11 150
62 12 146
62 13 163
62 14 157
62 15 183
62 16 145
62 17 179
62 18 170
62 19 198
62 20 197
62 21 196
62 22 193
62 23 202
62 24 197
62 25 197
62 26 187
62 27 176
62 28 147
62 29 160
62 30 163
62 31 154
62 32 164
62 33 166
62 34 161
62 35 176
62 36 175
62 37 176
62 38 182
62 39 169
62 40 185
62 41 196
62 42 199
62 43 181
62 44 171
62 45 164
62 46 166
62 47 190
62 48 169
62 49 151
62 50 139
62 51 115
62 52 172
62 53 170
62 54 191
62 55 179
62 56 188
62 57 189
62 58 164
62 59 154
62 60 160
62 61 168
62 62 180
62 63 168
62 64 172
62 65 179
62 66 197
62 67 201
62 68 178
62 69 175
62 70 193
62 71 170
62 72 172
62 73 166
62 74 150
62 75 167
62 76 202
62 77 199
62 78 196
62 79 188
62 80 161
62 81 192
62 82 204
62 83 195
62 84 191
62 85 181
62 86 195
62 87 163
62 88 164
62 89 166
62 90 158
62 91 118
62 92 123
62 93 145
62 94 178
62 95 193
62 96 179
62 97 174
62 98 205
62 99 208
62 100 216
62 101 208
62 102 199
62 103 191
62 104 154
62 105 145
62 106 139
62 107 168
62 108 159
62 109 163
62 110 179
62 111 173
62 112 218
62 113 211
62 114 211
62 115 214
62 116 202
62 117 191
62 118 191
62 119 208
62 120 206
62 121 204
62 122 186
62 123 190
62 124 165
62 125 178
62 126 186
62 127 192

63 0 195
63 1 192
63 2 197
63 3 196
63 4 187
63 5 201
63 6 204
63 7 185
63 8 173
63 9 158
63 10 141
63 11 137
63 12 172
63 13 166
63 14 186
63 15 174
63 16 162
63 17 169
63 18 167
63 19 183
63 20 176
63 21 178
63 22 164
63 23 187
63 24 197
63 25 181
63 26 172
63 27 161
63 28 124
63 29 143
63 30 146
63 31 160
63 32 164
63 33 167
63 34 177
63 35 173
63 36 173
63 37 167
63 38 180
63 39 188
63 40 186
63 41 191
63 42 195
63 43 188
63 44 180
63 45 176
63 46 189
63 47 173
63 48 163
63 49 152
63 50 157
63 51 140
63 52 162
63 53 201
63 54 191
63 55 176
63 56 195
63 57 186
63 58 172
63 59 161
63 60 170
63 61 190
63 62 183
63 63 189
63 64 173
63 65 166
63 66 182
63 67 195
63 68 197
63 69 175
63 70 199
63 71 181
63 72 180
63 73 177
63 74 164
63 75 174
63 76 200
63 77 199
63 78 182
63 79 211
63 80 201
63 81 221
63 82 203
63 83 177
63 84 186
63 85 200
63 86 208
63 87 191
63 88 180
63 89 186
63 90 172
63 91 148
63 92 138
63 93 163
63 94 183
63 95 207
63 96 178
63 97 164
63 98 200
63 99 214
63 100 203
63 101 185
63 102 192
63 103 180
63 104 166
63 105 174
63 106 181
63 107 165
63 108 187
63 109 185
63 110 168
63 111 164
63 112 172
63 113 210
63 114 203
63 115 229
63 116 205
63 117 211
63 118 187
63 119 186
63 120 189
63 121 186
63 122 198
63 123 180
63 124 168
63 125 191
63 126 191
63 127 220

64 0 182
64 1 176
64 2 193
64 3 184
64 4 195
64 5 178
64 6 163
64 7 166
64 8 165
64 9 166
64 10 171
64 11 156
64 12 147
64 13 183
64 14 177
64 15 168
64 16 160
64 17 152
64 18 178
64 19 172
64 20 191
64 21 188
64 22 166
64 23 184
64 24 195
64 25 171
64 26 186
64 27 148
64 28 137
64 29 142
64 30 164
64 31 172
64 32 150
64 33 141
64 34 187
64 35 158
64 36 154
64 37 166
64 38 177
64 39 180
64 40 198
64 41 198
64 42 194
64 43 171
64 44 182
64 45 155
64 46 158
64 47 174
64 48 178
64 49 155
64 50 154
64 51 146
64 52 186
64 53 205
64 54 219
64 55 202
64 56 201
64 57 205
64 58 205
64 59 194
64 60 175
64 61 195
64 62 176
64 63 189
64 64 169
64 65 168
64 66 188
64 67 219
64 68 199
64 69 191
64 70 191
64 71 189
64 72 211
64 73 159
64 74 183
64 75 169
64 76 186
64 77 165
64 78 183
64 79 193
64 80 197
64 81 198
64 82 188
64 83 184
64 84 168
64 85 191
64 86 195
64 87 186
64 88 179
64 89 155
64 90 154
64 91 135
64 92 161
64 93 185
64 94 183
64 95 176
64 96 162
64 97 183
64 98 191
64 99 197
64 100 176
64 101 175
64 102 165
64 103 182
64 104 172
64 105 190
64 106 206
64 107 219
64 108 191
64 109 166
64 110 174
64 111 171
64 112 172
64 113 172
64 114 207
64 115 208
64 116 199
64 117 203
64 118 203
64 119 174
64 120 187
64 121 189
64 122 182
64 123 171
64 124 176
64 125 197
64 126 188
64 127 201

65 0 209
65 1 181
65 2 173
65 3 180
65 4 177
65 5 157
65 6 162
65 7 159
65 8 146
65 9 161
65 10 184
65 11 180
65 12 187
65 13 189
65 14 185
65 15 196
65 16 186
65 17 186
65 18 185
65 19 172
65 20 158
65 21 161
65 22 181
65 23 185
65 24 202
65 25 197
65 26 194
65 27 171
65 28 159
65 29 163
65 30 158
65 31 165
65 32 159
65 33 157
65 34 193
65 35 144
65 36 156
65 37 156
65 38 156
65 39 170
65 40 195
65 41 200
65 42 194
65 43 180
65 44 172
65 45 154
65 46 166
65 47 173
65 48 171
65 49 166
65 50 168
65 51 158
65 52 197
65 53 204
65 54 198
65 55 182
65 56 202
65 57 204
65 58 191
65 59 186
65 60 176
65 61 184
65 62 189
65 63 181
65 64 178
65 65 165
65 66 177
65 67 205
65 68 187
65 69 199
65 70 205
65 71 185
65 72 206
65 73 216
65 74 193
65 75 175
65 76 203
65 77 205
65 78 192
65 79 197
65 80 197
65 81 195
65 82 203
65 83 192
65 84 174
65 85 196
65 86 189
65 87 172
65 88 185
65 89 172
65 90 168
65 91 159
65 92 154
65 93 148
65 94 168
65 95 190
65 96 163
65 97 169
65 98 211
65 99 193
65 100 188
65 101 166
65 102 181
65 103 173
65 104 159
65 105 197
65 106 182
65 107 223
65 108 207
65 109 151
65 110 171
65 111 163
65 112 162
65 113 188
65 114 188
65 115 191
65 116 188
65 117 216
65 118 188
65 119 176
65 120 180
65 121 173
65 122 173
65 123 164
65 124 168
65 125 192
65 126 194
65 127 190

66 0 203
66 1 169
66 2 177
66 3 185
66 4 181
66 5 162
66 6 189
66 7 184
66 8 154
66 9 180
66 10 184
66 11 185
66 12 196
66 13 202
66 14 177
66 15 206
66 16 192
66 17 201
66 18 177
66 19 173
66 20 171
66 21 184
66 22 191
66 23 203
66 24 190
66 25 181
66 26 173
66 27 162
66 28 168
66 29 170
66 30 163
66 31 177
66 32 166
66 33 158
66 34 153
66 35 157
66 36 158
66 37 138
66 38 164
66 39 166
66 40 162
66 41 191
66 42 173
66 43 199
66 44 181
66 45 185
66 46 175
66 47 182
66 48 166
66 49 149
66 50 171
66 51 192
66 52 208
66 53 197
66 54 163
66 55 166
66 56 183
66 57 179
66 58 174
66 59 174
66 60 190
66 61 192
66 62 192
66 63 192
66 64 191
66 65 175
66 66 170
66 67 197
66 68 180
66 69 207
66 70 204
66 71 203
66 72 214
66 73 211
66 74 203
66 75 197
66 76 200
66 77 211
66 78 195
66 79 193
66 80 200
66 81 179
66 82 178
66 83 199
66 84 181
66 85 184
66 86 192
66 87 194
66 88 191
66 89 157
66 90 182
66 91 155
66 92 165
66 93 158
66 94 167
66 95 174
66 96 154
66 97 159
66 98 163
66 99 165
66 100 167
66 101 157
66 102 145
66 103 177
66 104 179
66 105 177
66 106 173
66 107 169
66 108 183
66 109 178
66 110 193
66 111 188
66 112 161
66 113 167
66 114 200
66 115 198
66 116 199
66 117 200
66 118 198
66 119 159
66 120 170
66 121 165
66 122 177
66 123 160
66 124 169
66 125 182
66 126 205
66 127 216

67 0 196
67 1 185
67 2 186
67 3 167
67 4 181
67 5 178
67 6 185
67 7 187
67 8 176
67 9 188
67 10 179
67 11 183
67 12 197
67 13 192
67 14 188
67 15 190
67 16 179
67 17 168
67 18 157
67 19 185
67 20 194
67 21 191
67 22 171
67 23 172
67 24 191
67 25 162
67 26 182
67 27 178
67 28 173
67 29 151
67 30 154
67 31 198
67 32 196
67 33 189
67 34 172
67 35 174
67 36 154
67 37 160
67 38 159
67 39 152
67 40 189
67 41 186
67 42 189
67 43 187
67 44 170
67 45 165
67 46 170
67 47 162
67 48 156
67 49 151
67 50 169
67 51 177
67 52 204
67 53 181
67 54 163
67 55 180
67 56 192
67 57 177
67 58 173
67 59 176
67 60 192
67 61 182
67 62 172
67 63 182
67 64 179
67 65 175
67 66 201
67 67 191
67 68 175
67 69 184
67 70 186
67 71 215
67 72 205
67 73 208
67 74 203
67 75 187
67 76 191
67 77 180
67 78 189
67 79 197
67 80 178
67 81 169
67 82 172
67 83 169
67 84 169
67 85 201
67 86 204
67 87 201
67 88 203
67 89 174
67 90 181
67 91 179
67 92 172
67 93 164
67 94 157
67 95 155
67 96 177
67 97 174
67 98 166
67 99 150
67 100 152
67 101 162
67 102 159
67 103 149
67 104 168
67 105 166
67 106 162
67 107 159
67 108 174
67 109 177
67 110 178
67 111 154
67 112 139
67 113 160
67 114 188
67 115 181
67 116 183
67 117 178
67 118 182
67 119 173
67 120 177
67 121 158
67 122 195
67 123 182
67 124 172
67 125 197
67 126 196
67 127 213

68 0 180
68 1 180
68 2 183
68 3 160
68 4 150
68 5 167
68 6 159
68 7 153
68 8 162
68 9 173
68 10 178
68 11 184
68 12 171
68 13 165
68 14 169
68 15 179
68 16 167
68 17 180
68 18 134
68 19 145
68 20 176
68 21 162
68 22 167
68 23 168
68 24 175
68 25 178
68 26 201
68 27 183
68 28 181
68 29 184
68 30 168
68 31 188
68 32 193
68 33 188
68 34 163
68 35 153
68 36 164
68 37 164
68 38 180
68 39 180
68 40 185
68 41 186
68 42 183
68 43 194
68 44 169
68 45 183
68 46 185
68 47 171
68 48 148
68 49 158
68 50 191
68 51 189
68 52 209
68 53 198
68 54 174
68 55 178
68 56 168
68 57 171
68 58 161
68 59 168
68 60 166
68 61 152
68 62 157
68 63 178
68 64 170
68 65 183
68 66 177
68 67 183
68 68 177
68 69 166
68 70 179
68 71 212
68 72 183
68 73 190
68 74 180
68 75 192
68 76 182
68 77 186
68 78 211
68 79 196
68 80 184
68 81 179
68 82 167
68 83 175
68 84 165
68 85 200
68 86 187
68 87 212
68 88 203
68 89 199
68 90 189
68 91 178
68 92 156
68 93 149
68 94 155
68 95 172
68 96 150
68 97 146
68 98 156
68 99 149
68 100 168
68 101 155
68 102 159
68 103 154
68 104 165
68 105 159
68 106 159
68 107 160
68 108 182
68 109 179
68 110 173
68 111 163
68 112 137
68 113 167
68 114 178
68 115 166
68 116 173
68 117 163
68 118 172
68 119 161
68 120 151
68 121 179
68 122 183
68 123 184
68 124 178
68 125 185
68 126 202
68 127 195

69 0 184
69 1 175
69 2 173
69 3 152
69 4 163
69 5 127
69 6 162
69 7 163
69 8 152
69 9 155
69 10 185
69 11 193
69 12 200
69 13 159
69 14 169
69 15 186
69 16 184
69 17 174
69 18 164
69 19 159
69 20 158
69 21 147
69 22 164
69 23 168
69 24 168
69 25 194
69 26 187
69 27 200
69 28 202
69 29 168
69 30 168
69 31 174
69 32 172
69 33 166
69 34 155
69 35 175
69 36 172
69 37 198
69 38 187
69 39 179
69 40 199
69 41 182
69 42 193
69 43 187
69 44 161
69 45 178
69 46 196
69 47 176
69 48 173
69 49 175
69 50 167
69 51 170
69 52 177
69 53 183
69 54 170
69 55 164
69 56 165
69 57 167
69 58 187
69 59 178
69 60 177
69 61 181
69 62 172
69 63 172
69 64 179
69 65 168
69 66 179
69 67 192
69 68 173
69 69 173
69 70 166
69 71 189
69 72 186
69 73 208
69 74 207
69 75 165
69 76 197
69 77 182
69 78 193
69 79 196
69 80 192
69 81 190
69 82 166
69 83 175
69 84 161
69 85 193
69 86 186
69 87 211
69 88 195
69 89 197
69 90 178
69 91 164
69 92 158
69 93 171
69 94 190
69 95 173
69 96 182
69 97 156
69 98 173
69 99 168
69 100 186
69 101 196
69 102 179
69 103 168
69 104 167
69 105 169
69 106 166
69 107 175
69 108 161
69 109 191
69 110 186
69 111 173
69 112 147
69 113 162
69 114 164
69 115 156
69 116 144
69 117 156
69 118 145
69 119 164
69 120 158
69 121 165
69 122 156
69 123 177
69 124 190
69 125 174
69 126 190
69 127 177

70 0 190
70 1 175
70 2 159
70 3 157
70 4 170
70 5 166
70 6 167
70 7 168
70 8 157
70 9 186
70 10 203
70 11 206
70 12 207
70 13 184
70 14 184
70 15 190
70 16 194
70 17 185
70 18 188
70 19 176
70 20 182
70 21 158
70 22 160
70 23 174
70 24 167
70 25 190
70 26 195
70 27 195
70 28 201
70 29 161
70 30 190
70 31 187
70 32 172
70 33 180
70 34 163
70 35 189
70 36 194
70 37 166
70 38 169
70 39 174
70 40 195
70 41 158
70 42 171
70 43 168
70 44 182
70 45 199
70 46 192
70 47 188
70 48 198
70 49 200
70 50 173
70 51 184
70 52 167
70 53 179
70 54 174
70 55 173
70 56 160
70 57 182
70 58 202
70 59 168
70 60 199
70 61 194
70 62 194
70 63 201
70 64 184
70 65 181
70 66 195
70 67 203
70 68 193
70 69 151
70 70 172
70 71 179
70 72 187
70 73 195
70 74 208
70 75 179
70 76 166
70 77 185
70 78 184
70 79 199
70 80 192
70 81 159
70 82 194
70 83 171
70 84 177
70 85 204
70 86 182
70 87 169
70 88 205
70 89 193
70 90 155
70 91 149
70 92 149
70 93 180
70 94 155
70 95 161
70 96 152
70 97 151
70 98 178
70 99 186
70 100 182
70 101 156
70 102 181
70 103 172
70 104 162
70 105 175
70 106 175
70 107 156
70 108 163
70 109 159
70 110 172
70 111 169
70 112 183
70 113 167
70 114 174
70 115 150
70 116 145
70 117 169
70 118 167
70 119 165
70 120 194
70 121 183
70 122 170
70 123 196
70 124 183
70 125 186
70 126 167
70 127 191

71 0 186
71 1 186
71 2 164
71 3 149
71 4 169
71 5 164
71 6 156
71 7 165
71 8 152
71 9 189
71 10 192
71 11 186
71 12 207
71 13 190
71 14 179
71 15 211
71 16 179
71 17 195
71 18 187
71 19 176
71 20 164
71 21 176
71 22 174
71 23 184
71 24 188
71 25 178
71 26 192
71 27 181
71 28 197
71 29 190
71 30 173
71 31 186
71 32 186
71 33 188
71 34 191
71 35 178
71 36 201
71 37 197
71 38 176
71 39 165
71 40 204
71 41 230
71 42 217
71 43 184
71 44 214
71 45 175
71 46 202
71 47 178
71 48 193
71 49 193
71 50 153
71 51 152
71 52 180
71 53 166
71 54 185
71 55 189
71 56 169
71 57 187
71 58 204
71 59 220
71 60 184
71 61 196
71 62 212
71 63 188
71 64 189
71 65 178
71 66 188
71 67 210
71 68 189
71 69 170
71 70 183
71 71 187
71 72 195
71 73 191
71 74 180
71 75 178
71 76 195
71 77 188
71 78 202
71 79 200
71 80 203
71 81 190
71 82 185
71 83 177
71 84 178
71 85 187
71 86 178
71 87 185
71 88 207
71 89 169
71 90 160
71 91 159
71 92 169
71 93 172
71 94 149
71 95 153
71 96 150
71 97 133
71 98 158
71 99 176
71 100 193
71 101 189
71 102 176
71 103 183
71 104 167
71 105 173
71 106 195
71 107 196
71 108 170
71 109 178
71 110 186
71 111 167
71 112 202
71 113 193
71 114 171
71 115 156
71 116 155
71 117 145
71 118 159
71 119 191
71 120 200
71 121 200
71 122 180
71 123 194
71 124 185
71 125 161
71 126 164
71 127 187

72 0 187
72 1 167
72 2 147
72 3 160
72 4 160
72 5 167
72 6 175
72 7 160
72 8 165
72 9 196
72 10 191
72 11 185
72 12 185
72 13 180
72 14 173
72 15 191
72 16 204
72 17 191
72 18 176
72 19 161
72 20 157
72 21 187
72 22 178
72 23 196
72 24 192
72 25 181
72 26 189
72 27 169
72 28 210
72 29 197
72 30 176
72 31 190
72 32 197
72 33 196
72 34 202
72 35 192
72 36 202
72 37 185
72 38 198
72 39 189
72 40 203
72 41 187
72 42 187
72 43 186
72 44 180
72 45 186
72 46 190
72 47 200
72 48 183
72 49 186
72 50 158
72 51 186
72 52 193
72 53 178
72 54 179
72 55 189
72 56 158
72 57 182
72 58 190
72 59 199
72 60 196
72 61 197
72 62 195
72 63 209
72 64 194
72 65 189
72 66 185
72 67 177
72 68 168
72 69 185
72 70 189
72 71 178
72 72 182
72 73 179
72 74 192
72 75 158
72 76 169
72 77 209
72 78 205
72 79 182
72 80 194
72 81 190
72 82 165
72 83 168
72 84 191
72 85 191
72 86 191
72 87 180
72 88 178
72 89 174
72 90 175
72 91 176
72 92 180
72 93 174
72 94 167
72 95 181
72 96 159
72 97 148
72 98 174
72 99 162
72 100 195
72 101 188
72 102 208
72 103 187
72 104 183
72 105 187
72 106 190
72 107 177
72 108 201
72 109 206
72 110 191
72 111 178
72 112 209
72 113 208
72 114 201
72 115 175
72 116 170
72 117 154
72 118 182
72 119 184
72 120 184
72 121 189
72 122 177
72 123 188
72 124 176
72 125 164
72 126 157
72 127 167

73 0 192
73 1 179
73 2 169
73 3 164
73 4 158
73 5 172
73 6 169
73 7 180
73 8 178
73 9 173
73 10 160
73 11 188
73 12 188
73 13 175
73 14 175
73 15 173
73 16 206
73 17 169
73 18 187
73 19 189
73 20 193
73 21 175
73 22 187
73 23 212
73 24 180
73 25 172
73 26 180
73 27 187
73 28 199
73 29 190
73 30 185
73 31 166
73 32 177
73 33 192
73 34 213
73 35 211
73 36 205
73 37 205
73 38 187
73 39 207
73 40 205
73 41 211
73 42 199
73 43 172
73 44 188
73 45 181
73 46 198
73 47 208
73 48 191
73 49 175
73 50 166
73 51 173
73 52 182
73 53 183
73 54 191
73 55 206
73 56 187
73 57 162
73 58 174
73 59 159
73 60 207
73 61 189
73 62 164
73 63 192
73 64 192
73 65 196
73 66 199
73 67 206
73 68 203
73 69 171
73 70 179
73 71 162
73 72 171
73 73 171
73 74 185
73 75 171
73 76 154
73 77 186
73 78 189
73 79 186
73 80 172
73 81 163
73 82 151
73 83 180
73 84 184
73 85 196
73 86 200
73 87 184
73 88 180
73 89 177
73 90 177
73 91 174
73 92 177
73 93 186
73 94 170
73 95 178
73 96 181
73 97 170
73 98 180
73 99 215
73 100 205
73 101 197
73 102 204
73 103 184
73 104 182
73 105 190
73 106 189
73 107 189
73 108 189
73 109 182
73 110 179
73 111 181
73 112 191
73 113 214
73 114 200
73 115 191
73 116 190
73 117 178
73 118 155
73 119 164
73 120 177
73 121 191
73 122 175
73 123 161
73 124 159
73 125 171
73 126 193
73 127 184

74 0 200
74 1 177
74 2 188
74 3 180
74 4 176
74 5 169
74 6 191
74 7 202
74 8 173
74 9 188
74 10 158
74 11 179
74 12 195
74 13 185
74 14 175
74 15 186
74 16 213
74 17 202
74 18 188
74 19 189
74 20 197
74 21 168
74 22 170
74 23 174
74 24 186
74 25 181
74 26 210
74 27 187
74 28 178
74 29 197
74 30 190
74 31 182
74 32 193
74 33 209
74 34 220
74 35 192
74 36 214
74 37 200
74 38 212
74 39 192
74 40 204
74 41 198
74 42 193
74 43 182
74 44 185
74 45 176
74 46 190
74 47 182
74 48 183
74 49 169
74 50 179
74 51 163
74 52 169
74 53 190
74 54 183
74 55 197
74 56 188
74 57 183
74 58 184
74 59 174
74 60 186
74 61 197
74 62 181
74 63 186
74 64 195
74 65 196
74 66 188
74 67 190
74 68 189
74 69 195
74 70 183
74 71 177
74 72 172
74 73 178
74 74 178
74 75 180
74 76 172
74 77 180
74 78 201
74 79 188
74 80 196
74 81 183
74 82 176
74 83 181
74 84 189
74 85 188
74 86 199
74 87 209
74 88 213
74 89 183
74 90 181
74 91 163
74 92 195
74 93 189
74 94 184
74 95 186
74 96 173
74 97 173
74 98 189
74 99 193
74 100 201
74 101 184
74 102 196
74 103 185
74 104 178
74 105 187
74 106 178
74 107 195
74 108 193
74 109 174
74 110 168
74 111 182
74 112 163
74 113 168
74 114 181
74 115 177
74 116 172
74 117 170
74 118 162
74 119 154
74 120 162
74 121 173
74 122 179
74 123 168
74 124 139
74 125 158
74 126 168
74 127 196

75 0 168
75 1 171
75 2 206
75 3 188
75 4 212
75 5 200
75 6 199
75 7 195
75 8 199
75 9 180
75 10 169
75 11 218
75 12 213
75 13 199
75 14 183
75 15 200
75 16 219
75 17 202
75 18 165
75 19 188
75 20 184
75 21 174
75 22 181
75 23 177
75 24 185
75 25 203
75 26 186
75 27 190
75 28 197
75 29 191
75 30 172
75 31 195
75 32 177
75 33 190
75 34 202
75 35 198
75 36 194
75 37 185
75 38 199
75 39 178
75 40 183
75 41 180
75 42 175
75 43 203
75 44 172
75 45 163
75 46 162
75 47 151
75 48 163
75 49 160
75 50 154
75 51 163
75 52 154
75 53 189
75 54 186
75 55 192
75 56 199
75 57 169
75 58 182
75 59 166
75 60 196
75 61 179
75 62 171
75 63 179
75 64 186
75 65 183
75 66 171
75 67 157
75 68 166
75 69 170
75 70 153
75 71 154
75 72 150
75 73 148
75 74 159
75 75 159
75 76 176
75 77 180
75 78 198
75 79 200
75 80 218
75 81 186
75 82 166
75 83 179
75 84 187
75 85 200
75 86 210
75 87 211
75 88 194
75 89 164
75 90 181
75 91 173
75 92 185
75 93 173
75 94 173
75 95 174
75 96 185
75 97 193
75 98 184
75 99 193
75 100 197
75 101 192
75 102 185
75 103 184
75 104 187
75 105 199
75 106 199
75 107 195
75 108 190
75 109 181
75 110 183
75 111 170
75 112 166
75 113 161
75 114 171
75 115 183
75 116 189
75 117 168
75 118 186
75 119 173
75 120 152
75 121 165
75 122 177
75 123 170
75 124 177
75 125 168
75 126 184
75 127 188

76 0 169
76 1 164
76 2 182
76 3 195
76 4 197
76 5 202
76 6 198
76 7 202
76 8 202
76 9 206
76 10 179
76 11 192
76 12 188
76 13 191
76 14 205
76 15 184
76 16 197
76 17 204
76 18 189
76 19 162
76 20 189
76 21 171
76 22 190
76 23 205
76 24 192
76 25 194
76 26 191
76 27 187
76 28 186
76 29 165
76 30 160
76 31 189
76 32 186
76 33 188
76 34 201
76 35 196
76 36 193
76 37 180
76 38 197
76 39 190
76 40 200
76 41 209
76 42 177
76 43 176
76 44 171
76 45 157
76 46 157
76 47 149
76 48 151
76 49 167
76 50 175
76 51 142
76 52 161
76 53 179
76 54 189
76 55 184
76 56 169
76 57 185
76 58 166
76 59 172
76 60 175
76 61 164
76 62 152
76 63 188
76 64 175
76 65 164
76 66 184
76 67 161
76 68 142
76 69 152
76 70 153
76 71 141
76 72 156
76 73 155
76 74 176
76 75 197
76 76 188
76 77 178
76 78 164
76 79 207
76 80 195
76 81 202
76 82 185
76 83 196
76 84 195
76 85 209
76 86 206
76 87 185
76 88 187
76 89 169
76 90 213
76 91 186
76 92 199
76 93 173
76 94 171
76 95 158
76 96 181
76 97 180
76 98 179
76 99 174
76 100 190
76 101 179
76 102 197
76 103 183
76 104 182
76 105 201
76 106 205
76 107 208
76 108 194
76 109 183
76 110 173
76 111 193
76 112 172
76 113 155
76 114 172
76 115 186
76 116 200
76 117 185
76 118 191
76 119 192
76 120 167
76 121 171
76 122 167
76 123 153
76 124 164
76 125 149
76 126 154
76 127 164

77 0 184
77 1 194
77 2 187
77 3 191
77 4 183
77 5 185
77 6 188
77 7 204
77 8 196
77 9 171
77 10 174
77 11 192
77 12 193
77 13 175
77 14 203
77 15 194
77 16 183
77 17 189
77 18 195
77 19 185
77 20 179
77 21 180
77 22 181
77 23 194
77 24 191
77 25 199
77 26 190
77 27 205
77 28 194
77 29 173
77 30 172
77 31 186
77 32 215
77 33 192
77 34 171
77 35 181
77 36 194
77 37 185
77 38 195
77 39 174
77 40 195
77 41 189
77 42 191
77 43 171
77 44 154
77 45 135
77 46 145
77 47 155
77 48 164
77 49 167
77 50 194
77 51 158
77 52 156
77 53 199
77 54 183
77 55 184
77 56 180
77 57 180
77 58 172
77 59 160
77 60 168
77 61 181
77 62 157
77 63 159
77 64 191
77 65 176
77 66 175
77 67 177
77 68 152
77 69 171
77 70 168
77 71 195
77 72 197
77 73 196
77 74 201
77 75 215
77 76 214
77 77 203
77 78 198
77 79 197
77 80 180
77 81 188
77 82 193
77 83 185
77 84 194
77 85 178
77 86 225
77 87 207
77 88 204
77 89 183
77 90 221
77 91 189
77 92 197
77 93 203
77 94 203
77 95 193
77 96 186
77 97 174
77 98 200
77 99 179
77 100 189
77 101 196
77 102 193
77 103 180
77 104 175
77 105 200
77 106 198
77 107 195
77 108 199
77 109 199
77 110 197
77 111 195
77 112 173
77 113 154
77 114 162
77 115 187
77 116 175
77 117 187
77 118 185
77 119 210
77 120 182
77 121 193
77 122 165
77 123 159
77 124 157
77 125 156
77 126 162
77 127 168

78 0 169
78 1 189
78 2 198
78 3 183
78 4 192
78 5 161
78 6 163
78 7 186
78 8 200
78 9 185
78 10 176
78 11 181
78 12 172
78 13 176
78 14 182
78 15 189
78 16 182
78 17 180
78 18 198
78 19 196
78 20 184
78 21 184
78 22 160
78 23 173
78 24 170
78 25 166
78 26 188
78 27 209
78 28 200
78 29 169
78 30 184
78 31 193
78 32 195
78 33 184
78 34 195
78 35 183
78 36 167
78 37 176
78 38 179
78 39 176
78 40 197
78 41 217
78 42 189
78 43 187
78 44 150
78 45 132
78 46 136
78 47 154
78 48 157
78 49 167
78 50 184
78 51 188
78 52 189
78 53 207
78 54 211
78 55 204
78 56 190
78 57 189
78 58 184
78 59 174
78 60 170
78 61 160
78 62 158
78 63 194
78 64 202
78 65 182
78 66 182
78 67 180
78 68 171
78 69 161
78 70 179
78 71 206
78 72 209
78 73 185
78 74 205
78 75 219
78 76 198
78 77 191
78 78 187
78 79 181
78 80 180
78 81 179
78 82 186
78 83 175
78 84 194
78 85 187
78 86 189
78 87 170
78 88 206
78 89 170
78 90 185
78 91 177
78 92 184
78 93 175
78 94 200
78 95 187
78 96 200
78 97 191
78 98 183
78 99 188
78 100 187
78 101 201
78 102 190
78 103 197
78 104 190
78 105 186
78 106 187
78 107 167
78 108 189
78 109 193
78 110 184
78 111 196
78 112 176
78 113 177
78 114 195
78 115 181
78 116 181
78 117 184
78 118 200
78 119 189
78 120 203
78 121 177
78 122 166
78 123 171
78 124 170
78 125 174
78 126 166
78 127 166

79 0 169
79 1 183
79 2 179
79 3 194
79 4 210
79 5 185
79 6 184
79 7 180
79 8 204
79 9 173
79 10 200
79 11 197
79 12 210
79 13 185
79 14 184
79 15 189
79 16 178
79 17 185
79 18 210
79 19 179
79 20 174
79 21 174
79 22 156
79 23 168
79 24 181
79 25 188
79 26 161
79 27 196
79 28 186
79 29 176
79 30 193
79 31 192
79 32 180
79 33 172
79 34 190
79 35 188
79 36 177
79 37 156
79 38 170
79 39 177
79 40 180
79 41 203
79 42 198
79 43 183
79 44 169
79 45 139
79 46 147
79 47 172
79 48 178
79 49 197
79 50 189
79 51 166
79 52 198
79 53 193
79 54 187
79 55 208
79 56 202
79 57 198
79 58 180
79 59 183
79 60 166
79 61 172
79 62 167
79 63 176
79 64 166
79 65 176
79 66 191
79 67 176
79 68 188
79 69 171
79 70 168
79 71 203
79 72 201
79 73 208
79 74 180
79 75 178
79 76 198
79 77 212
79 78 204
79 79 189
79 80 187
79 81 174
79 82 193
79 83 184
79 84 172
79 85 171
79 86 171
79 87 167
79 88 173
79 89 159
79 90 164
79 91 181
79 92 177
79 93 175
79 94 204
79 95 218
79 96 185
79 97 191
79 98 183
79 99 176
79 100 191
79 101 177
79 102 196
79 103 201
79 104 217
79 105 213
79 106 190
79 107 165
79 108 177
79 109 192
79 110 185
79 111 185
79 112 194
79 113 168
79 114 168
79 115 175
79 116 178
79 117 192
79 118 203
79 119 198
79 120 192
79 121 193
79 122 180
79 123 178
79 124 178
79 125 176
79 126 186
79 127 183

80 0 161
80 1 183
80 2 194
80 3 196
80 4 193
80 5 207
80 6 181
80 7 176
80 8 191
80 9 183
80 10 197
80 11 191
80 12 177
80 13 171
80 14 169
80 15 163
80 16 167
80 17 161
80 18 170
80 19 180
80 20 183
80 21 181
80 22 167
80 23 176
80 24 171
80 25 185
80 26 183
80 27 181
80 28 188
80 29 191
80 30 190
80 31 186
80 32 175
80 33 201
80 34 219
80 35 199
80 36 188
80 37 166
80 38 170
80 39 196
80 40 196
80 41 182
80 42 205
80 43 194
80 44 178
80 45 158
80 46 162
80 47 209
80 48 201
80 49 187
80 50 198
80 51 185
80 52 215
80 53 218
80 54 198
80 55 200
80 56 201
80 57 191
80 58 190
80 59 180
80 60 157
80 61 180
80 62 160
80 63 191
80 64 172
80 65 173
80 66 177
80 67 169
80 68 171
80 69 158
80 70 156
80 71 180
80 72 172
80 73 173
80 74 190
80 75 199
80 76 219
80 77 204
80 78 205
80 79 208
80 80 198
80 81 195
80 82 191
80 83 173
80 84 147
80 85 158
80 86 164
80 87 172
80 88 187
80 89 184
80 90 198
80 91 197
80 92 162
80 93 190
80 94 211
80 95 203
80 96 181
80 97 189
80 98 190
80 99 172
80 100 184
80 101 183
80 102 198
80 103 189
80 104 213
80 105 182
80 106 171
80 107 174
80 108 163
80 109 173
80 110 176
80 111 178
80 112 150
80 113 135
80 114 162
80 115 157
80 116 189
80 117 174
80 118 191
80 119 185
80 120 198
80 121 190
80 122 188
80 123 165
80 124 175
80 125 168
80 126 175
80 127 165

81 0 150
81 1 175
81 2 209
81 3 172
81 4 200
81 5 204
81 6 175
81 7 196
81 8 214
81 9 194
81 10 221
81 11 164
81 12 166
81 13 173
81 14 166
81 15 156
81 16 156
81 17 174
81 18 168
81 19 172
81 20 171
81 21 174
81 22 154
81 23 170
81 24 165
81 25 179
81 26 176
81 27 175
81 28 196
81 29 198
81 30 178
81 31 188
81 32 182
81 33 177
81 34 187
81 35 192
81 36 181
81 37 185
81 38 178
81 39 205
81 40 203
81 41 190
81 42 198
81 43 191
81 44 207
81 45 168
81 46 179
81 47 205
81 48 172
81 49 170
81 50 191
81 51 170
81 52 204
81 53 190
81 54 192
81 55 207
81 56 192
81 57 196
81 58 181
81 59 168
81 60 175
81 61 191
81 62 184
81 63 198
81 64 182
81 65 189
81 66 179
81 67 187
81 68 200
81 69 198
81 70 192
81 71 183
81 72 170
81 73 164
81 74 151
81 75 185
81 76 200
81 77 214
81 78 207
81 79 197
81 80 203
81 81 189
81 82 194
81 83 176
81 84 174
81 85 192
81 86 181
81 87 184
81 88 183
81 89 214
81 90 203
81 91 213
81 92 220
81 93 190
81 94 212
81 95 201
81 96 183
81 97 188
81 98 186
81 99 193
81 100 210
81 101 192
81 102 177
81 103 186
81 104 210
81 105 176
81 106 187
81 107 171
81 108 181
81 109 160
81 110 153
81 111 172
81 112 167
81 113 155
81 114 155
81 115 164
81 116 168
81 117 173
81 118 184
81 119 193
81 120 174
81 121 191
81 122 181
81 123 174
81 124 159
81 125 155
81 126 163
81 127 149

82 0 167
82 1 170
82 2 172
82 3 166
82 4 178
82 5 187
82 6 185
82 7 182
82 8 199
82 9 204
82 10 193
82 11 176
82 12 175
82 13 191
82 14 155
82 15 155
82 16 142
82 17 154
82 18 155
82 19 153
82 20 153
82 21 123
82 22 154
82 23 164
82 24 179
82 25 168
82 26 193
82 27 206
82 28 201
82 29 217
82 30 199
82 31 193
82 32 160
82 33 173
82 34 180
82 35 190
82 36 181
82 37 173
82 38 182
82 39 195
82 40 172
82 41 176
82 42 179
82 43 185
82 44 187
82 45 182
82 46 169
82 47 192
82 48 192
82 49 199
82 50 174
82 51 186
82 52 186
82 53 187
82 54 181
82 55 193
82 56 169
82 57 181
82 58 176
82 59 168
82 60 179
82 61 198
82 62 181
82 63 182
82 64 165
82 65 190
82 66 198
82 67 195
82 68 179
82 69 184
82 70 182
82 71 180
82 72 160
82 73 147
82 74 146
82 75 207
82 76 196
82 77 198
82 78 195
82 79 201
82 80 209
82 81 199
82 82 205
82 83 207
82 84 179
82 85 193
82 86 199
82 87 160
82 88 188
82 89 184
82 90 180
82 91 188
82 92 181
82 93 172
82 94 172
82 95 183
82 96 186
82 97 183
82 98 179
82 99 186
82 100 197
82 101 195
82 102 196
82 103 193
82 104 197
82 105 196
82 106 170
82 107 160
82 108 161
82 109 143
82 110 155
82 111 158
82 112 148
82 113 169
82 114 159
82 115 175
82 116 158
82 117 168
82 118 183
82 119 151
82 120 194
82 121 191
82 122 197
82 123 189
82 124 160
82 125 151
82 126 168
82 127 172

83 0 180
83 1 168
83 2 186
83 3 183
83 4 184
83 5 181
83 6 180
83 7 194
83 8 200
83 9 193
83 10 203
83 11 191
83 12 192
83 13 175
83 14 161
83 15 154
83 16 131
83 17 147
83 18 167
83 19 140
83 20 131
83 21 127
83 22 130
83 23 147
83 24 170
83 25 162
83 26 181
83 27 215
83 28 211
83 29 194
83 30 164
83 31 182
83 32 166
83 33 174
83 34 156
83 35 186
83 36 195
83 37 186
83 38 182
83 39 168
83 40 152
83 41 169
83 42 161
83 43 176
83 44 173
83 45 181
83 46 174
83 47 182
83 48 171
83 49 179
83 50 174
83 51 168
83 52 177
83 53 178
83 54 180
83 55 179
83 56 180
83 57 178
83 58 196
83 59 171
83 60 190
83 61 175
83 62 182
83 63 181
83 64 167
83 65 202
83 66 198
83 67 195
83 68 180
83 69 164
83 70 170
83 71 165
83 72 160
83 73 185
83 74 168
83 75 179
83 76 187
83 77 184
83 78 195
83 79 177
83 80 187
83 81 188
83 82 187
83 83 205
83 84 204
83 85 196
83 86 200
83 87 194
83 88 186
83 89 158
83 90 161
83 91 158
83 92 188
83 93 195
83 94 179
83 95 167
83 96 181
83 97 181
83 98 163
83 99 152
83 100 178
83 101 196
83 102 211
83 103 205
83 104 197
83 105 198
83 106 160
83 107 168
83 108 172
83 109 161
83 110 156
83 111 157
83 112 154
83 113 166
83 114 181
83 115 203
83 116 169
83 117 176
83 118 180
83 119 187
83 120 178
83 121 172
83 122 181
83 123 197
83 124 193
83 125 167
83 126 163
83 127 163

84 0 178
84 1 174
84 2 187
84 3 190
84 4 198
84 5 185
84 6 188
84 7 204
84 8 194
84 9 170
84 10 235
84 11 207
84 12 196
84 13 187
84 14 175
84 15 157
84 16 134
84 17 125
84 18 160
84 19 142
84 20 139
84 21 126
84 22 148
84 23 146
84 24 148
84 25 136
84 26 147
84 27 159
84 28 172
84 29 172
84 30 180
84 31 191
84 32 191
84 33 165
84 34 163
84 35 171
84 36 172
84 37 189
84 38 165
84 39 166
84 40 163
84 41 156
84 42 151
84 43 175
84 44 185
84 45 161
84 46 184
84 47 201
84 48 191
84 49 160
84 50 149
84 51 182
84 52 170
84 53 166
84 54 143
84 55 155
84 56 179
84 57 205
84 58 176
84 59 165
84 60 172
84 61 170
84 62 198
84 63 195
84 64 206
84 65 214
84 66 206
84 67 191
84 68 185
84 69 178
84 70 192
84 71 194
84 72 173
84 73 178
84 74 167
84 75 190
84 76 190
84 77 199
84 78 188
84 79 166
84 80 168
84 81 186
84 82 156
84 83 172
84 84 180
84 85 187
84 86 200
84 87 188
84 88 195
84 89 170
84 90 182
84 91 183
84 92 176
84 93 178
84 94 176
84 95 181
84 96 189
84 97 186
84 98 169
84 99 156
84 100 180
84 101 192
84 102 205
84 103 182
84 104 192
84 105 176
84 106 169
84 107 164
84 108 166
84 109 159
84 110 155
84 111 155
84 112 153
84 113 182
84 114 161
84 115 183
84 116 177
84 117 152
84 118 184
84 119 173
84 120 175
84 121 190
84 122 189
84 123 195
84 124 204
84 125 190
84 126 187
84 127 163

85 0 207
85 1 179
85 2 161
85 3 164
85 4 157
85 5 186
85 6 172
85 7 201
85 8 193
85 9 200
85 10 186
85 11 185
85 12 165
85 13 196
85 14 172
85 15 163
85 16 130
85 17 121
85 18 150
85 19 147
85 20 133
85 21 150
85 22 152
85 23 172
85 24 160
85 25 148
85 26 173
85 27 166
85 28 170
85 29 171
85 30 163
85 31 178
85 32 177
85 33 174
85 34 164
85 35 155
85 36 147
85 37 181
85 38 149
85 39 166
85 40 177
85 41 171
85 42 157
85 43 170
85 44 179
85 45 189
85 46 178
85 47 184
85 48 192
85 49 158
85 50 146
85 51 176
85 52 177
85 53 173
85 54 152
85 55 160
85 56 172
85 57 201
85 58 177
85 59 157
85 60 161
85 61 184
85 62 187
85 63 186
85 64 181
85 65 189
85 66 181
85 67 178
85 68 187
85 69 199
85 70 193
85 71 178
85 72 198
85 73 186
85 74 199
85 75 197
85 76 179
85 77 202
85 78 201
85 79 176
85 80 180
85 81 174
85 82 163
85 83 169
85 84 165
85 85 178
85 86 188
85 87 184
85 88 164
85 89 160
85 90 174
85 91 151
85 92 168
85 93 162
85 94 166
85 95 174
85 96 153
85 97 167
85 98 154
85 99 155
85 100 177
85 101 179
85 102 186
85 103 165
85 104 188
85 105 174
85 106 180
85 107 176
85 108 179
85 109 168
85 110 166
85 111 172
85 112 164
85 113 207
85 114 183
85 115 205
85 116 177
85 117 165
85 118 192
85 119 164
85 120 158
85 121 175
85 122 175
85 123 162
85 124 186
85 125 173
85 126 176
85 127 186

86 0 182
86 1 201
86 2 181
86 3 165
86 4 153
86 5 155
86 6 166
86 7 164
86 8 194
86 9 201
86 10 181
86 11 183
86 12 169
86 13 202
86 14 190
86 15 173
86 16 155
86 17 132
86 18 162
86 19 176
86 20 169
86 21 165
86 22 170
86 23 198
86 24 185
86 25 172
86 26 173
86 27 173
86 28 206
86 29 180
86 30 170
86 31 171
86 32 170
86 33 188
86 34 178
86 35 163
86 36 139
86 37 145
86 38 154
86 39 169
86 40 183
86 41 178
86 42 166
86 43 151
86 44 164
86 45 186
86 46 186
86 47 212
86 48 196
86 49 176
86 50 180
86 51 174
86 52 177
86 53 173
86 54 173
86 55 164
86 56 177
86 57 188
86 58 163
86 59 164
86 60 154
86 61 183
86 62 171
86 63 178
86 64 187
86 65 157
86 66 168
86 67 191
86 68 180
86 69 183
86 70 168
86 71 186
86 72 183
86 73 175
86 74 178
86 75 176
86 76 181
86 77 185
86 78 203
86 79 197
86 80 189
86 81 188
86 82 187
86 83 174
86 84 186
86 85 181
86 86 172
86 87 177
86 88 189
86 89 171
86 90 159
86 91 181
86 92 169
86 93 160
86 94 182
86 95 184
86 96 189
86 97 193
86 98 178
86 99 164
86 100 179
86 101 199
86 102 178
86 103 184
86 104 171
86 105 165
86 106 173
86 107 178
86 108 181
86 109 146
86 110 174
86 111 180
86 112 178
86 113 177
86 114 199
86 115 206
86 116 171
86 117 181
86 118 187
86 119 168
86 120 195
86 121 176
86 122 194
86 123 180
86 124 187
86 125 169
86 126 163
86 127 178

87 0 159
87 1 154
87 2 170
87 3 146
87 4 157
87 5 165
87 6 164
87 7 180
87 8 186
87 9 189
87 10 170
87 11 189
87 12 196
87 13 195
87 14 185
87 15 177
87 16 191
87 17 173
87 18 167
87 19 188
87 20 174
87 21 160
87 22 174
87 23 196
87 24 191
87 25 193
87 26 183
87 27 203
87 28 208
87 29 213
87 30 178
87 31 181
87 32 202
87 33 184
87 34 185
87 35 181
87 36 138
87 37 163
87 38 181
87 39 190
87 40 211
87 41 196
87 42 194
87 43 173
87 44 170
87 45 176
87 46 193
87 47 198
87 48 200
87 49 175
87 50 184
87 51 182
87 52 177
87 53 183
87 54 174
87 55 170
87 56 174
87 57 175
87 58 170
87 59 185
87 60 189
87 61 186
87 62 192
87 63 197
87 64 177
87 65 164
87 66 172
87 67 168
87 68 190
87 69 167
87 70 178
87 71 187
87 72 167
87 73 176
87 74 164
87 75 170
87 76 176
87 77 180
87 78 195
87 79 197
87 80 201
87 81 185
87 82 166
87 83 183
87 84 194
87 85 189
87 86 189
87 87 198
87 88 197
87 89 192
87 90 182
87 91 210
87 92 200
87 93 162
87 94 174
87 95 186
87 96 181
87 97 191
87 98 158
87 99 192
87 100 173
87 101 197
87 102 203
87 103 189
87 104 163
87 105 179
87 106 198
87 107 165
87 108 171
87 109 176
87 110 187
87 111 168
87 112 186
87 113 179
87 114 204
87 115 196
87 116 194
87 117 193
87 118 189
87 119 187
87 120 182
87 121 179
87 122 179
87 123 174
87 124 188
87 125 178
87 126 173
87 127 187

88 0 185
88 1 176
88 2 171
88 3 162
88 4 195
88 5 176
88 6 178
88 7 181
88 8 192
88 9 175
88 10 184
88 11 193
88 12 205
88 13 185
88 14 203
88 15 191
88 16 197
88 17 189
88 18 166
88 19 205
88 20 196
88 21 178
88 22 180
88 23 179
88 24 186
88 25 201
88 26 179
88 27 189
88 28 199
88 29 187
88 30 163
88 31 175
88 32 164
88 33 170
88 34 168
88 35 177
88 36 173
88 37 168
88 38 177
88 39 201
88 40 200
88 41 200
88 42 208
88 43 173
88 44 154
88 45 189
88 46 174
88 47 190
88 48 160
88 49 175
88 50 168
88 51 166
88 52 159
88 53 178
88 54 173
88 55 187
88 56 178
88 57 179
88 58 167
88 59 178
88 60 160
88 61 163
88 62 193
88 63 203
88 64 189
88 65 186
88 66 176
88 67 179
88 68 180
88 69 163
88 70 159
88 71 165
88 72 181
88 73 180
88 74 160
88 75 144
88 76 154
88 77 164
88 78 184
88 79 200
88 80 203
88 81 182
88 82 164
88 83 162
88 84 185
88 85 191
88 86 187
88 87 193
88 88 195
88 89 191
88 90 181
88 91 193
88 92 159
88 93 166
88 94 189
88 95 187
88 96 180
88 97 208
88 98 175
88 99 193
88 100 187
88 101 191
88 102 187
88 103 195
88 104 182
88 105 172
88 106 185
88 107 181
88 108 170
88 109 170
88 110 156
88 111 165
88 112 174
88 113 206
88 114 207
88 115 196
88 116 201
88 117 184
88 118 175
88 119 163
88 120 156
88 121 166
88 122 163
88 123 176
88 124 186
88 125 169
88 126 171
88 127 171

89 0 196
89 1 179
89 2 181
89 3 179
89 4 176
89 5 198
89 6 186
89 7 178
89 8 200
89 9 190
89 10 191
89 11 190
89 12 194
89 13 181
89 14 187
89 15 175
89 16 188
89 17 175
89 18 185
89 19 176
89 20 194
89 21 176
89 22 191
89 23 170
89 24 188
89 25 181
89 26 177
89 27 192
89 28 180
89 29 169
89 30 164
89 31 194
89 32 173
89 33 164
89 34 172
89 35 155
89 36 169
89 37 185
89 38 176
89 39 172
89 40 198
89 41 209
89 42 184
89 43 196
89 44 162
89 45 185
89 46 170
89 47 202
89 48 181
89 49 182
89 50 170
89 51 186
89 52 169
89 53 198
89 54 198
89 55 186
89 56 163
89 57 178
89 58 196
89 59 187
89 60 186
89 61 161
89 62 166
89 63 172
89 64 174
89 65 178
89 66 158
89 67 179
89 68 186
89 69 160
89 70 161
89 71 164
89 72 172
89 73 180
89 74 192
89 75 171
89 76 161
89 77 146
89 78 184
89 79 181
89 80 199
89 81 172
89 82 167
89 83 169
89 84 189
89 85 206
89 86 180
89 87 190
89 88 168
89 89 175
89 90 195
89 91 171
89 92 158
89 93 178
89 94 168
89 95 184
89 96 174
89 97 201
89 98 192
89 99 190
89 100 203
89 101 201
89 102 170
89 103 180
89 104 174
89 105 171
89 106 206
89 107 217
89 108 209
89 109 162
89 110 158
89 111 149
89 112 186
89 113 184
89 114 195
89 115 175
89 116 165
89 117 189
89 118 193
89 119 170
89 120 159
89 121 158
89 122 138
89 123 172
89 124 202
89 125 203
89 126 209
89 127 199

90 0 176
90 1 187
90 2 184
90 3 159
90 4 182
90 5 184
90 6 216
90 7 210
90 8 193
90 9 173
90 10 172
90 11 197
90 12 195
90 13 187
90 14 187
90 15 188
90 16 192
90 17 195
90 18 189
90 19 202
90 20 217
90 21 195
90 22 219
90 23 184
90 24 179
90 25 171
90 26 187
90 27 172
90 28 174
90 29 176
90 30 162
90 31 169
90 32 156
90 33 176
90 34 171
90 35 178
90 36 185
90 37 190
90 38 205
90 39 187
90 40 181
90 41 171
90 42 169
90 43 179
90 44 184
90 45 172
90 46 160
90 47 175
90 48 165
90 49 178
90 50 146
90 51 181
90 52 177
90 53 171
90 54 190
90 55 200
90 56 210
90 57 200
90 58 198
90 59 202
90 60 186
90 61 172
90 62 179
90 63 198
90 64 163
90 65 173
90 66 151
90 67 165
90 68 175
90 69 159
90 70 156
90 71 161
90 72 165
90 73 173
90 74 193
90 75 163
90 76 152
90 77 171
90 78 172
90 79 209
90 80 200
90 81 178
90 82 159
90 83 170
90 84 172
90 85 193
90 86 201
90 87 203
90 88 201
90 89 193
90 90 172
90 91 171
90 92 160
90 93 172
90 94 167
90 95 171
90 96 175
90 97 192
90 98 180
90 99 192
90 100 198
90 101 218
90 102 205
90 103 186
90 104 160
90 105 175
90 106 188
90 107 189
90 108 176
90 109 168
90 110 151
90 111 166
90 112 168
90 113 184
90 114 183
90 115 165
90 116 176
90 117 214
90 118 194
90 119 194
90 120 175
90 121 176
90 122 134
90 123 165
90 124 183
90 125 175
90 126 196
90 127 182

91 0 176
91 1 181
91 2 166
91 3 173
91 4 185
91 5 178
91 6 178
91 7 206
91 8 190
91 9 171
91 10 198
91 11 186
91 12 198
91 13 212
91 14 200
91 15 187
91 16 199
91 17 190
91 18 196
91 19 205
91 20 200
91 21 206
91 22 194
91 23 204
91 24 195
91 25 187
91 26 173
91 27 158
91 28 153
91 29 168
91 30 172
91 31 182
91 32 164
91 33 178
91 34 167
91 35 194
91 36 191
91 37 193
91 38 195
91 39 181
91 40 183
91 41 163
91 42 190
91 43 188
91 44 181
91 45 173
91 46 164
91 47 168
91 48 151
91 49 165
91 50 157
91 51 172
91 52 180
91 53 176
91 54 201
91 55 201
91 56 186
91 57 200
91 58 198
91 59 211
91 60 192
91 61 181
91 62 203
91 63 200
91 64 184
91 65 202
91 66 174
91 67 175
91 68 183
91 69 168
91 70 198
91 71 180
91 72 181
91 73 176
91 74 192
91 75 196
91 76 179
91 77 153
91 78 175
91 79 189
91 80 185
91 81 181
91 82 170
91 83 159
91 84 190
91 85 174
91 86 187
91 87 176
91 88 163
91 89 186
91 90 189
91 91 191
91 92 186
91 93 143
91 94 149
91 95 159
91 96 176
91 97 186
91 98 192
91 99 174
91 100 183
91 101 186
91 102 202
91 103 178
91 104 172
91 105 151
91 106 181
91 107 164
91 108 171
91 109 167
91 110 160
91 111 153
91 112 173
91 113 157
91 114 190
91 115 180
91 116 163
91 117 204
91 118 188
91 119 185
91 120 180
91 121 175
91 122 148
91 123 158
91 124 174
91 125 194
91 126 172
91 127 170

92 0 180
92 1 146
92 2 181
92 3 161
92 4 162
92 5 158
92 6 176
92 7 173
92 8 174
92 9 187
92 10 190
92 11 196
92 12 208
92 13 197
92 14 187
92 15 193
92 16 206
92 17 205
92 18 197
92 19 195
92 20 181
92 21 169
92 22 185
92 23 177
92 24 178
92 25 161
92 26 179
92 27 172
92 28 163
92 29 164
92 30 181
92 31 189
92 32 185
92 33 167
92 34 174
92 35 199
92 36 186
92 37 173
92 38 173
92 39 169
92 40 171
92 41 177
92 42 177
92 43 206
92 44 174
92 45 186
92 46 162
92 47 173
92 48 163
92 49 158
92 50 153
92 51 182
92 52 177
92 53 200
92 54 197
92 55 209
92 56 213
92 57 186
92 58 209
92 59 203
92 60 224
92 61 184
92 62 188
92 63 195
92 64 188
92 65 200
92 66 194
92 67 184
92 68 172
92 69 159
92 70 166
92 71 166
92 72 187
92 73 195
92 74 203
92 75 213
92 76 167
92 77 160
92 78 171
92 79 205
92 80 193
92 81 195
92 82 200
92 83 169
92 84 163
92 85 183
92 86 189
92 87 181
92 88 188
92 89 189
92 90 201
92 91 189
92 92 187
92 93 165
92 94 170
92 95 156
92 96 169
92 97 162
92 98 160
92 99 163
92 100 159
92 101 169
92 102 190
92 103 192
92 104 203
92 105 175
92 106 194
92 107 167
92 108 159
92 109 159
92 110 158
92 111 165
92 112 169
92 113 179
92 114 186
92 115 193
92 116 176
92 117 209
92 118 199
92 119 184
92 120 160
92 121 167
92 122 164
92 123 160
92 124 179
92 125 173
92 126 196
92 127 173

93 0 171
93 1 165
93 2 180
93 3 184
93 4 156
93 5 166
93 6 207
93 7 203
93 8 196
93 9 181
93 10 186
93 11 199
93 12 214
93 13 189
93 14 167
93 15 184
93 16 201
93 17 185
93 18 195
93 19 180
93 20 191
93 21 183
93 22 157
93 23 164
93 24 176
93 25 189
93 26 200
93 27 188
93 28 184
93 29 165
93 30 190
93 31 200
93 32 172
93 33 176
93 34 179
93 35 169
93 36 172
93 37 168
93 38 181
93 39 183
93 40 169
93 41 163
93 42 193
93 43 199
93 44 176
93 45 184
93 46 184
93 47 201
93 48 173
93 49 192
93 50 195
93 51 176
93 52 174
93 53 193
93 54 185
93 55 215
93 56 203
93 57 196
93 58 187
93 59 190
93 60 194
93 61 175
93 62 184
93 63 212
93 64 190
93 65 198
93 66 177
93 67 194
93 68 185
93 69 164
93 70 188
93 71 186
93 72 182
93 73 197
93 74 199
93 75 182
93 76 167
93 77 183
93 78 177
93 79 201
93 80 184
93 81 193
93 82 191
93 83 177
93 84 176
93 85 188
93 86 204
93 87 209
93 88 177
93 89 178
93 90 167
93 91 167
93 92 170
93 93 178
93 94 160
93 95 168
93 96 169
93 97 153
93 98 161
93 99 175
93 100 179
93 101 174
93 102 192
93 103 194
93 104 192
93 105 172
93 106 188
93 107 156
93 108 144
93 109 152
93 110 177
93 111 169
93 112 158
93 113 167
93 114 182
93 115 180
93 116 166
93 117 187
93 118 186
93 119 186
93 120 158
93 121 163
93 122 141
93 123 150
93 124 154
93 125 157
93 126 170
93 127 173

94 0 179
94 1 146
94 2 173
94 3 184
94 4 174
94 5 183
94 6 236
94 7 207
94 8 193
94 9 203
94 10 200
94 11 209
94 12 199
94 13 181
94 14 165
94 15 192
94 16 188
94 17 188
94 18 187
94 19 188
94 20 179
94 21 208
94 22 182
94 23 168
94 24 167
94 25 184
94 26 201
94 27 195
94 28 171
94 29 186
94 30 191
94 31 193
94 32 177
94 33 183
94 34 201
94 35 198
94 36 187
94 37 194
94 38 173
94 39 159
94 40 166
94 41 169
94 42 195
94 43 206
94 44 189
94 45 201
94 46 213
94 47 212
94 48 202
94 49 182
94 50 211
94 51 201
94 52 187
94 53 180
94 54 193
94 55 190
94 56 170
94 57 198
94 58 182
94 59 197
94 60 200
94 61 183
94 62 177
94 63 190
94 64 185
94 65 188
94 66 181
94 67 177
94 68 200
94 69 183
94 70 186
94 71 174
94 72 179
94 73 184
94 74 194
94 75 175
94 76 169
94 77 176
94 78 172
94 79 180
94 80 176
94 81 180
94 82 171
94 83 182
94 84 190
94 85 195
94 86 177
94 87 176
94 88 193
94 89 183
94 90 178
94 91 179
94 92 179
94 93 183
94 94 159
94 95 179
94 96 187
94 97 165
94 98 170
94 99 169
94 100 183
94 101 186
94 102 176
94 103 191
94 104 188
94 105 183
94 106 184
94 107 170
94 108 173
94 109 171
94 110 174
94 111 154
94 112 179
94 113 182
94 114 165
94 115 183
94 116 206
94 117 193
94 118 187
94 119 167
94 120 155
94 121 161
94 122 142
94 123 154
94 124 155
94 125 161
94 126 157
94 127 169

95 0 182
95 1 180
95 2 166
95 3 164
95 4 170
95 5 168
95 6 199
95 7 194
95 8 186
95 9 204
95 10 190
95 11 193
95 12 176
95 13 176
95 14 180
95 15 179
95 16 183
95 17 206
95 18 186
95 19 182
95 20 181
95 21 191
95 22 184
95 23 192
95 24 205
95 25 216
95 26 204
95 27 179
95 28 165
95 29 171
95 30 175
95 31 182
95 32 180
95 33 185
95 34 210
95 35 201
95 36 202
95 37 199
95 38 171
95 39 165
95 40 145
95 41 165
95 42 185
95 43 213
95 44 186
95 45 179
95 46 188
95 47 197
95 48 206
95 49 198
95 50 189
95 51 187
95 52 181
95 53 178
95 54 196
95 55 191
95 56 192
95 57 187
95 58 183
95 59 204
95 60 206
95 61 171
95 62 162
95 63 203
95 64 188
95 65 197
95 66 207
95 67 207
95 68 215
95 69 193
95 70 175
95 71 189
95 72 175
95 73 184
95 74 168
95 75 182
95 76 170
95 77 152
95 78 186
95 79 172
95 80 184
95 81 199
95 82 181
95 83 167
95 84 177
95 85 180
95 86 210
95 87 207
95 88 181
95 89 186
95 90 176
95 91 163
95 92 174
95 93 166
95 94 191
95 95 184
95 96 205
95 97 192
95 98 185
95 99 177
95 100 177
95 101 182
95 102 160
95 103 166
95 104 187
95 105 184
95 106 202
95 107 169
95 108 180
95 109 177
95 110 178
95 111 170
95 112 176
95 113 194
95 114 177
95 115 176
95 116 183
95 117 175
95 118 194
95 119 182
95 120 174
95 121 171
95 122 169
95 123 170
95 124 169
95 125 180
95 126 155
95 127 165

96 0 181
96 1 175
96 2 168
96 3 162
96 4 159
96 5 165
96 6 204
96 7 192
96 8 179
96 9 181
96 10 174
96 11 185
96 12 181
96 13 188
96 14 154
96 15 179
96 16 172
96 17 199
96 18 183
96 19 171
96 20 177
96 21 198
96 22 164
96 23 204
96 24 202
96 25 188
96 26 199
96 27 183
96 28 174
96 29 182
96 30 164
96 31 167
96 32 171
96 33 166
96 34 194
96 35 176
96 36 192
96 37 173
96 38 170
96 39 178
96 40 174
96 41 181
96 42 186
96 43 169
96 44 188
96 45 166
96 46 173
96 47 167
96 48 196
96 49 188
96 50 172
96 51 189
96 52 180
96 53 186
96 54 176
96 55 157
96 56 189
96 57 190
96 58 215
96 59 191
96 60 216
96 61 217
96 62 202
96 63 195
96 64 185
96 65 181
96 66 199
96 67 208
96 68 211
96 69 203
96 70 189
96 71 198
96 72 175
96 73 170
96 74 160
96 75 174
96 76 162
96 77 175
96 78 181
96 79 201
96 80 189
96 81 181
96 82 191
96 83 156
96 84 165
96 85 177
96 86 196
96 87 200
96 88 206
96 89 195
96 90 174
96 91 189
96 92 172
96 93 155
96 94 168
96 95 196
96 96 197
96 97 212
96 98 181
96 99 180
96 100 187
96 101 191
96 102 158
96 103 168
96 104 176
96 105 177
96 106 189
96 107 188
96 108 162
96 109 199
96 110 188
96 111 193
96 112 200
96 113 190
96 114 203
96 115 177
96 116 207
96 117 187
96 118 201
96 119 186
96 120 193
96 121 183
96 122 168
96 123 173
96 124 181
96 125 174
96 126 175
96 127 156

97 0 175
97 1 169
97 2 164
97 3 153
97 4 168
97 5 149
97 6 207
97 7 204
97 8 177
97 9 203
97 10 197
97 11 212
97 12 208
97 13 188
97 14 198
97 15 180
97 16 187
97 17 190
97 18 193
97 19 185
97 20 197
97 21 186
97 22 194
97 23 200
97 24 206
97 25 188
97 26 203
97 27 181
97 28 177
97 29 171
97 30 166
97 31 162
97 32 161
97 33 176
97 34 193
97 35 194
97 36 186
97 37 167
97 38 144
97 39 168
97 40 162
97 41 160
97 42 202
97 43 202
97 44 169
97 45 194
97 46 187
97 47 185
97 48 195
97 49 190
97 50 206
97 51 179
97 52 192
97 53 181
97 54 177
97 55 168
97 56 203
97 57 164
97 58 176
97 59 161
97 60 185
97 61 206
97 62 192
97 63 191
97 64 187
97 65 173
97 66 195
97 67 181
97 68 184
97 69 182
97 70 156
97 71 166
97 72 166
97 73 179
97 74 190
97 75 165
97 76 181
97 77 178
97 78 212
97 79 210
97 80 181
97 81 212
97 82 200
97 83 163
97 84 160
97 85 172
97 86 188
97 87 189
97 88 191
97 89 186
97 90 198
97 91 182
97 92 175
97 93 163
97 94 169
97 95 189
97 96 197
97 97 206
97 98 202
97 99 199
97 100 212
97 101 203
97 102 168
97 103 186
97 104 155
97 105 176
97 106 170
97 107 190
97 108 195
97 109 198
97 110 172
97 111 173
97 112 206
97 113 176
97 114 198
97 115 200
97 116 179
97 117 199
97 118 206
97 119 197
97 120 212
97 121 185
97 122 166
97 123 147
97 124 159
97 125 169
97 126 169
97 127 169

98 0 196
98 1 185
98 2 162
98 3 144
98 4 159
98 5 152
98 6 191
98 7 178
98 8 172
98 9 182
98 10 185
98 11 215
98 12 199
98 13 199
98 14 186
98 15 183
98 16 199
98 17 208
98 18 205
98 19 185
98 20 191
98 21 187
98 22 188
98 23 204
98 24 189
98 25 185
98 26 182
98 27 181
98 28 180
98 29 171
98 30 148
98 31 152
98 32 167
98 33 159
98 34 185
98 35 171
98 36 154
98 37 155
98 38 146
98 39 165
98 40 181
98 41 171
98 42 186
98 43 180
98 44 183
98 45 181
98 46 191
98 47 187
98 48 198
98 49 204
98 50 185
98 51 201
98 52 196
98 53 172
98 54 173
98 55 172
98 56 191
98 57 179
98 58 199
98 59 173
98 60 185
98 61 206
98 62 179
98 63 170
98 64 192
98 65 174
98 66 180
98 67 177
98 68 185
98 69 186
98 70 184
98 71 180
98 72 148
98 73 170
98 74 157
98 75 176
98 76 148
98 77 169
98 78 196
98 79 194
98 80 177
98 81 196
98 82 183
98 83 170
98 84 166
98 85 160
98 86 183
98 87 212
98 88 192
98 89 187
98 90 193
98 91 204
98 92 181
98 93 173
98 94 179
98 95 182
98 96 177
98 97 179
98 98 208
98 99 195
98 100 214
98 101 196
98 102 182
98 103 175
98 104 185
98 105 186
98 106 172
98 107 181
98 108 192
98 109 201
98 110 198
98 111 184
98 112 188
98 113 188
98 114 190
98 115 184
98 116 180
98 117 180
98 118 199
98 119 214
98 120 204
98 121 193
98 122 158
98 123 172
98 124 167
98 125 143
98 126 155
98 127 160

99 0 201
99 1 183
99 2 176
99 3 143
99 4 163
99 5 151
99 6 177
99 7 179
99 8 180
99 9 191
99 10 173
99 11 211
99 12 206
99 13 205
99 14 195
99 15 197
99 16 190
99 17 187
99 18 200
99 19 200
99 20 176
99 21 206
99 22 198
99 23 218
99 24 196
99 25 185
99 26 198
99 27 176
99 28 196
99 29 173
99 30 168
99 31 159
99 32 157
99 33 151
99 34 161
99 35 170
99 36 175
99 37 146
99 38 138
99 39 174
99 40 190
99 41 186
99 42 177
99 43 171
99 44 182
99 45 185
99 46 208
99 47 184
99 48 193
99 49 190
99 50 183
99 51 225
99 52 203
99 53 191
99 54 183
99 55 176
99 56 190
99 57 171
99 58 207
99 59 183
99 60 201
99 61 201
99 62 164
99 63 160
99 64 174
99 65 180
99 66 170
99 67 148
99 68 170
99 69 188
99 70 196
99 71 179
99 72 168
99 73 163
99 74 175
99 75 180
99 76 182
99 77 169
99 78 196
99 79 186
99 80 196
99 81 193
99 82 175
99 83 152
99 84 169
99 85 158
99 86 176
99 87 218
99 88 179
99 89 151
99 90 173
99 91 181
99 92 172
99 93 187
99 94 181
99 95 163
99 96 183
99 97 186
99 98 214
99 99 206
99 100 187
99 101 206
99 102 201
99 103 202
99 104 182
99 105 187
99 106 158
99 107 167
99 108 205
99 109 194
99 110 173
99 111 184
99 112 175
99 113 197
99 114 205
99 115 198
99 116 181
99 117 181
99 118 182
99 119 185
99 120 167
99 121 191
99 122 195
99 123 179
99 124 178
99 125 176
99 126 177
99 127 181

100 0 208
100 1 197
100 2 181
100 3 167
100 4 171
100 5 173
100 6 176
100 7 166
100 8 183
100 9 189
100 10 190
100 11 203
100 12 187
100 13 200
100 14 201
100 15 178
100 16 197
100 17 212
100 18 216
100 19 184
100 20 195
100 21 193
100 22 191
100 23 203
100 24 189
100 25 197
100 26 193
100 27 190
100 28 173
100 29 192
100 30 178
100 31 168
100 32 150
100 33 144
100 34 149
100 35 145
100 36 147
100 37 137
100 38 153
100 39 171
100 40 187
100 41 174
100 42 183
100 43 213
100 44 181
100 45 203
100 46 201
100 47 180
100 48 170
100 49 180
100 50 159
100 51 177
100 52 192
100 53 170
100 54 196
100 55 173
100 56 189
100 57 188
100 58 195
100 59 185
100 60 196
100 61 200
100 62 191
100 63 171
100 64 178
100 65 185
100 66 175
100 67 172
100 68 166
100 69 182
100 70 187
100 71 178
100 72 170
100 73 166
100 74 178
100 75 173
100 76 187
100 77 186
100 78 195
100 79 195
100 80 186
100 81 193
100 82 169
100 83 159
100 84 170
100 85 167
100 86 178
100 87 184
100 88 146
100 89 161
100 90 179
100 91 161
100 92 159
100 93 176
100 94 181
100 95 179
100 96 178
100 97 187
100 98 196
100 99 192
100 100 189
100 101 181
100 102 192
100 103 183
100 104 196
100 105 195
100 106 153
100 107 157
100 108 204
100 109 187
100 110 173
100 111 172
100 112 191
100 113 177
100 114 190
100 115 186
100 116 205
100 117 160
100 118 170
100 119 170
100 120 164
100 121 182
100 122 180
100 123 204
100 124 198
100 125 167
100 126 172
100 127 184

101 0 197
101 1 162
101 2 169
101 3 165
101 4 168
101 5 169
101 6 167
101 7 181
101 8 199
101 9 212
101 10 195
101 11 179
101 12 190
101 13 193
101 14 179
101 15 153
101 16 188
101 17 204
101 18 200
101 19 199
101 20 203
101 21 171
101 22 183
101 23 167
101 24 188
101 25 186
101 26 199
101 27 202
101 28 179
101 29 180
101 30 177
101 31 184
101 32 158
101 33 125
101 34 139
101 35 138
101 36 151
101 37 155
101 38 145
101 39 167
101 40 171
101 41 159
101 42 184
101 43 192
101 44 184
101 45 194
101 46 187
101 47 165
101 48 185
101 49 173
101 50 147
101 51 177
101 52 194
101 53 187
101 54 195
101 55 202
101 56 191
101 57 179
101 58 193
101 59 182
101 60 185
101 61 185
101 62 176
101 63 171
101 64 180
101 65 186
101 66 183
101 67 171
101 68 169
101 69 172
101 70 181
101 71 175
101 72 163
101 73 167
101 74 152
101 75 190
101 76 174
101 77 182
101 78 178
101 79 166
101 80 174
101 81 184
101 82 176
101 83 160
101 84 161
101 85 166
101 86 164
101 87 187
101 88 151
101 89 168
101 90 179
101 91 185
101 92 182
101 93 190
101 94 175
101 95 177
101 96 180
101 97 178
101 98 174
101 99 189
101 100 173
101 101 179
101 102 192
101 103 195
101 104 205
101 105 183
101 106 147
101 107 165
101 108 178
101 109 169
101 110 166
101 111 186
101 112 197
101 113 198
101 114 211
101 115 189
101 116 201
101 117 173
101 118 162
101 119 179
101 120 181
101 121 207
101 122 201
101 123 177
101 124 204
101 125 205
101 126 194
101 127 201

102 0 173
102 1 180
102 2 168
102 3 166
102 4 191
102 5 179
102 6 167
102 7 165
102 8 189
102 9 178
102 10 198
102 11 191
102 12 184
102 13 199
102 14 172
102 15 183
102 16 190
102 17 185
102 18 186
102 19 191
102 20 182
102 21 170
102 22 170
102 23 166
102 24 170
102 25 178
102 26 184
102 27 200
102 28 194
102 29 188
102 30 175
102 31 175
102 32 178
102 33 170
102 34 152
102 35 142
102 36 146
102 37 142
102 38 150
102 39 160
102 40 156
102 41 178
102 42 180
102 43 202
102 44 190
102 45 189
102 46 182
102 47 162
102 48 174
102 49 149
102 50 144
102 51 164
102 52 183
102 53 160
102 54 177
102 55 179
102 56 200
102 57 185
102 58 189
102 59 205
102 60 206
102 61 193
102 62 173
102 63 164
102 64 160
102 65 172
102 66 174
102 67 172
102 68 178
102 69 190
102 70 171
102 71 186
102 72 183
102 73 178
102 74 201
102 75 200
102 76 195
102 77 206
102 78 191
102 79 197
102 80 170
102 81 184
102 82 147
102 83 140
102 84 138
102 85 126
102 86 141
102 87 171
102 88 138
102 89 163
102 90 170
102 91 156
102 92 172
102 93 191
102 94 169
102 95 160
102 96 160
102 97 160
102 98 189
102 99 182
102 100 191
102 101 172
102 102 192
102 103 201
102 104 214
102 105 200
102 106 191
102 107 179
102 108 189
102 109 174
102 110 190
102 111 190
102 112 192
102 113 215
102 114 219
102 115 207
102 116 212
102 117 170
102 118 184
102 119 179
102 120 175
102 121 187
102 122 179
102 123 195
102 124 210
102 125 187
102 126 203
102 127 194

103 0 164
103 1 171
103 2 171
103 3 188
103 4 182
103 5 163
103 6 145
103 7 171
103 8 182
103 9 186
103 10 178
103 11 183
103 12 192
103 13 185
103 14 162
103 15 182
103 16 176
103 17 187
103 18 169
103 19 178
103 20 159
103 21 151
103 22 156
103 23 155
103 24 144
103 25 191
103 26 168
103 27 179
103 28 160
103 29 170
103 30 178
103 31 169
103 32 157
103 33 156
103 34 169
103 35 164
103 36 153
103 37 129
103 38 139
103 39 139
103 40 136
103 41 157
103 42 188
103 43 159
103 44 185
103 45 208
103 46 205
103 47 191
103 48 174
103 49 173
103 50 161
103 51 163
103 52 172
103 53 144
103 54 159
103 55 193
103 56 175
103 57 181
103 58 191
103 59 206
103 60 214
103 61 168
103 62 164
103 63 162
103 64 164
103 65 168
103 66 178
103 67 195
103 68 202
103 69 201
103 70 200
103 71 216
103 72 202
103 73 199
103 74 185
103 75 173
103 76 182
103 77 195
103 78 201
103 79 189
103 80 182
103 81 175
103 82 180
103 83 145
103 84 150
103 85 136
103 86 170
103 87 203
103 88 176
103 89 169
103 90 172
103 91 181
103 92 195
103 93 181
103 94 172
103 95 161
103 96 149
103 97 187
103 98 188
103 99 196
103 100 183
103 101 194
103 102 175
103 103 189
103 104 192
103 105 180
103 106 180
103 107 160
103 108 190
103 109 199
103 110 192
103 111 184
103 112 178
103 113 203
103 114 208
103 115 197
103 116 198
103 117 180
103 118 176
103 119 183
103 120 175
103 121 164
103 122 204
103 123 205
103 124 178
103 125 185
103 126 191
103 127 171

104 0 171
104 1 197
104 2 195
104 3 185
104 4 183
104 5 168
104 6 156
104 7 169
104 8 190
104 9 196
104 10 200
104 11 191
104 12 164
104 13 179
104 14 144
104 15 161
104 16 165
104 17 168
104 18 146
104 19 157
104 20 148
104 21 135
104 22 142
104 23 152
104 24 168
104 25 179
104 26 196
104 27 171
104 28 167
104 29 174
104 30 186
104 31 181
104 32 167
104 33 157
104 34 182
104 35 186
104 36 189
104 37 159
104 38 158
104 39 156
104 40 141
104 41 170
104 42 173
104 43 169
104 44 178
104 45 194
104 46 175
104 47 192
104 48 171
104 49 178
104 50 171
104 51 176
104 52 194
104 53 183
104 54 184
104 55 209
104 56 193
104 57 198
104 58 179
104 59 184
104 60 188
104 61 171
104 62 150
104 63 170
104 64 193
104 65 195
104 66 185
104 67 190
104 68 193
104 69 206
104 70 188
104 71 179
104 72 200
104 73 189
104 74 190
104 75 201
104 76 204
104 77 182
104 78 175
104 79 160
104 80 162
104 81 159
104 82 188
104 83 158
104 84 143
104 85 143
104 86 167
104 87 173
104 88 156
104 89 166
104 90 178
104 91 189
104 92 189
104 93 192
104 94 202
104 95 188
104 96 162
104 97 188
104 98 172
104 99 166
104 100 208
104 101 195
104 102 201
104 103 201
104 104 193
104 105 177
104 106 173
104 107 173
104 108 191
104 109 188
104 110 187
104 111 166
104 112 166
104 113 175
104 114 207
104 115 168
104 116 169
104 117 159
104 118 176
104 119 179
104 120 153
104 121 142
104 122 202
104 123 190
104 124 189
104 125 178
104 126 177
104 127 175

105 0 178
105 1 199
105 2 220
105 3 198
105 4 191
105 5 190
105 6 162
105 7 187
105 8 173
105 9 196
105 10 173
105 11 195
105 12 164
105 13 175
105 14 164
105 15 175
105 16 172
105 17 170
105 18 155
105 19 153
105 20 150
105 21 126
105 22 146
105 23 172
105 24 175
105 25 191
105 26 164
105 27 188
105 28 192
105 29 203
105 30 207
105 31 198
105 32 179
105 33 178
105 34 182
105 35 191
105 36 167
105 37 169
105 38 175
105 39 192
105 40 177
105 41 188
105 42 178
105 43 210
105 44 186
105 45 182
105 46 187
105 47 184
105 48 180
105 49 175
105 50 184
105 51 170
105 52 194
105 53 199
105 54 192
105 55 212
105 56 185
105 57 196
105 58 191
105 59 185
105 60 195
105 61 179
105 62 162
105 63 177
105 64 197
105 65 186
105 66 188
105 67 185
105 68 201
105 69 193
105 70 189
105 71 192
105 72 202
105 73 179
105 74 190
105 75 195
105 76 193
105 77 214
105 78 193
105 79 192
105 80 163
105 81 163
105 82 159
105 83 160
105 84 140
105 85 174
105 86 161
105 87 179
105 88 161
105 89 177
105 90 195
105 91 183
105 92 189
105 93 188
105 94 209
105 95 206
105 96 197
105 97 184
105 98 196
105 99 196
105 100 202
105 101 196
105 102 196
105 103 202
105 104 189
105 105 164
105 106 165
105 107 170
105 108 182
105 109 187
105 110 182
105 111 156
105 112 152
105 113 170
105 114 160
105 115 175
105 116 181
105 117 145
105 118 151
105 119 164
105 120 167
105 121 169
105 122 188
105 123 190
105 124 187
105 125 204
105 126 191
105 127 191

106 0 187
106 1 195
106 2 211
106 3 201
106 4 174
106 5 180
106 6 168
106 7 192
106 8 202
106 9 207
106 10 193
106 11 195
106 12 170
106 13 168
106 14 152
106 15 189
106 16 188
106 17 178
106 18 153
106 19 175
106 20 169
106 21 162
106 22 164
106 23 156
106 24 182
106 25 195
106 26 184
106 27 178
106 28 179
106 29 203
106 30 200
106 31 187
106 32 182
106 33 169
106 34 186
106 35 188
106 36 180
106 37 165
106 38 202
106 39 205
106 40 181
106 41 193
106 42 199
106 43 195
106 44 201
106 45 193
106 46 183
106 47 201
106 48 182
106 49 177
106 50 178
106 51 155
106 52 199
106 53 194
106 54 203
106 55 186
106 56 184
106 57 168
106 58 181
106 59 191
106 60 206
106 61 203
106 62 195
106 63 191
106 64 209
106 65 200
106 66 190
106 67 209
106 68 201
106 69 192
106 70 197
106 71 187
106 72 185
106 73 176
106 74 204
106 75 173
106 76 181
106 77 181
106 78 195
106 79 199
106 80 200
106 81 180
106 82 158
106 83 136
106 84 133
106 85 175
106 86 178
106 87 170
106 88 174
106 89 175
106 90 180
106 91 176
106 92 203
106 93 184
106 94 202
106 95 213
106 96 196
106 97 205
106 98 176
106 99 188
106 100 169
106 101 213
106 102 208
106 103 199
106 104 180
106 105 155
106 106 164
106 107 165
106 108 173
106 109 168
106 110 155
106 111 148
106 112 153
106 113 175
106 114 152
106 115 167
106 116 172
106 117 153
106 118 150
106 119 144
106 120 163
106 121 167
106 122 202
106 123 190
106 124 188
106 125 194
106 126 183
106 127 194

107 0 186
107 1 204
107 2 201
107 3 191
107 4 189
107 5 190
107 6 185
107 7 188
107 8 204
107 9 181
107 10 189
107 11 189
107 12 163
107 13 169
107 14 166
107 15 180
107 16 184
107 17 191
107 18 165
107 19 161
107 20 150
107 21 162
107 22 181
107 23 173
107 24 178
107 25 196
107 26 212
107 27 194
107 28 174
107 29 193
107 30 189
107 31 194
107 32 187
107 33 167
107 34 186
107 35 172
107 36 192
107 37 210
107 38 193
107 39 190
107 40 183
107 41 171
107 42 197
107 43 194
107 44 186
107 45 179
107 46 185
107 47 189
107 48 174
107 49 190
107 50 184
107 51 156
107 52 172
107 53 163
107 54 182
107 55 186
107 56 179
107 57 187
107 58 174
107 59 188
107 60 192
107 61 186
107 62 201
107 63 188
107 64 175
107 65 183
107 66 189
107 67 182
107 68 201
107 69 201
107 70 212
107 71 186
107 72 165
107 73 167
107 74 198
107 75 209
107 76 200
107 77 186
107 78 204
107 79 210
107 80 203
107 81 202
107 82 197
107 83 161
107 84 141
107 85 189
107 86 176
107 87 178
107 88 176
107 89 199
107 90 177
107 91 192
107 92 208
107 93 198
107 94 187
107 95 198
107 96 215
107 97 186
107 98 180
107 99 194
107 100 163
107 101 196
107 102 202
107 103 184
107 104 192
107 105 168
107 106 154
107 107 164
107 108 151
107 109 150
107 110 139
107 111 134
107 112 152
107 113 169
107 114 158
107 115 179
107 116 185
107 117 173
107 118 165
107 119 165
107 120 184
107 121 172
107 122 210
107 123 196
107 124 179
107 125 182
107 126 179
107 127 180

108 0 188
108 1 211
108 2 180
108 3 195
108 4 170
108 5 173
108 6 192
108 7 192
108 8 186
108 9 172
108 10 175
108 11 190
108 12 176
108 13 166
108 14 169
108 15 189
108 16 179
108 17 177
108 18 145
108 19 151
108 20 142
108 21 189
108 22 182
108 23 177
108 24 166
108 25 186
108 26 185
108 27 184
108 28 181
108 29 192
108 30 197
108 31 174
108 32 175
108 33 173
108 34 205
108 35 187
108 36 185
108 37 191
108 38 180
108 39 181
108 40 161
108 41 197
108 42 218
108 43 189
108 44 207
108 45 174
108 46 173
108 47 188
108 48 170
108 49 199
108 50 166
108 51 188
108 52 177
108 53 176
108 54 194
108 55 202
108 56 206
108 57 191
108 58 171
108 59 185
108 60 185
108 61 174
108 62 179
108 63 178
108 64 179
108 65 161
108 66 183
108 67 195
108 68 198
108 69 218
108 70 197
108 71 193
108 72 181
108 73 175
108 74 181
108 75 188
108 76 202
108 77 195
108 78 185
108 79 213
108 80 197
108 81 191
108 82 211
108 83 162
108 84 167
108 85 172
108 86 192
108 87 178
108 88 163
108 89 174
108 90 184
108 91 189
108 92 175
108 93 172
108 94 163
108 95 187
108 96 189
108 97 193
108 98 198
108 99 204
108 100 170
108 101 185
108 102 189
108 103 181
108 104 174
108 105 142
108 106 154
108 107 157
108 108 153
108 109 145
108 110 124
108 111 122
108 112 151
108 113 151
108 114 167
108 115 158
108 116 167
108 117 167
108 118 169
108 119 180
108 120 176
108 121 184
108 122 199
108 123 199
108 124 195
108 125 205
108 126 179
108 127 171

109 0 169
109 1 191
109 2 200
109 3 179
109 4 175
109 5 184
109 6 182
109 7 187
109 8 186
109 9 199
109 10 183
109 11 201
109 12 170
109 13 174
109 14 180
109 15 162
109 16 170
109 17 193
109 18 175
109 19 169
109 20 163
109 21 159
109 22 193
109 23 169
109 24 177
109 25 201
109 26 201
109 27 169
109 28 182
109 29 170
109 30 197
109 31 167
109 32 172
109 33 152
109 34 197
109 35 181
109 36 183
109 37 175
109 38 188
109 39 172
109 40 182
109 41 195
109 42 204
109 43 195
109 44 196
109 45 174
109 46 188
109 47 163
109 48 158
109 49 183
109 50 177
109 51 207
109 52 195
109 53 213
109 54 221
109 55 225
109 56 192
109 57 186
109 58 187
109 59 181
109 60 201
109 61 181
109 62 189
109 63 174
109 64 170
109 65 170
109 66 178
109 67 183
109 68 194
109 69 195
109 70 169
109 71 182
109 72 157
109 73 147
109 74 164
109 75 180
109 76 203
109 77 209
109 78 210
109 79 205
109 80 202
109 81 208
109 82 201
109 83 146
109 84 147
109 85 177
109 86 196
109 87 185
109 88 185
109 89 179
109 90 168
109 91 172
109 92 180
109 93 145
109 94 170
109 95 173
109 96 192
109 97 187
109 98 191
109 99 212
109 100 186
109 101 204
109 102 190
109 103 192
109 104 185
109 105 166
109 106 163
109 107 156
109 108 134
109 109 137
109 110 106
109 111 112
109 112 120
109 113 142
109 114 143
109 115 158
109 116 167
109 117 158
109 118 175
109 119 167
109 120 161
109 121 180
109 122 184
109 123 193
109 124 187
109 125 184
109 126 178
109 127 177

110 0 168
110 1 195
110 2 195
110 3 192
110 4 195
110 5 176
110 6 210
110 7 200
110 8 187
110 9 191
110 10 189
110 11 185
110 12 165
110 13 164
110 14 167
110 15 144
110 16 152
110 17 176
110 18 175
110 19 158
110 20 162
110 21 172
110 22 168
110 23 187
110 24 180
110 25 189
110 26 205
110 27 182
110 28 157
110 29 179
110 30 159
110 31 140
110 32 155
110 33 154
110 34 191
110 35 155
110 36 170
110 37 155
110 38 204
110 39 184
110 40 196
110 41 207
110 42 198
110 43 196
110 44 213
110 45 196
110 46 188
110 47 171
110 48 161
110 49 166
110 50 218
110 51 206
110 52 201
110 53 198
110 54 207
110 55 205
110 56 196
110 57 202
110 58 183
110 59 204
110 60 201
110 61 199
110 62 191
110 63 195
110 64 168
110 65 176
110 66 178
110 67 189
110 68 209
110 69 202
110 70 206
110 71 194
110 72 183
110 73 170
110 74 159
110 75 158
110 76 192
110 77 203
110 78 184
110 79 208
110 80 203
110 81 197
110 82 203
110 83 158
110 84 145
110 85 192
110 86 210
110 87 171
110 88 192
110 89 189
110 90 196
110 91 192
110 92 191
110 93 187
110 94 194
110 95 195
110 96 183
110 97 161
110 98 186
110 99 187
110 100 197
110 101 164
110 102 174
110 103 154
110 104 136
110 105 159
110 106 151
110 107 140
110 108 154
110 109 150
110 110 137
110 111 113
110 112 125
110 113 116
110 114 123
110 115 159
110 116 159
110 117 146
110 118 170
110 119 167
110 120 174
110 121 179
110 122 187
110 123 196
110 124 207
110 125 174
110 126 156
110 127 158

111 0 182
111 1 194
111 2 186
111 3 205
111 4 172
111 5 174
111 6 194
111 7 191
111 8 188
111 9 175
111 10 188
111 11 173
111 12 168
111 13 152
111 14 135
111 15 157
111 16 148
111 17 164
111 18 168
111 19 171
111 20 172
111 21 184
111 22 186
111 23 190
111 24 182
111 25 186
111 26 201
111 27 171
111 28 167
111 29 187
111 30 153
111 31 160
111 32 166
111 33 142
111 34 131
111 35 148
111 36 168
111 37 179
111 38 175
111 39 183
111 40 203
111 41 201
111 42 194
111 43 192
111 44 200
111 45 192
111 46 180
111 47 178
111 48 166
111 49 198
111 50 216
111 51 215
111 52 183
111 53 194
111 54 198
111 55 173
111 56 179
111 57 194
111 58 186
111 59 181
111 60 210
111 61 209
111 62 173
111 63 173
111 64 180
111 65 194
111 66 177
111 67 189
111 68 190
111 69 207
111 70 193
111 71 208
111 72 175
111 73 170
111 74 183
111 75 179
111 76 186
111 77 199
111 78 194
111 79 182
111 80 193
111 81 196
111 82 184
111 83 157
111 84 161
111 85 207
111 86 195
111 87 216
111 88 198
111 89 194
111 90 208
111 91 208
111 92 171
111 93 173
111 94 194
111 95 166
111 96 181
111 97 155
111 98 185
111 99 194
111 100 180
111 101 175
111 102 165
111 103 173
111 104 137
111 105 147
111 106 153
111 107 158
111 108 157
111 109 157
111 110 142
111 111 111
111 112 103
111 113 115
111 114 111
111 115 144
111 116 135
111 117 168
111 118 176
111 119 165
111 120 160
111 121 178
111 122 178
111 123 187
111 124 170
111 125 172
111 126 165
111 127 188

112 0 192
112 1 202
112 2 189
112 3 213
112 4 175
112 5 162
112 6 190
112 7 196
112 8 188
112 9 176
112 10 175
112 11 169
112 12 166
112 13 157
112 14 164
112 15 158
112 16 166
112 17 166
112 18 171
112 19 175
112 20 174
112 21 185
112 22 170
112 23 174
112 24 195
112 25 188
112 26 181
112 27 185
112 28 194
112 29 189
112 30 174
112 31 153
112 32 155
112 33 131
112 34 131
112 35 141
112 36 167
112 37 159
112 38 175
112 39 194
112 40 216
112 41 189
112 42 170
112 43 187
112 44 209
112 45 209
112 46 190
112 47 187
112 48 183
112 49 176
112 50 203
112 51 192
112 52 197
112 53 181
112 54 179
112 55 195
112 56 166
112 57 194
112 58 193
112 59 183
112 60 202
112 61 197
112 62 198
112 63 175
112 64 163
112 65 204
112 66 194
112 67 186
112 68 196
112 69 183
112 70 208
112 71 207
112 72 185
112 73 183
112 74 186
112 75 191
112 76 188
112 77 187
112 78 175
112 79 189
112 80 182
112 81 167
112 82 182
112 83 159
112 84 161
112 85 193
112 86 178
112 87 200
112 88 202
112 89 192
112 90 219
112 91 217
112 92 183
112 93 199
112 94 183
112 95 164
112 96 166
112 97 167
112 98 188
112 99 176
112 100 205
112 101 200
112 102 182
112 103 183
112 104 152
112 105 152
112 106 163
112 107 171
112 108 165
112 109 170
112 110 157
112 111 143
112 112 133
112 113 116
112 114 127
112 115 154
112 116 164
112 117 164
112 118 155
112 119 159
112 120 185
112 121 169
112 122 182
112 123 177
112 124 174
112 125 193
112 126 190
112 127 207

113 0 198
113 1 207
113 2 210
113 3 201
113 4 185
113 5 164
113 6 168
113 7 180
113 8 170
113 9 162
113 10 161
113 11 156
113 12 143
113 13 175
113 14 178
113 15 186
113 16 181
113 17 176
113 18 175
113 19 192
113 20 179
113 21 193
113 22 179
113 23 183
113 24 179
113 25 190
113 26 185
113 27 194
113 28 193
113 29 190
113 30 191
113 31 185
113 32 174
113 33 147
113 34 124
113 35 150
113 36 148
113 37 136
113 38 160
113 39 184
113 40 204
113 41 184
113 42 166
113 43 184
113 44 194
113 45 182
113 46 164
113 47 187
113 48 153
113 49 180
113 50 199
113 51 222
113 52 213
113 53 186
113 54 197
113 55 176
113 56 169
113 57 185
113 58 200
113 59 179
113 60 199
113 61 183
113 62 190
113 63 177
113 64 202
113 65 210
113 66 194
113 67 180
113 68 195
113 69 175
113 70 173
113 71 191
113 72 178
113 73 196
113 74 201
113 75 177
113 76 185
113 77 183
113 78 194
113 79 195
113 80 194
113 81 189
113 82 191
113 83 180
113 84 158
113 85 158
113 86 164
113 87 176
113 88 177
113 89 186
113 90 209
113 91 203
113 92 199
113 93 183
113 94 177
113 95 162
113 96 175
113 97 191
113 98 174
113 99 192
113 100 183
113 101 182
113 102 181
113 103 182
113 104 127
113 105 143
113 106 178
113 107 172
113 108 164
113 109 194
113 110 152
113 111 151
113 112 149
113 113 152
113 114 147
113 115 161
113 116 166
113 117 156
113 118 163
113 119 169
113 120 172
113 121 183
113 122 182
113 123 213
113 124 200
113 125 171
113 126 167
113 127 179

114 0 186
114 1 215
114 2 201
114 3 175
114 4 188
114 5 163
114 6 174
114 7 174
114 8 148
114 9 142
114 10 142
114 11 156
114 12 162
114 13 187
114 14 184
114 15 194
114 16 204
114 17 197
114 18 176
114 19 176
114 20 163
114 21 192
114 22 196
114 23 196
114 24 186
114 25 199
114 26 172
114 27 170
114 28 212
114 29 203
114 30 192
114 31 204
114 32 174
114 33 152
114 34 141
114 35 158
114 36 159
114 37 140
114 38 170
114 39 185
114 40 199
114 41 199
114 42 152
114 43 154
114 44 173
114 45 181
114 46 164
114 47 176
114 48 170
114 49 188
114 50 209
114 51 176
114 52 216
114 53 188
114 54 194
114 55 188
114 56 173
114 57 176
114 58 189
114 59 179
114 60 183
114 61 194
114 62 200
114 63 173
114 64 186
114 65 198
114 66 167
114 67 176
114 68 189
114 69 175
114 70 188
114 71 179
114 72 186
114 73 186
114 74 186
114 75 198
114 76 191
114 77 196
114 78 190
114 79 194
114 80 196
114 81 192
114 82 191
114 83 182
114 84 155
114 85 165
114 86 173
114 87 180
114 88 180
114 89 190
114 90 199
114 91 176
114 92 177
114 93 172
114 94 169
114 95 209
114 96 177
114 97 183
114 98 168
114 99 184
114 100 195
114 101 178
114 102 182
114 103 182
114 104 154
114 105 152
114 106 180
114 107 162
114 108 167
114 109 176
114 110 174
114 111 151
114 112 162
114 113 179
114 114 159
114 115 154
114 116 148
114 117 150
114 118 169
114 119 186
114 120 183
114 121 193
114 122 182
114 123 206
114 124 191
114 125 166
114 126 193
114 127 194

115 0 180
115 1 204
115 2 196
115 3 201
115 4 172
115 5 184
115 6 177
115 7 170
115 8 155
115 9 151
115 10 159
115 11 176
115 12 154
115 13 183
115 14 183
115 15 183
115 16 203
115 17 181
115 18 202
115 19 163
115 20 181
115 21 204
115 22 194
115 23 225
115 24 180
115 25 186
115 26 183
115 27 189
115 28 185
115 29 191
115 30 201
115 31 196
115 32 187
115 33 186
115 34 177
115 35 179
115 36 156
115 37 143
115 38 176
115 39 169
115 40 197
115 41 180
115 42 152
115 43 180
115 44 160
115 45 191
115 46 184
115 47 170
115 48 161
115 49 180
115 50 181
115 51 191
115 52 188
115 53 174
115 54 189
115 55 189
115 56 158
115 57 146
115 58 181
115 59 176
115 60 190
115 61 195
115 62 178
115 63 194
115 64 191
115 65 177
115 66 174
115 67 190
115 68 188
115 69 212
115 70 191
115 71 177
115 72 180
115 73 169
115 74 182
115 75 200
115 76 205
115 77 210
115 78 212
115 79 193
115 80 200
115 81 172
115 82 177
115 83 180
115 84 198
115 85 181
115 86 202
115 87 178
115 88 176
115 89 180
115 90 213
115 91 189
115 92 188
115 93 191
115 94 169
115 95 164
115 96 191
115 97 160
115 98 175
115 99 186
115 100 170
115 101 191
115 102 210
115 103 202
115 104 159
115 105 180
115 106 171
115 107 170
115 108 165
115 109 172
115 110 165
115 111 161
115 112 159
115 113 174
115 114 164
115 115 157
115 116 154
115 117 165
115 118 172
115 119 195
115 120 177
115 121 201
115 122 183
115 123 173
115 124 193
115 125 183
115 126 172
115 127 177

116 0 194
116 1 170
116 2 181
116 3 179
116 4 191
116 5 175
116 6 185
116 7 160
116 8 167
116 9 188
116 10 195
116 11 182
116 12 166
116 13 187
116 14 214
116 15 184
116 16 193
116 17 210
116 18 196
116 19 178
116 20 186
116 21 208
116 22 205
116 23 190
116 24 187
116 25 179
116 26 182
116 27 197
116 28 194
116 29 198
116 30 204
116 31 193
116 32 182
116 33 201
116 34 169
116 35 168
116 36 165
116 37 170
116 38 169
116 39 184
116 40 193
116 41 184
116 42 172
116 43 175
116 44 184
116 45 208
116 46 193
116 47 178
116 48 186
116 49 196
116 50 168
116 51 165
116 52 182
116 53 180
116 54 193
116 55 197
116 56 155
116 57 146
116 58 178
116 59 203
116 60 200
116 61 195
116 62 187
116 63 178
116 64 208
116 65 189
116 66 192
116 67 185
116 68 196
116 69 203
116 70 200
116 71 195
116 72 183
116 73 188
116 74 152
116 75 191
116 76 197
116 77 216
116 78 195
116 79 190
116 80 191
116 81 200
116 82 199
116 83 195
116 84 208
116 85 193
116 86 211
116 87 205
116 88 181
116 89 170
116 90 165
116 91 159
116 92 181
116 93 175
116 94 190
116 95 192
116 96 179
116 97 175
116 98 161
116 99 197
116 100 174
116 101 195
116 102 200
116 103 214
116 104 172
116 105 158
116 106 162
116 107 152
116 108 149
116 109 161
116 110 157
116 111 144
116 112 150
116 113 174
116 114 150
116 115 173
116 116 199
116 117 177
116 118 171
116 119 176
116 120 190
116 121 200
116 122 185
116 123 176
116 124 184
116 125 190
116 126 194
116 127 183

117 0 182
117 1 171
117 2 193
117 3 178
117 4 175
117 5 152
117 6 165
117 7 160
117 8 177
117 9 179
117 10 195
117 11 190
117 12 177
117 13 204
117 14 215
117 15 206
117 16 220
117 17 207
117 18 187
117 19 179
117 20 158
117 21 180
117 22 160
117 23 175
117 24 171
117 25 161
117 26 199
117 27 206
117 28 198
117 29 189
117 30 188
117 31 194
117 32 163
117 33 191
117 34 167
117 35 153
117 36 150
117 37 158
117 38 137
117 39 138
117 40 161
117 41 190
117 42 180
117 43 191
117 44 189
117 45 182
117 46 191
117 47 174
117 48 155
117 49 197
117 50 182
117 51 185
117 52 177
117 53 172
117 54 200
117 55 188
117 56 145
117 57 167
117 58 183
117 59 187
117 60 203
117 61 216
117 62 204
117 63 203
117 64 199
117 65 204
117 66 215
117 67 211
117 68 191
117 69 208
117 70 210
117 71 192
117 72 189
117 73 178
117 74 176
117 75 180
117 76 178
117 77 184
117 78 186
117 79 205
117 80 181
117 81 184
117 82 205
117 83 188
117 84 202
117 85 192
117 86 200
117 87 189
117 88 160
117 89 174
117 90 184
117 91 198
117 92 185
117 93 173
117 94 195
117 95 199
117 96 170
117 97 162
117 98 157
117 99 168
117 100 165
117 101 177
117 102 186
117 103 183
117 104 160
117 105 170
117 106 195
117 107 188
117 108 176
117 109 184
117 110 164
117 111 176
117 112 173
117 113 203
117 114 189
117 115 168
117 116 184
117 117 170
117 118 166
117 119 153
117 120 167
117 121 173
117 122 173
117 123 192
117 124 171
117 125 159
117 126 173
117 127 173

118 0 166
118 1 162
118 2 191
118 3 174
118 4 179
118 5 182
118 6 183
118 7 177
118 8 198
118 9 184
118 10 192
118 11 174
118 12 179
118 13 193
118 14 220
118 15 195
118 16 183
118 17 206
118 18 193
118 19 156
118 20 163
118 21 161
118 22 158
118 23 159
118 24 162
118 25 160
118 26 152
118 27 179
118 28 176
118 29 199
118 30 207
118 31 215
118 32 186
118 33 179
118 34 175
118 35 150
118 36 150
118 37 155
118 38 149
118 39 153
118 40 149
118 41 178
118 42 168
118 43 185
118 44 171
118 45 187
118 46 186
118 47 178
118 48 177
118 49 191
118 50 189
118 51 200
118 52 197
118 53 188
118 54 184
118 55 164
118 56 140
118 57 156
118 58 172
118 59 177
118 60 205
118 61 185
118 62 199
118 63 181
118 64 206
118 65 221
118 66 221
118 67 200
118 68 183
118 69 209
118 70 186
118 71 174
118 72 180
118 73 178
118 74 181
118 75 176
118 76 172
118 77 161
118 78 180
118 79 192
118 80 183
118 81 205
118 82 208
118 83 193
118 84 190
118 85 178
118 86 171
118 87 159
118 88 172
118 89 186
118 90 187
118 91 174
118 92 190
118 93 172
118 94 169
118 95 169
118 96 172
118 97 184
118 98 185
118 99 177
118 100 168
118 101 159
118 102 128
118 103 164
118 104 144
118 105 175
118 106 190
118 107 180
118 108 181
118 109 190
118 110 182
118 111 169
118 112 164
118 113 174
118 114 165
118 115 175
118 116 169
118 117 160
118 118 155
118 119 162
118 120 168
118 121 182
118 122 171
118 123 185
118 124 200
118 125 193
118 126 186
118 127 178

119 0 179
119 1 186
119 2 215
119 3 205
119 4 210
119 5 191
119 6 166
119 7 187
119 8 183
119 9 171
119 10 179
119 11 161
119 12 178
119 13 185
119 14 223
119 15 214
119 16 209
119 17 204
119 18 188
119 19 178
119 20 169
119 21 171
119 22 150
119 23 160
119 24 172
119 25 179
119 26 178
119 27 166
119 28 183
119 29 184
119 30 203
119 31 197
119 32 186
119 33 188
119 34 180
119 35 167
119 36 150
119 37 155
119 38 163
119 39 152
119 40 165
119 41 150
119 42 168
119 43 177
119 44 180
119 45 187
119 46 181
119 47 193
119 48 173
119 49 174
119 50 167
119 51 187
119 52 182
119 53 188
119 54 192
119 55 181
119 56 149
119 57 152
119 58 158
119 59 157
119 60 159
119 61 162
119 62 159
119 63 159
119 64 171
119 65 181
119 66 201
119 67 173
119 68 166
119 69 192
119 70 184
119 71 158
119 72 171
119 73 177
119 74 149
119 75 151
119 76 145
119 77 157
119 78 181
119 79 178
119 80 196
119 81 208
119 82 191
119 83 197
119 84 197
119 85 179
119 86 166
119 87 151
119 88 177
119 89 175
119 90 181
119 91 166
119 92 170
119 93 174
119 94 168
119 95 173
119 96 170
119 97 168
119 98 177
119 99 174
119 100 160
119 101 168
119 102 159
119 103 175
119 104 168
119 105 167
119 106 180
119 107 188
119 108 209
119 109 209
119 110 177
119 111 182
119 112 168
119 113 195
119 114 198
119 115 173
119 116 158
119 117 135
119 118 161
119 119 162
119 120 186
119 121 198
119 122 182
119 123 191
119 124 188
119 125 171
119 126 165
119 127 188

120 0 190
120 1 196
120 2 186
120 3 224
120 4 208
120 5 214
120 6 203
120 7 179
120 8 191
120 9 190
120 10 182
120 11 164
120 12 170
120 13 179
120 14 191
120 15 200
120 16 208
120 17 185
120 18 198
120 19 181
120 20 191
120 21 178
120 22 159
120 23 156
120 24 173
120 25 207
120 26 199
120 27 193
120 28 187
120 29 194
120 30 185
120 31 178
120 32 167
120 33 156
120 34 160
120 35 162
120 36 160
120 37 170
120 38 155
120 39 172
120 40 187
120 41 193
120 42 174
120 43 167
120 44 161
120 45 176
120 46 192
120 47 176
120 48 192
120 49 193
120 50 190
120 51 194
120 52 190
120 53 183
120 54 172
120 55 170
120 56 143
120 57 145
120 58 148
120 59 162
120 60 162
120 61 160
120 62 175
120 63 168
120 64 179
120 65 187
120 66 181
120 67 182
120 68 165
120 69 172
120 70 163
120 71 176
120 72 162
120 73 155
120 74 141
120 75 136
120 76 158
120 77 168
120 78 172
120 79 173
120 80 197
120 81 187
120 82 200
120 83 181
120 84 190
120 85 193
120 86 190
120 87 174
120 88 196
120 89 198
120 90 186
120 91 176
120 92 181
120 93 167
120 94 187
120 95 183
120 96 172
120 97 166
120 98 172
120 99 165
120 100 166
120 101 164
120 102 154
120 103 151
120 104 175
120 105 168
120 106 176
120 107 157
120 108 189
120 109 176
120 110 179
120 111 167
120 112 144
120 113 163
120 114 184
120 115 161
120 116 171
120 117 176
120 118 185
120 119 182
120 120 200
120 121 186
120 122 202
120 123 194
120 124 200
120 125 200
120 126 199
120 127 198

121 0 183
121 1 201
121 2 194
121 3 188
121 4 209
121 5 208
121 6 190
121 7 186
121 8 205
121 9 189
121 10 170
121 11 149
121 12 154
121 13 184
121 14 178
121 15 160
121 16 189
121 17 185
121 18 182
121 19 186
121 20 174
121 21 184
121 22 182
121 23 175
121 24 200
121 25 216
121 26 212
121 27 193
121 28 166
121 29 170
121 30 173
121 31 185
121 32 181
121 33 169
121 34 165
121 35 171
121 36 170
121 37 174
121 38 161
121 39 164
121 40 166
121 41 175
121 42 174
121 43 157
121 44 148
121 45 160
121 46 168
121 47 180
121 48 209
121 49 195
121 50 197
121 51 194
121 52 186
121 53 183
121 54 191
121 55 195
121 56 171
121 57 160
121 58 158
121 59 161
121 60 164
121 61 160
121 62 179
121 63 171
121 64 174
121 65 185
121 66 179
121 67 173
121 68 164
121 69 146
121 70 171
121 71 178
121 72 163
121 73 156
121 74 169
121 75 155
121 76 185
121 77 169
121 78 171
121 79 157
121 80 178
121 81 181
121 82 180
121 83 172
121 84 179
121 85 188
121 86 173
121 87 196
121 88 206
121 89 201
121 90 187
121 91 181
121 92 185
121 93 177
121 94 182
121 95 173
121 96 159
121 97 167
121 98 163
121 99 156
121 100 154
121 101 161
121 102 154
121 103 144
121 104 163
121 105 186
121 106 204
121 107 186
121 108 200
121 109 183
121 110 168
121 111 166
121 112 165
121 113 168
121 114 158
121 115 161
121 116 153
121 117 159
121 118 174
121 119 172
121 120 198
121 121 191
121 122 179
121 123 179
121 124 200
121 125 189
121 126 194
121 127 199

122 0 173
122 1 179
122 2 198
122 3 200
122 4 193
122 5 213
122 6 193
122 7 201
122 8 202
122 9 189
122 10 178
122 11 155
122 12 154
122 13 157
122 14 175
122 15 171
122 16 168
122 17 179
122 18 184
122 19 184
122 20 167
122 21 184
122 22 174
122 23 168
122 24 202
122 25 202
122 26 217
122 27 179
122 28 159
122 29 152
122 30 157
122 31 157
122 32 145
122 33 149
122 34 149
122 35 149
122 36 158
122 37 163
122 38 144
122 39 134
122 40 167
122 41 173
122 42 180
122 43 172
122 44 149
122 45 153
122 46 165
122 47 189
122 48 187
122 49 202
122 50 208
122 51 194
122 52 189
122 53 189
122 54 200
122 55 191
122 56 163
122 57 147
122 58 168
122 59 140
122 60 150
122 61 192
122 62 196
122 63 194
122 64 189
122 65 206
122 66 204
122 67 192
122 68 159
122 69 185
122 70 179
122 71 190
122 72 197
122 73 188
122 74 181
122 75 161
122 76 178
122 77 177
122 78 171
122 79 172
122 80 172
122 81 153
122 82 157
122 83 164
122 84 177
122 85 178
122 86 198
122 87 205
122 88 208
122 89 194
122 90 183
122 91 199
122 92 174
122 93 182
122 94 158
122 95 176
122 96 170
122 97 156
122 98 169
122 99 160
122 100 162
122 101 173
122 102 167
122 103 154
122 104 183
122 105 196
122 106 212
122 107 198
122 108 197
122 109 176
122 110 171
122 111 175
122 112 192
122 113 172
122 114 177
122 115 168
122 116 184
122 117 163
122 118 159
122 119 172
122 120 162
122 121 178
122 122 188
122 123 207
122 124 187
122 125 194
122 126 194
122 127 180

123 0 173
123 1 172
123 2 174
123 3 213
123 4 207
123 5 214
123 6 180
123 7 192
123 8 214
123 9 203
123 10 212
123 11 172
123 12 185
123 13 171
123 14 176
123 15 199
123 16 166
123 17 180
123 18 184
123 19 188
123 20 190
123 21 186
123 22 175
123 23 186
123 24 199
123 25 208
123 26 186
123 27 157
123 28 146
123 29 139
123 30 146
123 31 148
123 32 143
123 33 136
123 34 131
123 35 146
123 36 150
123 37 152
123 38 137
123 39 140
123 40 153
123 41 172
123 42 160
123 43 155
123 44 149
123 45 168
123 46 156
123 47 205
123 48 189
123 49 187
123 50 185
123 51 190
123 52 179
123 53 204
123 54 171
123 55 154
123 56 170
123 57 181
123 58 183
123 59 169
123 60 170
123 61 167
123 62 195
123 63 182
123 64 196
123 65 216
123 66 209
123 67 203
123 68 194
123 69 193
123 70 202
123 71 205
123 72 195
123 73 184
123 74 165
123 75 183
123 76 199
123 77 198
123 78 196
123 79 169
123 80 159
123 81 163
123 82 153
123 83 148
123 84 177
123 85 177
123 86 197
123 87 197
123 88 199
123 89 193
123 90 179
123 91 197
123 92 158
123 93 195
123 94 181
123 95 187
123 96 171
123 97 135
123 98 160
123 99 158
123 100 152
123 101 174
123 102 172
123 103 157
123 104 145
123 105 161
123 106 174
123 107 172
123 108 196
123 109 167
123 110 154
123 111 165
123 112 169
123 113 155
123 114 175
123 115 172
123 116 179
123 117 167
123 118 173
123 119 169
123 120 166
123 121 158
123 122 183
123 123 194
123 124 201
123 125 194
123 126 174
123 127 174

124 0 190
124 1 181
124 2 179
124 3 189
124 4 183
124 5 205
124 6 182
124 7 181
124 8 212
124 9 208
124 10 209
124 11 185
124 12 191
124 13 189
124 14 222
124 15 206
124 16 207
124 17 210
124 18 204
124 19 201
124 20 181
124 21 202
124 22 174
124 23 188
124 24 201
124 25 177
124 26 176
124 27 160
124 28 136
124 29 138
124 30 159
124 31 166
124 32 161
124 33 133
124 34 148
124 35 186
124 36 184
124 37 169
124 38 144
124 39 127
124 40 149
124 41 185
124 42 186
124 43 178
124 44 189
124 45 189
124 46 189
124 47 206
124 48 203
124 49 184
124 50 202
124 51 194
124 52 200
124 53 199
124 54 174
124 55 186
124 56 171
124 57 163
124 58 160
124 59 157
124 60 175
124 61 163
124 62 178
124 63 193
124 64 212
124 65 214
124 66 187
124 67 209
124 68 194
124 69 189
124 70 181
124 71 209
124 72 201
124 73 207
124 74 193
124 75 216
124 76 195
124 77 231
124 78 200
124 79 181
124 80 179
124 81 194
124 82 167
124 83 176
124 84 172
124 85 182
124 86 199
124 87 223
124 88 202
124 89 208
124 90 174
124 91 191
124 92 197
124 93 218
124 94 205
124 95 179
124 96 148
124 97 164
124 98 167
124 99 183
124 100 173
124 101 173
124 102 167
124 103 140
124 104 168
124 105 166
124 106 177
124 107 195
124 108 181
124 109 171
124 110 160
124 111 165
124 112 174
124 113 148
124 114 159
124 115 149
124 116 181
124 117 159
124 118 143
124 119 170
124 120 174
124 121 171
124 122 185
124 123 190
124 124 207
124 125 177
124 126 182
124 127 196

125 0 180
125 1 191
125 2 175
125 3 192
125 4 192
125 5 201
125 6 199
125 7 205
125 8 203
125 9 188
125 10 216
125 11 192
125 12 193
125 13 195
125 14 215
125 15 180
125 16 187
125 17 206
125 18 217
125 19 217
125 20 209
125 21 195
125 22 182
125 23 162
125 24 188
125 25 173
125 26 182
125 27 153
125 28 131
125 29 160
125 30 180
125 31 185
125 32 169
125 33 142
125 34 163
125 35 174
125 36 168
125 37 171
125 38 154
125 39 135
125 40 139
125 41 163
125 42 163
125 43 156
125 44 177
125 45 168
125 46 184
125 47 194
125 48 203
125 49 187
125 50 223
125 51 215
125 52 211
125 53 205
125 54 188
125 55 195
125 56 186
125 57 182
125 58 178
125 59 162
125 60 176
125 61 170
125 62 198
125 63 209
125 64 197
125 65 205
125 66 214
125 67 196
125 68 173
125 69 221
125 70 190
125 71 205
125 72 216
125 73 202
125 74 187
125 75 221
125 76 191
125 77 183
125 78 194
125 79 177
125 80 180
125 81 187
125 82 192
125 83 197
125 84 193
125 85 194
125 86 215
125 87 214
125 88 185
125 89 208
125 90 200
125 91 181
125 92 184
125 93 190
125 94 177
125 95 162
125 96 143
125 97 157
125 98 158
125 99 171
125 100 161
125 101 175
125 102 188
125 103 175
125 104 171
125 105 174
125 106 203
125 107 197
125 108 191
125 109 161
125 110 157
125 111 158
125 112 165
125 113 167
125 114 167
125 115 154
125 116 169
125 117 168
125 118 156
125 119 154
125 120 155
125 121 185
125 122 196
125 123 190
125 124 194
125 125 159
125 126 196
125 127 203

126 0 182
126 1 190
126 2 184
126 3 185
126 4 185
126 5 157
126 6 185
126 7 169
126 8 181
126 9 180
126 10 185
126 11 193
126 12 193
126 13 211
126 14 211
126 15 210
126 16 200
126 17 195
126 18 200
126 19 215
126 20 187
126 21 155
126 22 170
126 23 168
126 24 194
126 25 194
126 26 166
126 27 173
126 28 160
126 29 156
126 30 179
126 31 171
126 32 161
126 33 150
126 34 161
126 35 182
126 36 175
126 37 165
126 38 136
126 39 120
126 40 123
126 41 141
126 42 154
126 43 157
126 44 149
126 45 173
126 46 209
126 47 196
126 48 188
126 49 218
126 50 215
126 51 208
126 52 197
126 53 173
126 54 168
126 55 187
126 56 207
126 57 178
126 58 185
126 59 167
126 60 183
126 61 174
126 62 222
126 63 182
126 64 182
126 65 192
126 66 197
126 67 205
126 68 181
126 69 205
126 70 198
126 71 191
126 72 196
126 73 208
126 74 213
126 75 211
126 76 189
126 77 185
126 78 175
126 79 185
126 80 189
126 81 178
126 82 183
126 83 191
126 84 185
126 85 199
126 86 204
126 87 197
126 88 180
126 89 174
126 90 168
126 91 153
126 92 163
126 93 163
126 94 173
126 95 157
126 96 138
126 97 148
126 98 134
126 99 140
126 100 164
126 101 166
126 102 161
126 103 184
126 104 175
126 105 203
126 106 186
126 107 200
126 108 180
126 109 168
126 110 167
126 111 170
126 112 171
126 113 153
126 114 146
126 115 156
126 116 190
126 117 185
126 118 174
126 119 195
126 120 165
126 121 204
126 122 206
126 123 203
126 124 218
126 125 196
126 126 204
126 127 223

127 0 185
127 1 202
127 2 165
127 3 171
127 4 177
127 5 168
127 6 169
127 7 182
127 8 210
127 9 189
127 10 194
127 11 190
127 12 197
127 13 174
127 14 184
127 15 202
127 16 193
127 17 216
127 18 188
127 19 177
127 20 171
127 21 169
127 22 154
127 23 158
127 24 174
127 25 172
127 26 169
127 27 185
127 28 182
127 29 164
127 30 166
127 31 154
127 32 169
127 33 165
127 34 176
127 35 173
127 36 167
127 37 146
127 38 155
127 39 138
127 40 145
127 41 140
127 42 142
127 43 152
127 44 185
127 45 191
127 46 163
127 47 181
127 48 198
127 49 193
127 50 200
127 51 206
127 52 194
127 53 183
127 54 193
127 55 203
127 56 194
127 57 184
127 58 177
127 59 176
127 60 190
127 61 196
127 62 200
127 63 189
127 64 186
127 65 197
127 66 200
127 67 197
127 68 196
127 69 199
127 70 195
127 71 178
127 72 201
127 73 200
127 74 180
127 75 188
127 76 188
127 77 173
127 78 186
127 79 166
127 80 190
127 81 186
127 82 191
127 83 203
127 84 202
127 85 200
127 86 213
127 87 188
127 88 169
127 89 148
127 90 175
127 91 195
127 92 162
127 93 156
127 94 149
127 95 136
127 96 137
127 97 134
127 98 135
127 99 137
127 100 154
127 101 170
127 102 163
127 103 173
127 104 196
127 105 196
127 106 196
127 107 206
127 108 191
127 109 171
127 110 155
127 111 152
127 112 154
127 113 177
127 114 171
127 115 171
127 116 182
127 117 190
127 118 198
127 119 194
127 120 199
127 121 192
127 122 193
127 123 204
127 124 189
127 125 177
127 126 168
127 127 202

